date,pair,rate
2025-07-18,EURUSD,1.165
2025-07-21,EURUSD,1.1667
2025-07-22,EURUSD,1.1699
2025-07-23,EURUSD,1.1726
2025-07-24,EURUSD,1.1756
2025-07-25,EURUSD,1.1724
2025-07-28,EURUSD,1.1654
2025-07-29,EURUSD,1.1533
2025-07-30,EURUSD,1.1527
2025-07-31,EURUSD,1.1446
2025-08-01,EURUSD,1.1404
2025-08-04,EURUSD,1.1565
2025-08-05,EURUSD,1.1546
2025-08-06,EURUSD,1.1604
2025-08-07,EURUSD,1.1643
2025-08-08,EURUSD,1.1648
2025-08-11,EURUSD,1.1622
2025-08-12,EURUSD,1.1606
2025-08-13,EURUSD,1.1711
2025-08-14,EURUSD,1.169
2025-08-15,EURUSD,1.1688
2025-08-18,EURUSD,1.1673
2025-08-19,EURUSD,1.1682
2025-08-20,EURUSD,1.1651
2025-08-21,EURUSD,1.1639
2025-08-22,EURUSD,1.1608
2025-08-25,EURUSD,1.1697
2025-08-26,EURUSD,1.1656
2025-08-27,EURUSD,1.1593
2025-08-28,EURUSD,1.1676
2025-08-29,EURUSD,1.1658
2025-09-01,EURUSD,1.1715
2025-09-02,EURUSD,1.1646
2025-09-03,EURUSD,1.1653
2025-09-04,EURUSD,1.1647
2025-09-05,EURUSD,1.1697
2025-09-08,EURUSD,1.1728
2025-09-09,EURUSD,1.1744
2025-09-10,EURUSD,1.1707
2025-09-11,EURUSD,1.1685
2025-09-12,EURUSD,1.1718
2025-09-15,EURUSD,1.1766
2025-09-16,EURUSD,1.1807
2025-09-17,EURUSD,1.1837
2025-09-18,EURUSD,1.1818
2025-09-19,EURUSD,1.1736
2025-09-22,EURUSD,1.1781
2025-09-23,EURUSD,1.1793
2025-09-24,EURUSD,1.1756
2025-09-25,EURUSD,1.1739
2025-09-26,EURUSD,1.1672
2025-09-29,EURUSD,1.1723
2025-09-30,EURUSD,1.1741
2025-10-01,EURUSD,1.1724
2025-10-02,EURUSD,1.1754
2025-10-03,EURUSD,1.1734
2025-10-06,EURUSD,1.1678
2025-10-07,EURUSD,1.1666
2025-10-08,EURUSD,1.1627
2025-10-09,EURUSD,1.1611
2025-10-10,EURUSD,1.1568
2025-10-13,EURUSD,1.1569
2025-10-14,EURUSD,1.1553
2025-10-15,EURUSD,1.1622
2025-10-16,EURUSD,1.1649
2025-10-17,EURUSD,1.1681
2025-10-20,EURUSD,1.1655
2025-10-21,EURUSD,1.1607
2025-10-22,EURUSD,1.1587
2025-10-23,EURUSD,1.1593
2025-10-24,EURUSD,1.1612
2025-10-27,EURUSD,1.164
2025-10-28,EURUSD,1.163
2025-10-29,EURUSD,1.1636
2025-10-30,EURUSD,1.155
2025-10-31,EURUSD,1.1554
2025-11-03,EURUSD,1.1514
2025-11-04,EURUSD,1.1491
2025-11-05,EURUSD,1.1492
2025-11-06,EURUSD,1.1533
2025-11-07,EURUSD,1.1561
2025-11-10,EURUSD,1.1571
2025-11-11,EURUSD,1.1575
2025-11-12,EURUSD,1.1576
2025-11-13,EURUSD,1.1619
2025-11-14,EURUSD,1.1648
2025-11-17,EURUSD,1.1593
2025-11-18,EURUSD,1.159
2025-11-19,EURUSD,1.1583
2025-11-20,EURUSD,1.1514
2025-11-21,EURUSD,1.152
2025-11-24,EURUSD,1.1544
2025-11-25,EURUSD,1.1551
2025-11-26,EURUSD,1.1577
2025-11-27,EURUSD,1.1586
2025-11-28,EURUSD,1.1566
2025-12-01,EURUSD,1.1646
2025-12-02,EURUSD,1.1614
2025-12-03,EURUSD,1.1668
2025-12-04,EURUSD,1.1666
2025-12-05,EURUSD,1.1645
2025-12-08,EURUSD,1.1655
2025-12-09,EURUSD,1.1637
2025-12-10,EURUSD,1.1634
2025-12-11,EURUSD,1.1714
2025-12-12,EURUSD,1.1731
2025-12-15,EURUSD,1.1753
2025-12-16,EURUSD,1.1776
2025-12-17,EURUSD,1.1722
2025-12-18,EURUSD,1.1719
2025-12-19,EURUSD,1.1712
2025-12-22,EURUSD,1.1745
2025-12-23,EURUSD,1.1786
2025-12-24,EURUSD,1.1787
2025-12-29,EURUSD,1.1766
2025-12-30,EURUSD,1.1757
2025-12-31,EURUSD,1.175
2026-01-02,EURUSD,1.1721
2026-01-05,EURUSD,1.1664
2026-01-06,EURUSD,1.1707
2026-01-07,EURUSD,1.1684
2026-01-08,EURUSD,1.1675
2026-01-09,EURUSD,1.1642
2026-01-12,EURUSD,1.1692
2026-01-13,EURUSD,1.1654
2026-01-14,EURUSD,1.1651
2026-01-15,EURUSD,1.1624
2026-01-16,EURUSD,1.1617
2026-01-19,EURUSD,1.1631
2026-01-20,EURUSD,1.1728
2026-01-21,EURUSD,1.1739
2026-01-22,EURUSD,1.1706
2026-01-23,EURUSD,1.1742
2026-01-26,EURUSD,1.1836
2026-01-27,EURUSD,1.1929
2026-01-28,EURUSD,1.1974
2026-01-29,EURUSD,1.1968
2026-01-30,EURUSD,1.1919
2026-02-02,EURUSD,1.184
2026-02-03,EURUSD,1.1801
2026-02-04,EURUSD,1.182
2026-02-05,EURUSD,1.1798
2026-02-06,EURUSD,1.1794
2026-02-09,EURUSD,1.1886
2026-02-10,EURUSD,1.1894
2026-02-11,EURUSD,1.19
2026-02-12,EURUSD,1.1874
2026-02-13,EURUSD,1.1862
2026-02-16,EURUSD,1.1855
2026-02-17,EURUSD,1.1826
2026-02-18,EURUSD,1.1845
2026-02-19,EURUSD,1.1753
2026-02-20,EURUSD,1.1767
2026-02-23,EURUSD,1.1784
2026-02-24,EURUSD,1.1777
2026-02-25,EURUSD,1.1784
2026-02-26,EURUSD,1.1814
2026-02-27,EURUSD,1.1805
2026-03-02,EURUSD,1.1698
2026-03-03,EURUSD,1.1606
2026-03-04,EURUSD,1.1649
2026-03-05,EURUSD,1.1618
2026-03-06,EURUSD,1.1561
2026-03-09,EURUSD,1.1555
2026-03-10,EURUSD,1.1641
2026-03-11,EURUSD,1.1581
2026-03-12,EURUSD,1.1547
2026-03-13,EURUSD,1.1476
2026-03-16,EURUSD,1.1478
2026-03-17,EURUSD,1.1531
2026-03-18,EURUSD,1.15
2026-03-19,EURUSD,1.1489
2026-03-20,EURUSD,1.1555
2026-03-23,EURUSD,1.1596
2026-03-24,EURUSD,1.1572
2026-03-25,EURUSD,1.1592
2026-03-26,EURUSD,1.1539
2026-03-27,EURUSD,1.1517
2026-03-30,EURUSD,1.1484
2026-03-31,EURUSD,1.1498
2026-04-01,EURUSD,1.1605
2026-04-02,EURUSD,1.1525
2026-04-07,EURUSD,1.1557
2026-04-08,EURUSD,1.1706
2026-04-09,EURUSD,1.1685
2026-04-10,EURUSD,1.1711
2026-04-13,EURUSD,1.1684
2026-04-14,EURUSD,1.1793
2026-04-15,EURUSD,1.178
2026-04-16,EURUSD,1.1782
2026-04-17,EURUSD,1.1797
2026-04-20,EURUSD,1.176
2026-04-21,EURUSD,1.1767
2026-04-22,EURUSD,1.1733
2026-04-23,EURUSD,1.1694
2026-04-24,EURUSD,1.1712
2026-04-27,EURUSD,1.1749
2026-04-28,EURUSD,1.168
2026-04-29,EURUSD,1.1706
2026-04-30,EURUSD,1.1702
2026-05-04,EURUSD,1.17
2026-05-05,EURUSD,1.1686
2026-05-06,EURUSD,1.1762
2026-05-07,EURUSD,1.177
2026-05-08,EURUSD,1.1761
2026-05-11,EURUSD,1.1765
2026-05-12,EURUSD,1.1738
2026-05-13,EURUSD,1.1715
2026-05-14,EURUSD,1.1702
2026-05-15,EURUSD,1.1628
2026-05-18,EURUSD,1.1648
2026-05-19,EURUSD,1.162
2026-05-20,EURUSD,1.16
2026-05-21,EURUSD,1.1599
2026-05-22,EURUSD,1.1595
2026-05-25,EURUSD,1.1643
2026-05-26,EURUSD,1.1634
2026-05-27,EURUSD,1.1637
2026-05-28,EURUSD,1.1617
2026-05-29,EURUSD,1.1644
2026-06-01,EURUSD,1.1646
2026-06-02,EURUSD,1.1649
2026-06-03,EURUSD,1.1614
2026-06-04,EURUSD,1.164
2026-06-05,EURUSD,1.164
2026-06-08,EURUSD,1.154
2026-06-09,EURUSD,1.1573
2026-06-10,EURUSD,1.1539
2026-06-11,EURUSD,1.1537
2026-06-12,EURUSD,1.1567
2026-06-15,EURUSD,1.1607
2026-06-16,EURUSD,1.1594
2026-06-17,EURUSD,1.1591
2026-06-18,EURUSD,1.1461
2026-06-19,EURUSD,1.1467
2026-06-22,EURUSD,1.1456
2026-06-23,EURUSD,1.1392
2026-06-24,EURUSD,1.134
2026-06-25,EURUSD,1.1342
2026-06-26,EURUSD,1.1401
2026-06-29,EURUSD,1.1406
2026-06-30,EURUSD,1.1394
2026-07-01,EURUSD,1.1383
2026-07-02,EURUSD,1.1399
2026-07-03,EURUSD,1.1448
2026-07-06,EURUSD,1.1415
2026-07-07,EURUSD,1.1433
2026-07-08,EURUSD,1.1404
2026-07-09,EURUSD,1.1435
2026-07-10,EURUSD,1.143
2026-07-13,EURUSD,1.1424
2026-07-14,EURUSD,1.1405
2026-07-15,EURUSD,1.1406
2026-07-16,EURUSD,1.1467
2026-07-17,EURUSD,1.1435
2026-07-20,EURUSD,1.1426
2026-07-21,EURUSD,1.1418
2026-07-22,EURUSD,1.1408
2026-07-23,EURUSD,1.1392
2025-07-18,EURGBP,0.8656
2025-07-21,EURGBP,0.8656
2025-07-22,EURGBP,0.8675
2025-07-23,EURGBP,0.8665
2025-07-24,EURGBP,0.8675
2025-07-25,EURGBP,0.8715
2025-07-28,EURGBP,0.8679
2025-07-29,EURGBP,0.865
2025-07-30,EURGBP,0.8622
2025-07-31,EURGBP,0.8649
2025-08-01,EURGBP,0.8665
2025-08-04,EURGBP,0.8704
2025-08-05,EURGBP,0.8693
2025-08-06,EURGBP,0.8717
2025-08-07,EURGBP,0.8673
2025-08-08,EURGBP,0.8671
2025-08-11,EURGBP,0.8656
2025-08-12,EURGBP,0.8621
2025-08-13,EURGBP,0.8631
2025-08-14,EURGBP,0.861
2025-08-15,EURGBP,0.8622
2025-08-18,EURGBP,0.8621
2025-08-19,EURGBP,0.864
2025-08-20,EURGBP,0.8645
2025-08-21,EURGBP,0.8654
2025-08-22,EURGBP,0.8653
2025-08-25,EURGBP,0.8659
2025-08-26,EURGBP,0.8642
2025-08-27,EURGBP,0.8626
2025-08-28,EURGBP,0.8637
2025-08-29,EURGBP,0.8668
2025-09-01,EURGBP,0.8662
2025-09-02,EURGBP,0.8702
2025-09-03,EURGBP,0.8687
2025-09-04,EURGBP,0.8663
2025-09-05,EURGBP,0.8678
2025-09-08,EURGBP,0.8669
2025-09-09,EURGBP,0.8663
2025-09-10,EURGBP,0.865
2025-09-11,EURGBP,0.8647
2025-09-12,EURGBP,0.8653
2025-09-15,EURGBP,0.8641
2025-09-16,EURGBP,0.8656
2025-09-17,EURGBP,0.8675
2025-09-18,EURGBP,0.868
2025-09-19,EURGBP,0.8708
2025-09-22,EURGBP,0.8729
2025-09-23,EURGBP,0.8729
2025-09-24,EURGBP,0.8731
2025-09-25,EURGBP,0.8748
2025-09-26,EURGBP,0.874
2025-09-29,EURGBP,0.8723
2025-09-30,EURGBP,0.8734
2025-10-01,EURGBP,0.8704
2025-10-02,EURGBP,0.8721
2025-10-03,EURGBP,0.8726
2025-10-06,EURGBP,0.8695
2025-10-07,EURGBP,0.8703
2025-10-08,EURGBP,0.8671
2025-10-09,EURGBP,0.8683
2025-10-10,EURGBP,0.8709
2025-10-13,EURGBP,0.8677
2025-10-14,EURGBP,0.8712
2025-10-15,EURGBP,0.8705
2025-10-16,EURGBP,0.8676
2025-10-17,EURGBP,0.8695
2025-10-20,EURGBP,0.8691
2025-10-21,EURGBP,0.8678
2025-10-22,EURGBP,0.8689
2025-10-23,EURGBP,0.8691
2025-10-24,EURGBP,0.8726
2025-10-27,EURGBP,0.8721
2025-10-28,EURGBP,0.876
2025-10-29,EURGBP,0.8807
2025-10-30,EURGBP,0.8801
2025-10-31,EURGBP,0.8816
2025-11-03,EURGBP,0.8765
2025-11-04,EURGBP,0.8795
2025-11-05,EURGBP,0.881
2025-11-06,EURGBP,0.8807
2025-11-07,EURGBP,0.8811
2025-11-10,EURGBP,0.8778
2025-11-11,EURGBP,0.8804
2025-11-12,EURGBP,0.8823
2025-11-13,EURGBP,0.8819
2025-11-14,EURGBP,0.8846
2025-11-17,EURGBP,0.8795
2025-11-18,EURGBP,0.8821
2025-11-19,EURGBP,0.8827
2025-11-20,EURGBP,0.8815
2025-11-21,EURGBP,0.8803
2025-11-24,EURGBP,0.8804
2025-11-25,EURGBP,0.8788
2025-11-26,EURGBP,0.8776
2025-11-27,EURGBP,0.8754
2025-11-28,EURGBP,0.8752
2025-12-01,EURGBP,0.8778
2025-12-02,EURGBP,0.8796
2025-12-03,EURGBP,0.8766
2025-12-04,EURGBP,0.8745
2025-12-05,EURGBP,0.8727
2025-12-08,EURGBP,0.8746
2025-12-09,EURGBP,0.8735
2025-12-10,EURGBP,0.8741
2025-12-11,EURGBP,0.8751
2025-12-12,EURGBP,0.8767
2025-12-15,EURGBP,0.8779
2025-12-16,EURGBP,0.8764
2025-12-17,EURGBP,0.8785
2025-12-18,EURGBP,0.8746
2025-12-19,EURGBP,0.876
2025-12-22,EURGBP,0.8742
2025-12-23,EURGBP,0.8729
2025-12-24,EURGBP,0.8729
2025-12-29,EURGBP,0.8726
2025-12-30,EURGBP,0.8712
2025-12-31,EURGBP,0.8726
2026-01-02,EURGBP,0.8719
2026-01-05,EURGBP,0.8676
2026-01-06,EURGBP,0.8663
2026-01-07,EURGBP,0.8664
2026-01-08,EURGBP,0.8687
2026-01-09,EURGBP,0.8677
2026-01-12,EURGBP,0.8674
2026-01-13,EURGBP,0.866
2026-01-14,EURGBP,0.8668
2026-01-15,EURGBP,0.8674
2026-01-16,EURGBP,0.867
2026-01-19,EURGBP,0.8671
2026-01-20,EURGBP,0.8722
2026-01-21,EURGBP,0.8744
2026-01-22,EURGBP,0.8722
2026-01-23,EURGBP,0.8681
2026-01-26,EURGBP,0.8675
2026-01-27,EURGBP,0.8683
2026-01-28,EURGBP,0.8685
2026-01-29,EURGBP,0.8662
2026-01-30,EURGBP,0.8662
2026-02-02,EURGBP,0.8658
2026-02-03,EURGBP,0.8623
2026-02-04,EURGBP,0.8616
2026-02-05,EURGBP,0.8691
2026-02-06,EURGBP,0.8679
2026-02-09,EURGBP,0.8701
2026-02-10,EURGBP,0.8695
2026-02-11,EURGBP,0.8699
2026-02-12,EURGBP,0.8711
2026-02-13,EURGBP,0.8716
2026-02-16,EURGBP,0.869
2026-02-17,EURGBP,0.8733
2026-02-18,EURGBP,0.8724
2026-02-19,EURGBP,0.8738
2026-02-20,EURGBP,0.8728
2026-02-23,EURGBP,0.8734
2026-02-24,EURGBP,0.8731
2026-02-25,EURGBP,0.8714
2026-02-26,EURGBP,0.8719
2026-02-27,EURGBP,0.8763
2026-03-02,EURGBP,0.8739
2026-03-03,EURGBP,0.8717
2026-03-04,EURGBP,0.8705
2026-03-05,EURGBP,0.8695
2026-03-06,EURGBP,0.86693
2026-03-09,EURGBP,0.8653
2026-03-10,EURGBP,0.86545
2026-03-11,EURGBP,0.86363
2026-03-12,EURGBP,0.86243
2026-03-13,EURGBP,0.86503
2026-03-16,EURGBP,0.86408
2026-03-17,EURGBP,0.8643
2026-03-18,EURGBP,0.86393
2026-03-19,EURGBP,0.86388
2026-03-20,EURGBP,0.86438
2026-03-23,EURGBP,0.8642
2026-03-24,EURGBP,0.86541
2026-03-25,EURGBP,0.86558
2026-03-26,EURGBP,0.86515
2026-03-27,EURGBP,0.8672
2026-03-30,EURGBP,0.86803
2026-03-31,EURGBP,0.86833
2026-04-01,EURGBP,0.87113
2026-04-02,EURGBP,0.87253
2026-04-07,EURGBP,0.87258
2026-04-08,EURGBP,0.86893
2026-04-09,EURGBP,0.87053
2026-04-10,EURGBP,0.87105
2026-04-13,EURGBP,0.87058
2026-04-14,EURGBP,0.86913
2026-04-15,EURGBP,0.86935
2026-04-16,EURGBP,0.86993
2026-04-17,EURGBP,0.87168
2026-04-20,EURGBP,0.87045
2026-04-21,EURGBP,0.87035
2026-04-22,EURGBP,0.86903
2026-04-23,EURGBP,0.86575
2026-04-24,EURGBP,0.86803
2026-04-27,EURGBP,0.8658
2026-04-28,EURGBP,0.86715
2026-04-29,EURGBP,0.86643
2026-04-30,EURGBP,0.86625
2026-05-04,EURGBP,0.86358
2026-05-05,EURGBP,0.86343
2026-05-06,EURGBP,0.8637
2026-05-07,EURGBP,0.8641
2026-05-08,EURGBP,0.8641
2026-05-11,EURGBP,0.86488
2026-05-12,EURGBP,0.86803
2026-05-13,EURGBP,0.86713
2026-05-14,EURGBP,0.86618
2026-05-15,EURGBP,0.8705
2026-05-18,EURGBP,0.8702
2026-05-19,EURGBP,0.86671
2026-05-20,EURGBP,0.86555
2026-05-21,EURGBP,0.86433
2026-05-22,EURGBP,0.86418
2026-05-25,EURGBP,0.86255
2026-05-26,EURGBP,0.86375
2026-05-27,EURGBP,0.86618
2026-05-28,EURGBP,0.86665
2026-05-29,EURGBP,0.86723
2026-06-01,EURGBP,0.86493
2026-06-02,EURGBP,0.86465
2026-06-03,EURGBP,0.8637
2026-06-04,EURGBP,0.8649
2026-06-05,EURGBP,0.86433
2026-06-08,EURGBP,0.8636
2026-06-09,EURGBP,0.8634
2026-06-10,EURGBP,0.86228
2026-06-11,EURGBP,0.8633
2026-06-12,EURGBP,0.86305
2026-06-15,EURGBP,0.86483
2026-06-16,EURGBP,0.86471
2026-06-17,EURGBP,0.86463
2026-06-18,EURGBP,0.86638
2026-06-19,EURGBP,0.86653
2026-06-22,EURGBP,0.86468
2026-06-23,EURGBP,0.862
2026-06-24,EURGBP,0.86165
2026-06-25,EURGBP,0.86183
2026-06-26,EURGBP,0.86253
2026-06-29,EURGBP,0.86215
2026-06-30,EURGBP,0.86178
2026-07-01,EURGBP,0.85973
2026-07-02,EURGBP,0.85665
2026-07-03,EURGBP,0.8572
2026-07-06,EURGBP,0.85538
2026-07-07,EURGBP,0.85411
2026-07-08,EURGBP,0.85435
2026-07-09,EURGBP,0.85363
2026-07-10,EURGBP,0.85155
2026-07-13,EURGBP,0.8533
2026-07-14,EURGBP,0.85215
2026-07-15,EURGBP,0.85093
2026-07-16,EURGBP,0.84873
2026-07-17,EURGBP,0.85098
2026-07-20,EURGBP,0.84888
2026-07-21,EURGBP,0.85205
2026-07-22,EURGBP,0.8534
2026-07-23,EURGBP,0.85318
2025-07-18,EURJPY,172.94
2025-07-21,EURJPY,172.02
2025-07-22,EURJPY,172.17
2025-07-23,EURJPY,171.53
2025-07-24,EURJPY,172.22
2025-07-25,EURJPY,173.11
2025-07-28,EURJPY,172.65
2025-07-29,EURJPY,171.58
2025-07-30,EURJPY,170.96
2025-07-31,EURJPY,171.52
2025-08-01,EURJPY,171.61
2025-08-04,EURJPY,170.45
2025-08-05,EURJPY,170.42
2025-08-06,EURJPY,171.22
2025-08-07,EURJPY,171.6
2025-08-08,EURJPY,172.18
2025-08-11,EURJPY,171.86
2025-08-12,EURJPY,172.3
2025-08-13,EURJPY,172.47
2025-08-14,EURJPY,171.3
2025-08-15,EURJPY,171.81
2025-08-18,EURJPY,172.27
2025-08-19,EURJPY,172.67
2025-08-20,EURJPY,171.77
2025-08-21,EURJPY,172.09
2025-08-22,EURJPY,172.6
2025-08-25,EURJPY,172.36
2025-08-26,EURJPY,171.77
2025-08-27,EURJPY,171.63
2025-08-28,EURJPY,171.48
2025-08-29,EURJPY,171.72
2025-09-01,EURJPY,172.47
2025-09-02,EURJPY,173.1
2025-09-03,EURJPY,173.17
2025-09-04,EURJPY,172.76
2025-09-05,EURJPY,173.09
2025-09-08,EURJPY,173.39
2025-09-09,EURJPY,172.36
2025-09-10,EURJPY,172.67
2025-09-11,EURJPY,172.88
2025-09-12,EURJPY,173.33
2025-09-15,EURJPY,173.38
2025-09-16,EURJPY,173.55
2025-09-17,EURJPY,173.28
2025-09-18,EURJPY,174.24
2025-09-19,EURJPY,173.79
2025-09-22,EURJPY,174.17
2025-09-23,EURJPY,174.3
2025-09-24,EURJPY,174.51
2025-09-25,EURJPY,174.7
2025-09-26,EURJPY,174.79
2025-09-29,EURJPY,174.38
2025-09-30,EURJPY,173.76
2025-10-01,EURJPY,172.47
2025-10-02,EURJPY,172.53
2025-10-03,EURJPY,172.9
2025-10-06,EURJPY,175.22
2025-10-07,EURJPY,176.05
2025-10-08,EURJPY,177.53
2025-10-09,EURJPY,177.4
2025-10-10,EURJPY,176.46
2025-10-13,EURJPY,175.98
2025-10-14,EURJPY,175.72
2025-10-15,EURJPY,176.13
2025-10-16,EURJPY,176.23
2025-10-17,EURJPY,175.7
2025-10-20,EURJPY,175.71
2025-10-21,EURJPY,176.45
2025-10-22,EURJPY,175.92
2025-10-23,EURJPY,176.94
2025-10-24,EURJPY,177.55
2025-10-27,EURJPY,177.93
2025-10-28,EURJPY,177.11
2025-10-29,EURJPY,177.07
2025-10-30,EURJPY,178.37
2025-10-31,EURJPY,178.14
2025-11-03,EURJPY,177.57
2025-11-04,EURJPY,176.39
2025-11-05,EURJPY,176.67
2025-11-06,EURJPY,177.15
2025-11-07,EURJPY,176.99
2025-11-10,EURJPY,178.31
2025-11-11,EURJPY,178.46
2025-11-12,EURJPY,179.19
2025-11-13,EURJPY,179.57
2025-11-14,EURJPY,179.22
2025-11-17,EURJPY,179.57
2025-11-18,EURJPY,179.94
2025-11-19,EURJPY,180.85
2025-11-20,EURJPY,181.47
2025-11-21,EURJPY,180.56
2025-11-24,EURJPY,181.22
2025-11-25,EURJPY,180.42
2025-11-26,EURJPY,181.09
2025-11-27,EURJPY,181.11
2025-11-28,EURJPY,180.57
2025-12-01,EURJPY,180.28
2025-12-02,EURJPY,181.26
2025-12-03,EURJPY,181.28
2025-12-04,EURJPY,180.55
2025-12-05,EURJPY,180.76
2025-12-08,EURJPY,181.29
2025-12-09,EURJPY,181.96
2025-12-10,EURJPY,182.32
2025-12-11,EURJPY,182.25
2025-12-12,EURJPY,182.99
2025-12-15,EURJPY,182.32
2025-12-16,EURJPY,182.07
2025-12-17,EURJPY,182.38
2025-12-18,EURJPY,182.55
2025-12-19,EURJPY,184.15
2025-12-22,EURJPY,184.77
2025-12-23,EURJPY,183.89
2025-12-24,EURJPY,183.83
2025-12-29,EURJPY,183.97
2025-12-30,EURJPY,183.48
2025-12-31,EURJPY,184.09
2026-01-02,EURJPY,183.94
2026-01-05,EURJPY,182.93
2026-01-06,EURJPY,183.14
2026-01-07,EURJPY,182.91
2026-01-08,EURJPY,182.97
2026-01-09,EURJPY,183.52
2026-01-12,EURJPY,184.42
2026-01-13,EURJPY,185.12
2026-01-14,EURJPY,184.82
2026-01-15,EURJPY,184.31
2026-01-16,EURJPY,183.67
2026-01-19,EURJPY,183.69
2026-01-20,EURJPY,185.18
2026-01-21,EURJPY,185.23
2026-01-22,EURJPY,185.88
2026-01-23,EURJPY,185.71
2026-01-26,EURJPY,182.52
2026-01-27,EURJPY,182.92
2026-01-28,EURJPY,182.76
2026-01-29,EURJPY,183.48
2026-01-30,EURJPY,183.59
2026-02-02,EURJPY,183.59
2026-02-03,EURJPY,183.92
2026-02-04,EURJPY,185.15
2026-02-05,EURJPY,185.11
2026-02-06,EURJPY,185.27
2026-02-09,EURJPY,185.65
2026-02-10,EURJPY,184.51
2026-02-11,EURJPY,182.79
2026-02-12,EURJPY,182.52
2026-02-13,EURJPY,181.83
2026-02-16,EURJPY,181.79
2026-02-17,EURJPY,181.06
2026-02-18,EURJPY,181.99
2026-02-19,EURJPY,182.05
2026-02-20,EURJPY,182.63
2026-02-23,EURJPY,182.44
2026-02-24,EURJPY,183.53
2026-02-25,EURJPY,184.7
2026-02-26,EURJPY,184.37
2026-02-27,EURJPY,184.13
2026-03-02,EURJPY,184.19
2026-03-03,EURJPY,182.98
2026-03-04,EURJPY,183.02
2026-03-05,EURJPY,183.03
2026-03-06,EURJPY,182.57
2026-03-09,EURJPY,183.15
2026-03-10,EURJPY,183.67
2026-03-11,EURJPY,183.63
2026-03-12,EURJPY,183.43
2026-03-13,EURJPY,182.85
2026-03-16,EURJPY,182.66
2026-03-17,EURJPY,183.29
2026-03-18,EURJPY,183.49
2026-03-19,EURJPY,182.46
2026-03-20,EURJPY,183.46
2026-03-23,EURJPY,183.86
2026-03-24,EURJPY,183.91
2026-03-25,EURJPY,184.27
2026-03-26,EURJPY,184.19
2026-03-27,EURJPY,184.16
2026-03-30,EURJPY,183.12
2026-03-31,EURJPY,183.39
2026-04-01,EURJPY,183.73
2026-04-02,EURJPY,183.94
2026-04-07,EURJPY,184.73
2026-04-08,EURJPY,185.13
2026-04-09,EURJPY,185.7
2026-04-10,EURJPY,186.43
2026-04-13,EURJPY,186.75
2026-04-14,EURJPY,187.33
2026-04-15,EURJPY,187.41
2026-04-16,EURJPY,187.31
2026-04-17,EURJPY,187.72
2026-04-20,EURJPY,186.88
2026-04-21,EURJPY,187.14
2026-04-22,EURJPY,186.81
2026-04-23,EURJPY,186.5
2026-04-24,EURJPY,186.71
2026-04-27,EURJPY,187.06
2026-04-28,EURJPY,186.58
2026-04-29,EURJPY,187.05
2026-04-30,EURJPY,183.21
2026-05-04,EURJPY,183.83
2026-05-05,EURJPY,184.42
2026-05-06,EURJPY,183.74
2026-05-07,EURJPY,184.07
2026-05-08,EURJPY,184.37
2026-05-11,EURJPY,184.87
2026-05-12,EURJPY,184.98
2026-05-13,EURJPY,184.83
2026-05-14,EURJPY,184.83
2026-05-15,EURJPY,184.36
2026-05-18,EURJPY,184.93
2026-05-19,EURJPY,184.89
2026-05-20,EURJPY,184.48
2026-05-21,EURJPY,184.59
2026-05-22,EURJPY,184.53
2026-05-25,EURJPY,185.04
2026-05-26,EURJPY,185.22
2026-05-27,EURJPY,185.52
2026-05-28,EURJPY,185.24
2026-05-29,EURJPY,185.45
2026-06-01,EURJPY,185.74
2026-06-02,EURJPY,186.09
2026-06-03,EURJPY,185.66
2026-06-04,EURJPY,186.01
2026-06-05,EURJPY,186.08
2026-06-08,EURJPY,184.6
2026-06-09,EURJPY,185.35
2026-06-10,EURJPY,185.19
2026-06-11,EURJPY,185.21
2026-06-12,EURJPY,185.3
2026-06-15,EURJPY,185.93
2026-06-16,EURJPY,185.94
2026-06-17,EURJPY,185.82
2026-06-18,EURJPY,184.44
2026-06-19,EURJPY,184.88
2026-06-22,EURJPY,185.33
2026-06-23,EURJPY,184.02
2026-06-24,EURJPY,183.35
2026-06-25,EURJPY,183.57
2026-06-26,EURJPY,184.3
2026-06-29,EURJPY,184.62
2026-06-30,EURJPY,185.08
2026-07-01,EURJPY,185.21
2026-07-02,EURJPY,184.19
2026-07-03,EURJPY,184.48
2026-07-06,EURJPY,185.31
2026-07-07,EURJPY,185.09
2026-07-08,EURJPY,185.3
2026-07-09,EURJPY,185.72
2026-07-10,EURJPY,185.02
2026-07-13,EURJPY,185.23
2026-07-14,EURJPY,185.01
2026-07-15,EURJPY,185.22
2026-07-16,EURJPY,185.99
2026-07-17,EURJPY,185.65
2026-07-20,EURJPY,185.54
2026-07-21,EURJPY,185.82
2026-07-22,EURJPY,186.03
2026-07-23,EURJPY,186.23
2025-07-18,EURCHF,0.9324
2025-07-21,EURCHF,0.9325
2025-07-22,EURCHF,0.9326
2025-07-23,EURCHF,0.9306
2025-07-24,EURCHF,0.9341
2025-07-25,EURCHF,0.9343
2025-07-28,EURCHF,0.9334
2025-07-29,EURCHF,0.9305
2025-07-30,EURCHF,0.9301
2025-07-31,EURCHF,0.9297
2025-08-01,EURCHF,0.9312
2025-08-04,EURCHF,0.9344
2025-08-05,EURCHF,0.9347
2025-08-06,EURCHF,0.9369
2025-08-07,EURCHF,0.9413
2025-08-08,EURCHF,0.941
2025-08-11,EURCHF,0.943
2025-08-12,EURCHF,0.9418
2025-08-13,EURCHF,0.9409
2025-08-14,EURCHF,0.9415
2025-08-15,EURCHF,0.9418
2025-08-18,EURCHF,0.9423
2025-08-19,EURCHF,0.9409
2025-08-20,EURCHF,0.9403
2025-08-21,EURCHF,0.9389
2025-08-22,EURCHF,0.9383
2025-08-25,EURCHF,0.9385
2025-08-26,EURCHF,0.9376
2025-08-27,EURCHF,0.935
2025-08-28,EURCHF,0.9353
2025-08-29,EURCHF,0.9364
2025-09-01,EURCHF,0.9383
2025-09-02,EURCHF,0.9366
2025-09-03,EURCHF,0.9374
2025-09-04,EURCHF,0.9383
2025-09-05,EURCHF,0.939
2025-09-08,EURCHF,0.9328
2025-09-09,EURCHF,0.9331
2025-09-10,EURCHF,0.9338
2025-09-11,EURCHF,0.9346
2025-09-12,EURCHF,0.9347
2025-09-15,EURCHF,0.9353
2025-09-16,EURCHF,0.9336
2025-09-17,EURCHF,0.9317
2025-09-18,EURCHF,0.9331
2025-09-19,EURCHF,0.9344
2025-09-22,EURCHF,0.9348
2025-09-23,EURCHF,0.9344
2025-09-24,EURCHF,0.9335
2025-09-25,EURCHF,0.9344
2025-09-26,EURCHF,0.9332
2025-09-29,EURCHF,0.9357
2025-09-30,EURCHF,0.9364
2025-10-01,EURCHF,0.9365
2025-10-02,EURCHF,0.935
2025-10-03,EURCHF,0.9343
2025-10-06,EURCHF,0.9314
2025-10-07,EURCHF,0.9314
2025-10-08,EURCHF,0.9305
2025-10-09,EURCHF,0.9309
2025-10-10,EURCHF,0.9324
2025-10-13,EURCHF,0.9304
2025-10-14,EURCHF,0.9296
2025-10-15,EURCHF,0.9305
2025-10-16,EURCHF,0.9302
2025-10-17,EURCHF,0.9257
2025-10-20,EURCHF,0.9239
2025-10-21,EURCHF,0.923
2025-10-22,EURCHF,0.9228
2025-10-23,EURCHF,0.9249
2025-10-24,EURCHF,0.9248
2025-10-27,EURCHF,0.9264
2025-10-28,EURCHF,0.9262
2025-10-29,EURCHF,0.9278
2025-10-30,EURCHF,0.9281
2025-10-31,EURCHF,0.9287
2025-11-03,EURCHF,0.9298
2025-11-04,EURCHF,0.9295
2025-11-05,EURCHF,0.9307
2025-11-06,EURCHF,0.9316
2025-11-07,EURCHF,0.9312
2025-11-10,EURCHF,0.9318
2025-11-11,EURCHF,0.9278
2025-11-12,EURCHF,0.925
2025-11-13,EURCHF,0.9244
2025-11-14,EURCHF,0.9185
2025-11-17,EURCHF,0.9225
2025-11-18,EURCHF,0.9233
2025-11-19,EURCHF,0.9284
2025-11-20,EURCHF,0.9294
2025-11-21,EURCHF,0.9289
2025-11-24,EURCHF,0.9324
2025-11-25,EURCHF,0.9345
2025-11-26,EURCHF,0.9341
2025-11-27,EURCHF,0.9337
2025-11-28,EURCHF,0.9318
2025-12-01,EURCHF,0.9323
2025-12-02,EURCHF,0.9346
2025-12-03,EURCHF,0.9336
2025-12-04,EURCHF,0.934
2025-12-05,EURCHF,0.9365
2025-12-08,EURCHF,0.9388
2025-12-09,EURCHF,0.9385
2025-12-10,EURCHF,0.9356
2025-12-11,EURCHF,0.9333
2025-12-12,EURCHF,0.9333
2025-12-15,EURCHF,0.9355
2025-12-16,EURCHF,0.9351
2025-12-17,EURCHF,0.9332
2025-12-18,EURCHF,0.9316
2025-12-19,EURCHF,0.9318
2025-12-22,EURCHF,0.9316
2025-12-23,EURCHF,0.9287
2025-12-24,EURCHF,0.9284
2025-12-29,EURCHF,0.9293
2025-12-30,EURCHF,0.9293
2025-12-31,EURCHF,0.9314
2026-01-02,EURCHF,0.9296
2026-01-05,EURCHF,0.9289
2026-01-06,EURCHF,0.9287
2026-01-07,EURCHF,0.9304
2026-01-08,EURCHF,0.9312
2026-01-09,EURCHF,0.9314
2026-01-12,EURCHF,0.9313
2026-01-13,EURCHF,0.9311
2026-01-14,EURCHF,0.9333
2026-01-15,EURCHF,0.9314
2026-01-16,EURCHF,0.9313
2026-01-19,EURCHF,0.9282
2026-01-20,EURCHF,0.9268
2026-01-21,EURCHF,0.9268
2026-01-22,EURCHF,0.9283
2026-01-23,EURCHF,0.9277
2026-01-26,EURCHF,0.9223
2026-01-27,EURCHF,0.9197
2026-01-28,EURCHF,0.9188
2026-01-29,EURCHF,0.9182
2026-01-30,EURCHF,0.9157
2026-02-02,EURCHF,0.9199
2026-02-03,EURCHF,0.9173
2026-02-04,EURCHF,0.9168
2026-02-05,EURCHF,0.9161
2026-02-06,EURCHF,0.9175
2026-02-09,EURCHF,0.915
2026-02-10,EURCHF,0.9123
2026-02-11,EURCHF,0.9136
2026-02-12,EURCHF,0.9142
2026-02-13,EURCHF,0.9121
2026-02-16,EURCHF,0.9129
2026-02-17,EURCHF,0.9116
2026-02-18,EURCHF,0.9124
2026-02-19,EURCHF,0.9119
2026-02-20,EURCHF,0.9132
2026-02-23,EURCHF,0.9145
2026-02-24,EURCHF,0.912
2026-02-25,EURCHF,0.913
2026-02-26,EURCHF,0.914
2026-02-27,EURCHF,0.9104
2026-03-02,EURCHF,0.9117
2026-03-03,EURCHF,0.9107
2026-03-04,EURCHF,0.9082
2026-03-05,EURCHF,0.9064
2026-03-06,EURCHF,0.9045
2026-03-09,EURCHF,0.9008
2026-03-10,EURCHF,0.9027
2026-03-11,EURCHF,0.9031
2026-03-12,EURCHF,0.9028
2026-03-13,EURCHF,0.9034
2026-03-16,EURCHF,0.9041
2026-03-17,EURCHF,0.9068
2026-03-18,EURCHF,0.9073
2026-03-19,EURCHF,0.9121
2026-03-20,EURCHF,0.9096
2026-03-23,EURCHF,0.9124
2026-03-24,EURCHF,0.9145
2026-03-25,EURCHF,0.9153
2026-03-26,EURCHF,0.9151
2026-03-27,EURCHF,0.9178
2026-03-30,EURCHF,0.9187
2026-03-31,EURCHF,0.9194
2026-04-01,EURCHF,0.9191
2026-04-02,EURCHF,0.9213
2026-04-07,EURCHF,0.9242
2026-04-08,EURCHF,0.9223
2026-04-09,EURCHF,0.924
2026-04-10,EURCHF,0.9241
2026-04-13,EURCHF,0.9242
2026-04-14,EURCHF,0.921
2026-04-15,EURCHF,0.922
2026-04-16,EURCHF,0.923
2026-04-17,EURCHF,0.9231
2026-04-20,EURCHF,0.9189
2026-04-21,EURCHF,0.9172
2026-04-22,EURCHF,0.9175
2026-04-23,EURCHF,0.9177
2026-04-24,EURCHF,0.9199
2026-04-27,EURCHF,0.921
2026-04-28,EURCHF,0.9238
2026-04-29,EURCHF,0.9236
2026-04-30,EURCHF,0.919
2026-05-04,EURCHF,0.9173
2026-05-05,EURCHF,0.9165
2026-05-06,EURCHF,0.9165
2026-05-07,EURCHF,0.9157
2026-05-08,EURCHF,0.9156
2026-05-11,EURCHF,0.9163
2026-05-12,EURCHF,0.9172
2026-05-13,EURCHF,0.9155
2026-05-14,EURCHF,0.915
2026-05-15,EURCHF,0.9144
2026-05-18,EURCHF,0.9144
2026-05-19,EURCHF,0.915
2026-05-20,EURCHF,0.9165
2026-05-21,EURCHF,0.9145
2026-05-22,EURCHF,0.9119
2026-05-25,EURCHF,0.9099
2026-05-26,EURCHF,0.9136
2026-05-27,EURCHF,0.9153
2026-05-28,EURCHF,0.9167
2026-05-29,EURCHF,0.9111
2026-06-01,EURCHF,0.9128
2026-06-02,EURCHF,0.9149
2026-06-03,EURCHF,0.9167
2026-06-04,EURCHF,0.9168
2026-06-05,EURCHF,0.9175
2026-06-08,EURCHF,0.9187
2026-06-09,EURCHF,0.9206
2026-06-10,EURCHF,0.9222
2026-06-11,EURCHF,0.9221
2026-06-12,EURCHF,0.9217
2026-06-15,EURCHF,0.9212
2026-06-16,EURCHF,0.9224
2026-06-17,EURCHF,0.9193
2026-06-18,EURCHF,0.9218
2026-06-19,EURCHF,0.9248
2026-06-22,EURCHF,0.9257
2026-06-23,EURCHF,0.9225
2026-06-24,EURCHF,0.9216
2026-06-25,EURCHF,0.9223
2026-06-26,EURCHF,0.9218
2026-06-29,EURCHF,0.9222
2026-06-30,EURCHF,0.9224
2026-07-01,EURCHF,0.9234
2026-07-02,EURCHF,0.92
2026-07-03,EURCHF,0.919
2026-07-06,EURCHF,0.9201
2026-07-07,EURCHF,0.9218
2026-07-08,EURCHF,0.9222
2026-07-09,EURCHF,0.9227
2026-07-10,EURCHF,0.9223
2026-07-13,EURCHF,0.9253
2026-07-14,EURCHF,0.9257
2026-07-15,EURCHF,0.9256
2026-07-16,EURCHF,0.925
2026-07-17,EURCHF,0.9228
2026-07-20,EURCHF,0.9236
2026-07-21,EURCHF,0.9259
2026-07-22,EURCHF,0.9268
2026-07-23,EURCHF,0.9295
2025-07-18,EURAUD,1.7852
2025-07-21,EURAUD,1.7883
2025-07-22,EURAUD,1.7944
2025-07-23,EURAUD,1.7776
2025-07-24,EURAUD,1.7771
2025-07-25,EURAUD,1.7852
2025-07-28,EURAUD,1.7853
2025-07-29,EURAUD,1.7753
2025-07-30,EURAUD,1.7775
2025-07-31,EURAUD,1.7762
2025-08-01,EURAUD,1.7756
2025-08-04,EURAUD,1.7846
2025-08-05,EURAUD,1.786
2025-08-06,EURAUD,1.7844
2025-08-07,EURAUD,1.7852
2025-08-08,EURAUD,1.7857
2025-08-11,EURAUD,1.7858
2025-08-12,EURAUD,1.7887
2025-08-13,EURAUD,1.7872
2025-08-14,EURAUD,1.7918
2025-08-15,EURAUD,1.7947
2025-08-18,EURAUD,1.7931
2025-08-19,EURAUD,1.7994
2025-08-20,EURAUD,1.8094
2025-08-21,EURAUD,1.8118
2025-08-22,EURAUD,1.8068
2025-08-25,EURAUD,1.8005
2025-08-26,EURAUD,1.7956
2025-08-27,EURAUD,1.7916
2025-08-28,EURAUD,1.788
2025-08-29,EURAUD,1.7865
2025-09-01,EURAUD,1.7885
2025-09-02,EURAUD,1.7897
2025-09-03,EURAUD,1.7823
2025-09-04,EURAUD,1.787
2025-09-05,EURAUD,1.787
2025-09-08,EURAUD,1.7799
2025-09-09,EURAUD,1.7771
2025-09-10,EURAUD,1.772
2025-09-11,EURAUD,1.7697
2025-09-12,EURAUD,1.7646
2025-09-15,EURAUD,1.7659
2025-09-16,EURAUD,1.7698
2025-09-17,EURAUD,1.7728
2025-09-18,EURAUD,1.7781
2025-09-19,EURAUD,1.7802
2025-09-22,EURAUD,1.7865
2025-09-23,EURAUD,1.7854
2025-09-24,EURAUD,1.7791
2025-09-25,EURAUD,1.7832
2025-09-26,EURAUD,1.7881
2025-09-29,EURAUD,1.7859
2025-09-30,EURAUD,1.776
2025-10-01,EURAUD,1.7741
2025-10-02,EURAUD,1.7786
2025-10-03,EURAUD,1.7771
2025-10-06,EURAUD,1.7698
2025-10-07,EURAUD,1.7708
2025-10-08,EURAUD,1.7689
2025-10-09,EURAUD,1.76
2025-10-10,EURAUD,1.765
2025-10-13,EURAUD,1.7775
2025-10-14,EURAUD,1.7906
2025-10-15,EURAUD,1.7839
2025-10-16,EURAUD,1.7926
2025-10-17,EURAUD,1.7995
2025-10-20,EURAUD,1.7965
2025-10-21,EURAUD,1.7885
2025-10-22,EURAUD,1.7864
2025-10-23,EURAUD,1.7825
2025-10-24,EURAUD,1.7862
2025-10-27,EURAUD,1.7747
2025-10-28,EURAUD,1.7745
2025-10-29,EURAUD,1.7631
2025-10-30,EURAUD,1.7672
2025-10-31,EURAUD,1.7672
2025-11-03,EURAUD,1.7597
2025-11-04,EURAUD,1.7691
2025-11-05,EURAUD,1.7724
2025-11-06,EURAUD,1.7697
2025-11-07,EURAUD,1.7838
2025-11-10,EURAUD,1.771
2025-11-11,EURAUD,1.7738
2025-11-12,EURAUD,1.7696
2025-11-13,EURAUD,1.7722
2025-11-14,EURAUD,1.7847
2025-11-17,EURAUD,1.7798
2025-11-18,EURAUD,1.783
2025-11-19,EURAUD,1.7853
2025-11-20,EURAUD,1.7773
2025-11-21,EURAUD,1.7873
2025-11-24,EURAUD,1.7878
2025-11-25,EURAUD,1.7877
2025-11-26,EURAUD,1.7818
2025-11-27,EURAUD,1.7753
2025-11-28,EURAUD,1.7721
2025-12-01,EURAUD,1.774
2025-12-02,EURAUD,1.7723
2025-12-03,EURAUD,1.77
2025-12-04,EURAUD,1.7657
2025-12-05,EURAUD,1.7546
2025-12-08,EURAUD,1.7549
2025-12-09,EURAUD,1.7532
2025-12-10,EURAUD,1.7513
2025-12-11,EURAUD,1.7601
2025-12-12,EURAUD,1.7594
2025-12-15,EURAUD,1.7669
2025-12-16,EURAUD,1.7737
2025-12-17,EURAUD,1.7704
2025-12-18,EURAUD,1.7734
2025-12-19,EURAUD,1.7739
2025-12-22,EURAUD,1.7667
2025-12-23,EURAUD,1.7607
2025-12-24,EURAUD,1.7587
2025-12-29,EURAUD,1.7583
2025-12-30,EURAUD,1.7543
2025-12-31,EURAUD,1.7581
2026-01-02,EURAUD,1.7508
2026-01-05,EURAUD,1.7492
2026-01-06,EURAUD,1.7422
2026-01-07,EURAUD,1.7367
2026-01-08,EURAUD,1.7433
2026-01-09,EURAUD,1.7441
2026-01-12,EURAUD,1.7409
2026-01-13,EURAUD,1.7394
2026-01-14,EURAUD,1.745
2026-01-15,EURAUD,1.7382
2026-01-16,EURAUD,1.7344
2026-01-19,EURAUD,1.7342
2026-01-20,EURAUD,1.742
2026-01-21,EURAUD,1.734
2026-01-22,EURAUD,1.7197
2026-01-23,EURAUD,1.7104
2026-01-26,EURAUD,1.7133
2026-01-27,EURAUD,1.7167
2026-01-28,EURAUD,1.7107
2026-01-29,EURAUD,1.6935
2026-01-30,EURAUD,1.7001
2026-02-02,EURAUD,1.7042
2026-02-03,EURAUD,1.683
2026-02-04,EURAUD,1.6814
2026-02-05,EURAUD,1.6922
2026-02-06,EURAUD,1.688
2026-02-09,EURAUD,1.6843
2026-02-10,EURAUD,1.683
2026-02-11,EURAUD,1.6737
2026-02-12,EURAUD,1.6678
2026-02-13,EURAUD,1.6824
2026-02-16,EURAUD,1.6731
2026-02-17,EURAUD,1.6776
2026-02-18,EURAUD,1.6748
2026-02-19,EURAUD,1.6698
2026-02-20,EURAUD,1.6697
2026-02-23,EURAUD,1.6669
2026-02-24,EURAUD,1.6718
2026-02-25,EURAUD,1.6617
2026-02-26,EURAUD,1.6592
2026-02-27,EURAUD,1.6612
2026-03-02,EURAUD,1.6579
2026-03-03,EURAUD,1.6534
2026-03-04,EURAUD,1.6503
2026-03-05,EURAUD,1.649
2026-03-06,EURAUD,1.6501
2026-03-09,EURAUD,1.6465
2026-03-10,EURAUD,1.6355
2026-03-11,EURAUD,1.6195
2026-03-12,EURAUD,1.619
2026-03-13,EURAUD,1.6293
2026-03-16,EURAUD,1.6272
2026-03-17,EURAUD,1.6227
2026-03-18,EURAUD,1.6305
2026-03-19,EURAUD,1.6403
2026-03-20,EURAUD,1.6351
2026-03-23,EURAUD,1.6519
2026-03-24,EURAUD,1.6652
2026-03-25,EURAUD,1.6647
2026-03-26,EURAUD,1.6693
2026-03-27,EURAUD,1.6731
2026-03-30,EURAUD,1.674
2026-03-31,EURAUD,1.6693
2026-04-01,EURAUD,1.6689
2026-04-02,EURAUD,1.6771
2026-04-07,EURAUD,1.6665
2026-04-08,EURAUD,1.6589
2026-04-09,EURAUD,1.6593
2026-04-10,EURAUD,1.6561
2026-04-13,EURAUD,1.661
2026-04-14,EURAUD,1.6558
2026-04-15,EURAUD,1.6507
2026-04-16,EURAUD,1.6425
2026-04-17,EURAUD,1.6438
2026-04-20,EURAUD,1.6432
2026-04-21,EURAUD,1.6423
2026-04-22,EURAUD,1.6404
2026-04-23,EURAUD,1.6347
2026-04-24,EURAUD,1.6393
2026-04-27,EURAUD,1.6337
2026-04-28,EURAUD,1.6327
2026-04-29,EURAUD,1.6344
2026-04-30,EURAUD,1.6371
2026-05-04,EURAUD,1.6289
2026-05-05,EURAUD,1.6299
2026-05-06,EURAUD,1.6238
2026-05-07,EURAUD,1.6219
2026-05-08,EURAUD,1.6259
2026-05-11,EURAUD,1.6249
2026-05-12,EURAUD,1.6252
2026-05-13,EURAUD,1.6158
2026-05-14,EURAUD,1.6162
2026-05-15,EURAUD,1.6265
2026-05-18,EURAUD,1.6256
2026-05-19,EURAUD,1.6327
2026-05-20,EURAUD,1.6271
2026-05-21,EURAUD,1.6273
2026-05-22,EURAUD,1.6283
2026-05-25,EURAUD,1.624
2026-05-26,EURAUD,1.6236
2026-05-27,EURAUD,1.6321
2026-05-28,EURAUD,1.6318
2026-05-29,EURAUD,1.6238
2026-06-01,EURAUD,1.6234
2026-06-02,EURAUD,1.6221
2026-06-03,EURAUD,1.6218
2026-06-04,EURAUD,1.6297
2026-06-05,EURAUD,1.6301
2026-06-08,EURAUD,1.6311
2026-06-09,EURAUD,1.6391
2026-06-10,EURAUD,1.6475
2026-06-11,EURAUD,1.6487
2026-06-12,EURAUD,1.6442
2026-06-15,EURAUD,1.6424
2026-06-16,EURAUD,1.6411
2026-06-17,EURAUD,1.6418
2026-06-18,EURAUD,1.6362
2026-06-19,EURAUD,1.6348
2026-06-22,EURAUD,1.6346
2026-06-23,EURAUD,1.6423
2026-06-24,EURAUD,1.6436
2026-06-25,EURAUD,1.6454
2026-06-26,EURAUD,1.6518
2026-06-29,EURAUD,1.6531
2026-06-30,EURAUD,1.6544
2026-07-01,EURAUD,1.6518
2026-07-02,EURAUD,1.6546
2026-07-03,EURAUD,1.65
2026-07-06,EURAUD,1.6462
2026-07-07,EURAUD,1.6455
2026-07-08,EURAUD,1.6471
2026-07-09,EURAUD,1.6478
2026-07-10,EURAUD,1.6447
2026-07-13,EURAUD,1.6454
2026-07-14,EURAUD,1.6428
2026-07-15,EURAUD,1.6335
2026-07-16,EURAUD,1.6362
2026-07-17,EURAUD,1.6394
2026-07-20,EURAUD,1.6307
2026-07-21,EURAUD,1.6276
2026-07-22,EURAUD,1.6312
2026-07-23,EURAUD,1.6291
2025-07-18,EURCAD,1.5984
2025-07-21,EURCAD,1.599
2025-07-22,EURCAD,1.5993
2025-07-23,EURCAD,1.5928
2025-07-24,EURCAD,1.6009
2025-07-25,EURCAD,1.6035
2025-07-28,EURCAD,1.5992
2025-07-29,EURCAD,1.5887
2025-07-30,EURCAD,1.59
2025-07-31,EURCAD,1.5838
2025-08-01,EURCAD,1.5822
2025-08-04,EURCAD,1.5934
2025-08-05,EURCAD,1.5928
2025-08-06,EURCAD,1.5967
2025-08-07,EURCAD,1.6001
2025-08-08,EURCAD,1.6003
2025-08-11,EURCAD,1.602
2025-08-12,EURCAD,1.6015
2025-08-13,EURCAD,1.6114
2025-08-14,EURCAD,1.6113
2025-08-15,EURCAD,1.612
2025-08-18,EURCAD,1.6098
2025-08-19,EURCAD,1.6133
2025-08-20,EURCAD,1.6156
2025-08-21,EURCAD,1.6164
2025-08-22,EURCAD,1.6151
2025-08-25,EURCAD,1.6171
2025-08-26,EURCAD,1.6137
2025-08-27,EURCAD,1.6056
2025-08-28,EURCAD,1.6062
2025-08-29,EURCAD,1.6031
2025-09-01,EURCAD,1.6105
2025-09-02,EURCAD,1.6056
2025-09-03,EURCAD,1.6079
2025-09-04,EURCAD,1.6094
2025-09-05,EURCAD,1.6138
2025-09-08,EURCAD,1.619
2025-09-09,EURCAD,1.622
2025-09-10,EURCAD,1.6224
2025-09-11,EURCAD,1.6222
2025-09-12,EURCAD,1.6227
2025-09-15,EURCAD,1.6262
2025-09-16,EURCAD,1.6233
2025-09-17,EURCAD,1.6281
2025-09-18,EURCAD,1.6288
2025-09-19,EURCAD,1.6214
2025-09-22,EURCAD,1.6272
2025-09-23,EURCAD,1.6307
2025-09-24,EURCAD,1.6302
2025-09-25,EURCAD,1.631
2025-09-26,EURCAD,1.628
2025-09-29,EURCAD,1.6333
2025-09-30,EURCAD,1.6346
2025-10-01,EURCAD,1.6337
2025-10-02,EURCAD,1.6387
2025-10-03,EURCAD,1.6387
2025-10-06,EURCAD,1.6304
2025-10-07,EURCAD,1.628
2025-10-08,EURCAD,1.621
2025-10-09,EURCAD,1.6198
2025-10-10,EURCAD,1.6218
2025-10-13,EURCAD,1.6207
2025-10-14,EURCAD,1.6249
2025-10-15,EURCAD,1.6323
2025-10-16,EURCAD,1.637
2025-10-17,EURCAD,1.6393
2025-10-20,EURCAD,1.6368
2025-10-21,EURCAD,1.6301
2025-10-22,EURCAD,1.6254
2025-10-23,EURCAD,1.6221
2025-10-24,EURCAD,1.6286
2025-10-27,EURCAD,1.6276
2025-10-28,EURCAD,1.6284
2025-10-29,EURCAD,1.6207
2025-10-30,EURCAD,1.6179
2025-10-31,EURCAD,1.6207
2025-11-03,EURCAD,1.617
2025-11-04,EURCAD,1.6178
2025-11-05,EURCAD,1.6238
2025-11-06,EURCAD,1.6252
2025-11-07,EURCAD,1.6311
2025-11-10,EURCAD,1.6213
2025-11-11,EURCAD,1.6234
2025-11-12,EURCAD,1.6216
2025-11-13,EURCAD,1.6272
2025-11-14,EURCAD,1.6331
2025-11-17,EURCAD,1.627
2025-11-18,EURCAD,1.6257
2025-11-19,EURCAD,1.623
2025-11-20,EURCAD,1.6194
2025-11-21,EURCAD,1.6226
2025-11-24,EURCAD,1.6279
2025-11-25,EURCAD,1.6301
2025-11-26,EURCAD,1.6309
2025-11-27,EURCAD,1.6273
2025-11-28,EURCAD,1.621
2025-12-01,EURCAD,1.6259
2025-12-02,EURCAD,1.6264
2025-12-03,EURCAD,1.627
2025-12-04,EURCAD,1.6299
2025-12-05,EURCAD,1.623
2025-12-08,EURCAD,1.609
2025-12-09,EURCAD,1.6114
2025-12-10,EURCAD,1.6108
2025-12-11,EURCAD,1.6164
2025-12-12,EURCAD,1.6139
2025-12-15,EURCAD,1.6169
2025-12-16,EURCAD,1.6206
2025-12-17,EURCAD,1.6165
2025-12-18,EURCAD,1.6161
2025-12-19,EURCAD,1.6155
2025-12-22,EURCAD,1.6168
2025-12-23,EURCAD,1.6148
2025-12-24,EURCAD,1.6128
2025-12-29,EURCAD,1.6106
2025-12-30,EURCAD,1.6104
2025-12-31,EURCAD,1.6088
2026-01-02,EURCAD,1.6097
2026-01-05,EURCAD,1.6087
2026-01-06,EURCAD,1.6129
2026-01-07,EURCAD,1.6135
2026-01-08,EURCAD,1.6183
2026-01-09,EURCAD,1.6163
2026-01-12,EURCAD,1.6219
2026-01-13,EURCAD,1.6172
2026-01-14,EURCAD,1.6169
2026-01-15,EURCAD,1.6162
2026-01-16,EURCAD,1.6135
2026-01-19,EURCAD,1.6149
2026-01-20,EURCAD,1.6215
2026-01-21,EURCAD,1.6192
2026-01-22,EURCAD,1.6171
2026-01-23,EURCAD,1.6161
2026-01-26,EURCAD,1.623
2026-01-27,EURCAD,1.6316
2026-01-28,EURCAD,1.6242
2026-01-29,EURCAD,1.6186
2026-01-30,EURCAD,1.612
2026-02-02,EURCAD,1.6157
2026-02-03,EURCAD,1.6116
2026-02-04,EURCAD,1.6138
2026-02-05,EURCAD,1.6144
2026-02-06,EURCAD,1.6118
2026-02-09,EURCAD,1.6174
2026-02-10,EURCAD,1.6141
2026-02-11,EURCAD,1.6138
2026-02-12,EURCAD,1.6128
2026-02-13,EURCAD,1.6161
2026-02-16,EURCAD,1.6155
2026-02-17,EURCAD,1.6149
2026-02-18,EURCAD,1.6164
2026-02-19,EURCAD,1.6107
2026-02-20,EURCAD,1.6112
2026-02-23,EURCAD,1.6132
2026-02-24,EURCAD,1.6148
2026-02-25,EURCAD,1.6133
2026-02-26,EURCAD,1.6155
2026-02-27,EURCAD,1.6139
2026-03-02,EURCAD,1.5991
2026-03-03,EURCAD,1.5883
2026-03-04,EURCAD,1.591
2026-03-05,EURCAD,1.5828
2026-03-06,EURCAD,1.5782
2026-03-09,EURCAD,1.568
2026-03-10,EURCAD,1.5777
2026-03-11,EURCAD,1.5742
2026-03-12,EURCAD,1.5706
2026-03-13,EURCAD,1.5726
2026-03-16,EURCAD,1.5703
2026-03-17,EURCAD,1.5804
2026-03-18,EURCAD,1.5774
2026-03-19,EURCAD,1.577
2026-03-20,EURCAD,1.5849
2026-03-23,EURCAD,1.5896
2026-03-24,EURCAD,1.591
2026-03-25,EURCAD,1.5977
2026-03-26,EURCAD,1.5964
2026-03-27,EURCAD,1.5974
2026-03-30,EURCAD,1.5987
2026-03-31,EURCAD,1.6022
2026-04-01,EURCAD,1.6124
2026-04-02,EURCAD,1.603
2026-04-07,EURCAD,1.6078
2026-04-08,EURCAD,1.6225
2026-04-09,EURCAD,1.6175
2026-04-10,EURCAD,1.6187
2026-04-13,EURCAD,1.6177
2026-04-14,EURCAD,1.6225
2026-04-15,EURCAD,1.6235
2026-04-16,EURCAD,1.6174
2026-04-17,EURCAD,1.6129
2026-04-20,EURCAD,1.6105
2026-04-21,EURCAD,1.607
2026-04-22,EURCAD,1.6034
2026-04-23,EURCAD,1.5986
2026-04-24,EURCAD,1.6023
2026-04-27,EURCAD,1.5979
2026-04-28,EURCAD,1.5974
2026-04-29,EURCAD,1.6007
2026-04-30,EURCAD,1.5994
2026-05-04,EURCAD,1.593
2026-05-05,EURCAD,1.591
2026-05-06,EURCAD,1.5999
2026-05-07,EURCAD,1.604
2026-05-08,EURCAD,1.6063
2026-05-11,EURCAD,1.6079
2026-05-12,EURCAD,1.6088
2026-05-13,EURCAD,1.6039
2026-05-14,EURCAD,1.606
2026-05-15,EURCAD,1.5995
2026-05-18,EURCAD,1.6006
2026-05-19,EURCAD,1.5985
2026-05-20,EURCAD,1.5959
2026-05-21,EURCAD,1.5972
2026-05-22,EURCAD,1.6002
2026-05-25,EURCAD,1.6082
2026-05-26,EURCAD,1.6069
2026-05-27,EURCAD,1.6099
2026-05-28,EURCAD,1.6094
2026-05-29,EURCAD,1.6074
2026-06-01,EURCAD,1.6106
2026-06-02,EURCAD,1.6119
2026-06-03,EURCAD,1.6094
2026-06-04,EURCAD,1.6176
2026-06-05,EURCAD,1.6159
2026-06-08,EURCAD,1.6083
2026-06-09,EURCAD,1.6111
2026-06-10,EURCAD,1.6073
2026-06-11,EURCAD,1.6127
2026-06-12,EURCAD,1.618
2026-06-15,EURCAD,1.6228
2026-06-16,EURCAD,1.6248
2026-06-17,EURCAD,1.6241
2026-06-18,EURCAD,1.6189
2026-06-19,EURCAD,1.6228
2026-06-22,EURCAD,1.6223
2026-06-23,EURCAD,1.6162
2026-06-24,EURCAD,1.614
2026-06-25,EURCAD,1.6151
2026-06-26,EURCAD,1.6169
2026-06-29,EURCAD,1.6201
2026-06-30,EURCAD,1.622
2026-07-01,EURCAD,1.6191
2026-07-02,EURCAD,1.6203
2026-07-03,EURCAD,1.6258
2026-07-06,EURCAD,1.6236
2026-07-07,EURCAD,1.6255
2026-07-08,EURCAD,1.6176
2026-07-09,EURCAD,1.6202
2026-07-10,EURCAD,1.6177
2026-07-13,EURCAD,1.6148
2026-07-14,EURCAD,1.6095
2026-07-15,EURCAD,1.6053
2026-07-16,EURCAD,1.6082
2026-07-17,EURCAD,1.6035
2026-07-20,EURCAD,1.6032
2026-07-21,EURCAD,1.6069
2026-07-22,EURCAD,1.6071
2026-07-23,EURCAD,1.6034
2025-07-18,EURNZD,1.9493
2025-07-21,EURNZD,1.9536
2025-07-22,EURNZD,1.9629
2025-07-23,EURNZD,1.9409
2025-07-24,EURNZD,1.9427
2025-07-25,EURNZD,1.9496
2025-07-28,EURNZD,1.9487
2025-07-29,EURNZD,1.9398
2025-07-30,EURNZD,1.9391
2025-07-31,EURNZD,1.9375
2025-08-01,EURNZD,1.9456
2025-08-04,EURNZD,1.9544
2025-08-05,EURNZD,1.9584
2025-08-06,EURNZD,1.9567
2025-08-07,EURNZD,1.956
2025-08-08,EURNZD,1.9562
2025-08-11,EURNZD,1.9597
2025-08-12,EURNZD,1.9605
2025-08-13,EURNZD,1.9569
2025-08-14,EURNZD,1.9649
2025-08-15,EURNZD,1.9717
2025-08-18,EURNZD,1.9665
2025-08-19,EURNZD,1.9713
2025-08-20,EURNZD,1.9983
2025-08-21,EURNZD,1.9986
2025-08-22,EURNZD,1.9978
2025-08-25,EURNZD,1.9928
2025-08-26,EURNZD,1.9903
2025-08-27,EURNZD,1.9894
2025-08-28,EURNZD,1.9871
2025-08-29,EURNZD,1.9811
2025-09-01,EURNZD,1.9863
2025-09-02,EURNZD,1.9892
2025-09-03,EURNZD,1.9857
2025-09-04,EURNZD,1.9887
2025-09-05,EURNZD,1.9901
2025-09-08,EURNZD,1.9761
2025-09-09,EURNZD,1.9741
2025-09-10,EURNZD,1.9704
2025-09-11,EURNZD,1.9713
2025-09-12,EURNZD,1.9702
2025-09-15,EURNZD,1.9723
2025-09-16,EURNZD,1.9759
2025-09-17,EURNZD,1.9786
2025-09-18,EURNZD,2.0029
2025-09-19,EURNZD,2.0029
2025-09-22,EURNZD,2.0104
2025-09-23,EURNZD,2.0113
2025-09-24,EURNZD,2.0139
2025-09-25,EURNZD,2.02
2025-09-26,EURNZD,2.0257
2025-09-29,EURNZD,2.027
2025-09-30,EURNZD,2.0257
2025-10-01,EURNZD,2.0184
2025-10-02,EURNZD,2.0163
2025-10-03,EURNZD,2.0122
2025-10-06,EURNZD,2.006
2025-10-07,EURNZD,2.0091
2025-10-08,EURNZD,2.013
2025-10-09,EURNZD,2.0097
2025-10-10,EURNZD,2.011
2025-10-13,EURNZD,2.022
2025-10-14,EURNZD,2.0309
2025-10-15,EURNZD,2.0309
2025-10-16,EURNZD,2.0309
2025-10-17,EURNZD,2.038
2025-10-20,EURNZD,2.0349
2025-10-21,EURNZD,2.0287
2025-10-22,EURNZD,2.0185
2025-10-23,EURNZD,2.0184
2025-10-24,EURNZD,2.0214
2025-10-27,EURNZD,2.0186
2025-10-28,EURNZD,2.0175
2025-10-29,EURNZD,2.0119
2025-10-30,EURNZD,2.0164
2025-10-31,EURNZD,2.0212
2025-11-03,EURNZD,2.0156
2025-11-04,EURNZD,2.0299
2025-11-05,EURNZD,2.0349
2025-11-06,EURNZD,2.0353
2025-11-07,EURNZD,2.0569
2025-11-10,EURNZD,2.0511
2025-11-11,EURNZD,2.0478
2025-11-12,EURNZD,2.0432
2025-11-13,EURNZD,2.0507
2025-11-14,EURNZD,2.0489
2025-11-17,EURNZD,2.0464
2025-11-18,EURNZD,2.0459
2025-11-19,EURNZD,2.0585
2025-11-20,EURNZD,2.0508
2025-11-21,EURNZD,2.056
2025-11-24,EURNZD,2.0531
2025-11-25,EURNZD,2.0603
2025-11-26,EURNZD,2.0395
2025-11-27,EURNZD,2.0277
2025-11-28,EURNZD,2.0247
2025-12-01,EURNZD,2.0257
2025-12-02,EURNZD,2.0294
2025-12-03,EURNZD,2.0292
2025-12-04,EURNZD,2.0236
2025-12-05,EURNZD,2.0158
2025-12-08,EURNZD,2.013
2025-12-09,EURNZD,2.0111
2025-12-10,EURNZD,2.0126
2025-12-11,EURNZD,2.0155
2025-12-12,EURNZD,2.0189
2025-12-15,EURNZD,2.029
2025-12-16,EURNZD,2.0346
2025-12-17,EURNZD,2.0294
2025-12-18,EURNZD,2.0324
2025-12-19,EURNZD,2.041
2025-12-22,EURNZD,2.0283
2025-12-23,EURNZD,2.0189
2025-12-24,EURNZD,2.0197
2025-12-29,EURNZD,2.0295
2025-12-30,EURNZD,2.0278
2025-12-31,EURNZD,2.038
2026-01-02,EURNZD,2.0317
2026-01-05,EURNZD,2.0296
2026-01-06,EURNZD,2.0232
2026-01-07,EURNZD,2.02
2026-01-08,EURNZD,2.0313
2026-01-09,EURNZD,2.0339
2026-01-12,EURNZD,2.027
2026-01-13,EURNZD,2.0231
2026-01-14,EURNZD,2.0303
2026-01-15,EURNZD,2.0246
2026-01-16,EURNZD,2.0179
2026-01-19,EURNZD,2.0098
2026-01-20,EURNZD,2.0098
2026-01-21,EURNZD,2.0019
2026-01-22,EURNZD,1.991
2026-01-23,EURNZD,1.9855
2026-01-26,EURNZD,1.9877
2026-01-27,EURNZD,1.9907
2026-01-28,EURNZD,1.9859
2026-01-29,EURNZD,1.9689
2026-01-30,EURNZD,1.966
2026-02-02,EURNZD,1.9705
2026-02-03,EURNZD,1.9532
2026-02-04,EURNZD,1.9602
2026-02-05,EURNZD,1.9676
2026-02-06,EURNZD,1.9673
2026-02-09,EURNZD,1.9685
2026-02-10,EURNZD,1.9687
2026-02-11,EURNZD,1.9637
2026-02-12,EURNZD,1.9588
2026-02-13,EURNZD,1.9693
2026-02-16,EURNZD,1.9623
2026-02-17,EURNZD,1.9623
2026-02-18,EURNZD,1.973
2026-02-19,EURNZD,1.9728
2026-02-20,EURNZD,1.9763
2026-02-23,EURNZD,1.975
2026-02-24,EURNZD,1.9783
2026-02-25,EURNZD,1.9727
2026-02-26,EURNZD,1.9721
2026-02-27,EURNZD,1.9731
2026-03-02,EURNZD,1.9709
2026-03-03,EURNZD,1.9688
2026-03-04,EURNZD,1.9674
2026-03-05,EURNZD,1.9623
2026-03-06,EURNZD,1.9687
2026-03-09,EURNZD,1.9563
2026-03-10,EURNZD,1.9596
2026-03-11,EURNZD,1.9571
2026-03-12,EURNZD,1.9588
2026-03-13,EURNZD,1.9691
2026-03-16,EURNZD,1.9647
2026-03-17,EURNZD,1.9693
2026-03-18,EURNZD,1.9763
2026-03-19,EURNZD,1.98
2026-03-20,EURNZD,1.9723
2026-03-23,EURNZD,1.9836
2026-03-24,EURNZD,1.9895
2026-03-25,EURNZD,1.9921
2026-03-26,EURNZD,1.9958
2026-03-27,EURNZD,2.0019
2026-03-30,EURNZD,2.0068
2026-03-31,EURNZD,2.0061
2026-04-01,EURNZD,2.0102
2026-04-02,EURNZD,2.0191
2026-04-07,EURNZD,2.0267
2026-04-08,EURNZD,2.0055
2026-04-09,EURNZD,2.0019
2026-04-10,EURNZD,2.0034
2026-04-13,EURNZD,2.0081
2026-04-14,EURNZD,1.9992
2026-04-15,EURNZD,1.9978
2026-04-16,EURNZD,1.9986
2026-04-17,EURNZD,2.0032
2026-04-20,EURNZD,2.0003
2026-04-21,EURNZD,1.9907
2026-04-22,EURNZD,1.9866
2026-04-23,EURNZD,1.9861
2026-04-24,EURNZD,1.9939
2026-04-27,EURNZD,1.9851
2026-04-28,EURNZD,1.9905
2026-04-29,EURNZD,1.9981
2026-04-30,EURNZD,1.9957
2026-05-04,EURNZD,1.9874
2026-05-05,EURNZD,1.9876
2026-05-06,EURNZD,1.9713
2026-05-07,EURNZD,1.9686
2026-05-08,EURNZD,1.9735
2026-05-11,EURNZD,1.9785
2026-05-12,EURNZD,1.9743
2026-05-13,EURNZD,1.9749
2026-05-14,EURNZD,1.9734
2026-05-15,EURNZD,1.9908
2026-05-18,EURNZD,1.9858
2026-05-19,EURNZD,1.988
2026-05-20,EURNZD,1.9841
2026-05-21,EURNZD,1.9802
2026-05-22,EURNZD,1.9817
2026-05-25,EURNZD,1.982
2026-05-26,EURNZD,1.9913
2026-05-27,EURNZD,1.9774
2026-05-28,EURNZD,1.9713
2026-05-29,EURNZD,1.9491
2026-06-01,EURNZD,1.9558
2026-06-02,EURNZD,1.9618
2026-06-03,EURNZD,1.9695
2026-06-04,EURNZD,1.9791
2026-06-05,EURNZD,1.9806
2026-06-08,EURNZD,1.9792
2026-06-09,EURNZD,1.981
2026-06-10,EURNZD,1.9879
2026-06-11,EURNZD,1.994
2026-06-12,EURNZD,1.986
2026-06-15,EURNZD,1.9882
2026-06-16,EURNZD,1.9906
2026-06-17,EURNZD,1.9952
2026-06-18,EURNZD,1.9889
2026-06-19,EURNZD,1.9967
2026-06-22,EURNZD,1.9991
2026-06-23,EURNZD,2.0065
2026-06-24,EURNZD,2.0096
2026-06-25,EURNZD,2.0115
2026-06-26,EURNZD,2.0181
2026-06-29,EURNZD,2.0175
2026-06-30,EURNZD,2.0136
2026-07-01,EURNZD,2.0069
2026-07-02,EURNZD,2.0101
2026-07-03,EURNZD,2.0049
2026-07-06,EURNZD,2.0079
2026-07-07,EURNZD,2.0088
2026-07-08,EURNZD,2.0019
2026-07-09,EURNZD,1.9916
2026-07-10,EURNZD,1.9808
2026-07-13,EURNZD,1.977
2026-07-14,EURNZD,1.9662
2026-07-15,EURNZD,1.9608
2026-07-16,EURNZD,1.9583
2026-07-17,EURNZD,1.9609
2026-07-20,EURNZD,1.952
2026-07-21,EURNZD,1.9533
2026-07-22,EURNZD,1.9608
2026-07-23,EURNZD,1.9689
2025-07-18,EURSEK,11.2505
2025-07-21,EURSEK,11.212
2025-07-22,EURSEK,11.211
2025-07-23,EURSEK,11.164
2025-07-24,EURSEK,11.185
2025-07-25,EURSEK,11.1665
2025-07-28,EURSEK,11.1545
2025-07-29,EURSEK,11.156
2025-07-30,EURSEK,11.1435
2025-07-31,EURSEK,11.1575
2025-08-01,EURSEK,11.1965
2025-08-04,EURSEK,11.1825
2025-08-05,EURSEK,11.173
2025-08-06,EURSEK,11.1955
2025-08-07,EURSEK,11.1945
2025-08-08,EURSEK,11.178
2025-08-11,EURSEK,11.182
2025-08-12,EURSEK,11.192
2025-08-13,EURSEK,11.1575
2025-08-14,EURSEK,11.182
2025-08-15,EURSEK,11.1775
2025-08-18,EURSEK,11.157
2025-08-19,EURSEK,11.158
2025-08-20,EURSEK,11.177
2025-08-21,EURSEK,11.164
2025-08-22,EURSEK,11.1775
2025-08-25,EURSEK,11.1345
2025-08-26,EURSEK,11.1565
2025-08-27,EURSEK,11.116
2025-08-28,EURSEK,11.0735
2025-08-29,EURSEK,11.055
2025-09-01,EURSEK,11.012
2025-09-02,EURSEK,11.003
2025-09-03,EURSEK,11.0015
2025-09-04,EURSEK,11.0185
2025-09-05,EURSEK,11.001
2025-09-08,EURSEK,11.0005
2025-09-09,EURSEK,11.0018
2025-09-10,EURSEK,10.951
2025-09-11,EURSEK,10.9515
2025-09-12,EURSEK,10.9485
2025-09-15,EURSEK,10.9115
2025-09-16,EURSEK,10.9305
2025-09-17,EURSEK,10.9635
2025-09-18,EURSEK,10.998
2025-09-19,EURSEK,11.0705
2025-09-22,EURSEK,11.0495
2025-09-23,EURSEK,10.9887
2025-09-24,EURSEK,11.035
2025-09-25,EURSEK,11.0485
2025-09-26,EURSEK,11.037
2025-09-29,EURSEK,11.03
2025-09-30,EURSEK,11.0565
2025-10-01,EURSEK,11.0355
2025-10-02,EURSEK,11.0025
2025-10-03,EURSEK,11.003
2025-10-06,EURSEK,10.988
2025-10-07,EURSEK,10.9495
2025-10-08,EURSEK,10.9635
2025-10-09,EURSEK,10.987
2025-10-10,EURSEK,11.008
2025-10-13,EURSEK,11.013
2025-10-14,EURSEK,11.038
2025-10-15,EURSEK,11.0195
2025-10-16,EURSEK,11.013
2025-10-17,EURSEK,11.03
2025-10-20,EURSEK,10.99
2025-10-21,EURSEK,10.9345
2025-10-22,EURSEK,10.916
2025-10-23,EURSEK,10.9193
2025-10-24,EURSEK,10.904
2025-10-27,EURSEK,10.912
2025-10-28,EURSEK,10.921
2025-10-29,EURSEK,10.896
2025-10-30,EURSEK,10.94
2025-10-31,EURSEK,10.925
2025-11-03,EURSEK,10.935
2025-11-04,EURSEK,10.9865
2025-11-05,EURSEK,11.0175
2025-11-06,EURSEK,10.99
2025-11-07,EURSEK,11.046
2025-11-10,EURSEK,10.987
2025-11-11,EURSEK,10.973
2025-11-12,EURSEK,10.9395
2025-11-13,EURSEK,10.9405
2025-11-14,EURSEK,10.9835
2025-11-17,EURSEK,10.9635
2025-11-18,EURSEK,10.997
2025-11-19,EURSEK,10.992
2025-11-20,EURSEK,10.9995
2025-11-21,EURSEK,11.026
2025-11-24,EURSEK,11.006
2025-11-25,EURSEK,11.048
2025-11-26,EURSEK,11.0345
2025-11-27,EURSEK,10.9945
2025-11-28,EURSEK,10.9695
2025-12-01,EURSEK,10.963
2025-12-02,EURSEK,10.9865
2025-12-03,EURSEK,10.955
2025-12-04,EURSEK,10.967
2025-12-05,EURSEK,10.959
2025-12-08,EURSEK,10.9495
2025-12-09,EURSEK,10.9015
2025-12-10,EURSEK,10.858
2025-12-11,EURSEK,10.845
2025-12-12,EURSEK,10.8865
2025-12-15,EURSEK,10.9155
2025-12-16,EURSEK,10.942
2025-12-17,EURSEK,10.936
2025-12-18,EURSEK,10.9015
2025-12-19,EURSEK,10.904
2025-12-22,EURSEK,10.856
2025-12-23,EURSEK,10.82
2025-12-24,EURSEK,10.8055
2025-12-29,EURSEK,10.816
2025-12-30,EURSEK,10.818
2025-12-31,EURSEK,10.8215
2026-01-02,EURSEK,10.8085
2026-01-05,EURSEK,10.787
2026-01-06,EURSEK,10.765
2026-01-07,EURSEK,10.7365
2026-01-08,EURSEK,10.766
2026-01-09,EURSEK,10.748
2026-01-12,EURSEK,10.7008
2026-01-13,EURSEK,10.7135
2026-01-14,EURSEK,10.723
2026-01-15,EURSEK,10.6985
2026-01-16,EURSEK,10.719
2026-01-19,EURSEK,10.73
2026-01-20,EURSEK,10.708
2026-01-21,EURSEK,10.661
2026-01-22,EURSEK,10.594
2026-01-23,EURSEK,10.5705
2026-01-26,EURSEK,10.6265
2026-01-27,EURSEK,10.582
2026-01-28,EURSEK,10.5885
2026-01-29,EURSEK,10.5645
2026-01-30,EURSEK,10.5205
2026-02-02,EURSEK,10.5935
2026-02-03,EURSEK,10.5485
2026-02-04,EURSEK,10.577
2026-02-05,EURSEK,10.641
2026-02-06,EURSEK,10.6735
2026-02-09,EURSEK,10.6505
2026-02-10,EURSEK,10.6135
2026-02-11,EURSEK,10.564
2026-02-12,EURSEK,10.567
2026-02-13,EURSEK,10.6254
2026-02-16,EURSEK,10.6205
2026-02-17,EURSEK,10.648
2026-02-18,EURSEK,10.616
2026-02-19,EURSEK,10.6915
2026-02-20,EURSEK,10.6745
2026-02-23,EURSEK,10.6955
2026-02-24,EURSEK,10.688
2026-02-25,EURSEK,10.6765
2026-02-26,EURSEK,10.673
2026-02-27,EURSEK,10.6643
2026-03-02,EURSEK,10.708
2026-03-03,EURSEK,10.7265
2026-03-04,EURSEK,10.6785
2026-03-05,EURSEK,10.6885
2026-03-06,EURSEK,10.693
2026-03-09,EURSEK,10.6945
2026-03-10,EURSEK,10.606
2026-03-11,EURSEK,10.6543
2026-03-12,EURSEK,10.7108
2026-03-13,EURSEK,10.7545
2026-03-16,EURSEK,10.769
2026-03-17,EURSEK,10.7055
2026-03-18,EURSEK,10.7778
2026-03-19,EURSEK,10.8065
2026-03-20,EURSEK,10.7825
2026-03-23,EURSEK,10.8328
2026-03-24,EURSEK,10.8238
2026-03-25,EURSEK,10.7715
2026-03-26,EURSEK,10.8405
2026-03-27,EURSEK,10.878
2026-03-30,EURSEK,10.906
2026-03-31,EURSEK,10.943
2026-04-01,EURSEK,10.888
2026-04-02,EURSEK,10.948
2026-04-07,EURSEK,10.99
2026-04-08,EURSEK,10.784
2026-04-09,EURSEK,10.8765
2026-04-10,EURSEK,10.836
2026-04-13,EURSEK,10.892
2026-04-14,EURSEK,10.798
2026-04-15,EURSEK,10.85
2026-04-16,EURSEK,10.804
2026-04-17,EURSEK,10.803
2026-04-20,EURSEK,10.7685
2026-04-21,EURSEK,10.7495
2026-04-22,EURSEK,10.776
2026-04-23,EURSEK,10.7795
2026-04-24,EURSEK,10.82
2026-04-27,EURSEK,10.7885
2026-04-28,EURSEK,10.8485
2026-04-29,EURSEK,10.8405
2026-04-30,EURSEK,10.8555
2026-05-04,EURSEK,10.835
2026-05-05,EURSEK,10.84
2026-05-06,EURSEK,10.8335
2026-05-07,EURSEK,10.825
2026-05-08,EURSEK,10.842
2026-05-11,EURSEK,10.8765
2026-05-12,EURSEK,10.8935
2026-05-13,EURSEK,10.915
2026-05-14,EURSEK,10.9145
2026-05-15,EURSEK,10.982
2026-05-18,EURSEK,10.9465
2026-05-19,EURSEK,10.909
2026-05-20,EURSEK,10.8775
2026-05-21,EURSEK,10.8615
2026-05-22,EURSEK,10.8695
2026-05-25,EURSEK,10.7965
2026-05-26,EURSEK,10.8245
2026-05-27,EURSEK,10.7895
2026-05-28,EURSEK,10.8215
2026-05-29,EURSEK,10.772
2026-06-01,EURSEK,10.789
2026-06-02,EURSEK,10.825
2026-06-03,EURSEK,10.884
2026-06-04,EURSEK,10.8803
2026-06-05,EURSEK,10.8675
2026-06-08,EURSEK,10.876
2026-06-09,EURSEK,10.885
2026-06-10,EURSEK,10.9655
2026-06-11,EURSEK,10.9935
2026-06-12,EURSEK,10.928
2026-06-15,EURSEK,10.8975
2026-06-16,EURSEK,10.897
2026-06-17,EURSEK,10.891
2026-06-18,EURSEK,10.9845
2026-06-19,EURSEK,10.974
2026-06-22,EURSEK,10.998
2026-06-23,EURSEK,11.0585
2026-06-24,EURSEK,11.085
2026-06-25,EURSEK,11.069
2026-06-26,EURSEK,11.0775
2026-06-29,EURSEK,11.0865
2026-06-30,EURSEK,11.0935
2026-07-01,EURSEK,11.0955
2026-07-02,EURSEK,11.0775
2026-07-03,EURSEK,11.0315
2026-07-06,EURSEK,11.015
2026-07-07,EURSEK,11.0443
2026-07-08,EURSEK,11.0565
2026-07-09,EURSEK,11.062
2026-07-10,EURSEK,11.0145
2026-07-13,EURSEK,11.027
2026-07-14,EURSEK,11.036
2026-07-15,EURSEK,11.0473
2026-07-16,EURSEK,11.0285
2026-07-17,EURSEK,11.0405
2026-07-20,EURSEK,11.045
2026-07-21,EURSEK,11.0485
2026-07-22,EURSEK,11.0775
2026-07-23,EURSEK,11.0955
2025-07-18,EURNOK,11.8335
2025-07-21,EURNOK,11.866
2025-07-22,EURNOK,11.8845
2025-07-23,EURNOK,11.8415
2025-07-24,EURNOK,11.8765
2025-07-25,EURNOK,11.8995
2025-07-28,EURNOK,11.8625
2025-07-29,EURNOK,11.8165
2025-07-30,EURNOK,11.7795
2025-07-31,EURNOK,11.774
2025-08-01,EURNOK,11.8128
2025-08-04,EURNOK,11.8745
2025-08-05,EURNOK,11.857
2025-08-06,EURNOK,11.8515
2025-08-07,EURNOK,11.8903
2025-08-08,EURNOK,11.954
2025-08-11,EURNOK,11.905
2025-08-12,EURNOK,11.8938
2025-08-13,EURNOK,11.944
2025-08-14,EURNOK,11.9215
2025-08-15,EURNOK,11.896
2025-08-18,EURNOK,11.884
2025-08-19,EURNOK,11.928
2025-08-20,EURNOK,11.9505
2025-08-21,EURNOK,11.8505
2025-08-22,EURNOK,11.8325
2025-08-25,EURNOK,11.8085
2025-08-26,EURNOK,11.836
2025-08-27,EURNOK,11.786
2025-08-28,EURNOK,11.748
2025-08-29,EURNOK,11.7465
2025-09-01,EURNOK,11.7315
2025-09-02,EURNOK,11.674
2025-09-03,EURNOK,11.7
2025-09-04,EURNOK,11.753
2025-09-05,EURNOK,11.7505
2025-09-08,EURNOK,11.7125
2025-09-09,EURNOK,11.7105
2025-09-10,EURNOK,11.6195
2025-09-11,EURNOK,11.612
2025-09-12,EURNOK,11.5845
2025-09-15,EURNOK,11.5565
2025-09-16,EURNOK,11.59
2025-09-17,EURNOK,11.626
2025-09-18,EURNOK,11.587
2025-09-19,EURNOK,11.6705
2025-09-22,EURNOK,11.7025
2025-09-23,EURNOK,11.672
2025-09-24,EURNOK,11.688
2025-09-25,EURNOK,11.689
2025-09-26,EURNOK,11.7105
2025-09-29,EURNOK,11.6775
2025-09-30,EURNOK,11.7265
2025-10-01,EURNOK,11.658
2025-10-02,EURNOK,11.675
2025-10-03,EURNOK,11.6745
2025-10-06,EURNOK,11.621
2025-10-07,EURNOK,11.6025
2025-10-08,EURNOK,11.6125
2025-10-09,EURNOK,11.624
2025-10-10,EURNOK,11.6775
2025-10-13,EURNOK,11.679
2025-10-14,EURNOK,11.7725
2025-10-15,EURNOK,11.7225
2025-10-16,EURNOK,11.734
2025-10-17,EURNOK,11.7293
2025-10-20,EURNOK,11.7415
2025-10-21,EURNOK,11.6693
2025-10-22,EURNOK,11.643
2025-10-23,EURNOK,11.5829
2025-10-24,EURNOK,11.6185
2025-10-27,EURNOK,11.632
2025-10-28,EURNOK,11.6335
2025-10-29,EURNOK,11.6385
2025-10-30,EURNOK,11.6648
2025-10-31,EURNOK,11.6485
2025-11-03,EURNOK,11.648
2025-11-04,EURNOK,11.7265
2025-11-05,EURNOK,11.749
2025-11-06,EURNOK,11.7265
2025-11-07,EURNOK,11.78
2025-11-10,EURNOK,11.6885
2025-11-11,EURNOK,11.6605
2025-11-12,EURNOK,11.6495
2025-11-13,EURNOK,11.674
2025-11-14,EURNOK,11.7285
2025-11-17,EURNOK,11.7005
2025-11-18,EURNOK,11.7333
2025-11-19,EURNOK,11.748
2025-11-20,EURNOK,11.7405
2025-11-21,EURNOK,11.794
2025-11-24,EURNOK,11.7945
2025-11-25,EURNOK,11.848
2025-11-26,EURNOK,11.8468
2025-11-27,EURNOK,11.803
2025-11-28,EURNOK,11.7645
2025-12-01,EURNOK,11.771
2025-12-02,EURNOK,11.789
2025-12-03,EURNOK,11.758
2025-12-04,EURNOK,11.782
2025-12-05,EURNOK,11.755
2025-12-08,EURNOK,11.786
2025-12-09,EURNOK,11.7845
2025-12-10,EURNOK,11.809
2025-12-11,EURNOK,11.825
2025-12-12,EURNOK,11.856
2025-12-15,EURNOK,11.9075
2025-12-16,EURNOK,11.985
2025-12-17,EURNOK,11.9858
2025-12-18,EURNOK,11.9545
2025-12-19,EURNOK,11.915
2025-12-22,EURNOK,11.8875
2025-12-23,EURNOK,11.849
2025-12-24,EURNOK,11.804
2025-12-29,EURNOK,11.827
2025-12-30,EURNOK,11.826
2025-12-31,EURNOK,11.843
2026-01-02,EURNOK,11.7985
2026-01-05,EURNOK,11.7795
2026-01-06,EURNOK,11.7285
2026-01-07,EURNOK,11.7585
2026-01-08,EURNOK,11.7935
2026-01-09,EURNOK,11.7765
2026-01-12,EURNOK,11.7445
2026-01-13,EURNOK,11.756
2026-01-14,EURNOK,11.733
2026-01-15,EURNOK,11.72
2026-01-16,EURNOK,11.7203
2026-01-19,EURNOK,11.7295
2026-01-20,EURNOK,11.7155
2026-01-21,EURNOK,11.6365
2026-01-22,EURNOK,11.576
2026-01-23,EURNOK,11.542
2026-01-26,EURNOK,11.6015
2026-01-27,EURNOK,11.567
2026-01-28,EURNOK,11.523
2026-01-29,EURNOK,11.418
2026-01-30,EURNOK,11.3885
2026-02-02,EURNOK,11.4655
2026-02-03,EURNOK,11.422
2026-02-04,EURNOK,11.3995
2026-02-05,EURNOK,11.474
2026-02-06,EURNOK,11.4695
2026-02-09,EURNOK,11.429
2026-02-10,EURNOK,11.3115
2026-02-11,EURNOK,11.265
2026-02-12,EURNOK,11.2535
2026-02-13,EURNOK,11.326
2026-02-16,EURNOK,11.2665
2026-02-17,EURNOK,11.2815
2026-02-18,EURNOK,11.2285
2026-02-19,EURNOK,11.253
2026-02-20,EURNOK,11.254
2026-02-23,EURNOK,11.2585
2026-02-24,EURNOK,11.2575
2026-02-25,EURNOK,11.2955
2026-02-26,EURNOK,11.293
2026-02-27,EURNOK,11.2085
2026-03-02,EURNOK,11.191
2026-03-03,EURNOK,11.2485
2026-03-04,EURNOK,11.2385
2026-03-05,EURNOK,11.214
2026-03-06,EURNOK,11.1725
2026-03-09,EURNOK,11.1545
2026-03-10,EURNOK,11.147
2026-03-11,EURNOK,11.17
2026-03-12,EURNOK,11.1575
2026-03-13,EURNOK,11.159
2026-03-16,EURNOK,11.149
2026-03-17,EURNOK,11.073
2026-03-18,EURNOK,11.0205
2026-03-19,EURNOK,10.996
2026-03-20,EURNOK,11.029
2026-03-23,EURNOK,11.285
2026-03-24,EURNOK,11.2305
2026-03-25,EURNOK,11.2855
2026-03-26,EURNOK,11.1265
2026-03-27,EURNOK,11.1885
2026-03-30,EURNOK,11.198
2026-03-31,EURNOK,11.2125
2026-04-01,EURNOK,11.208
2026-04-02,EURNOK,11.2285
2026-04-07,EURNOK,11.183
2026-04-08,EURNOK,11.1535
2026-04-09,EURNOK,11.1265
2026-04-10,EURNOK,11.1165
2026-04-13,EURNOK,11.098
2026-04-14,EURNOK,11.101
2026-04-15,EURNOK,11.12
2026-04-16,EURNOK,11.048
2026-04-17,EURNOK,11.017
2026-04-20,EURNOK,10.9745
2026-04-21,EURNOK,10.967
2026-04-22,EURNOK,10.912
2026-04-23,EURNOK,10.913
2026-04-24,EURNOK,10.9525
2026-04-27,EURNOK,10.883
2026-04-28,EURNOK,10.8875
2026-04-29,EURNOK,10.862
2026-04-30,EURNOK,10.9123
2026-05-04,EURNOK,10.828
2026-05-05,EURNOK,10.8055
2026-05-06,EURNOK,10.898
2026-05-07,EURNOK,10.8675
2026-05-08,EURNOK,10.8215
2026-05-11,EURNOK,10.8275
2026-05-12,EURNOK,10.771
2026-05-13,EURNOK,10.7415
2026-05-14,EURNOK,10.798
2026-05-15,EURNOK,10.845
2026-05-18,EURNOK,10.8005
2026-05-19,EURNOK,10.7635
2026-05-20,EURNOK,10.764
2026-05-21,EURNOK,10.7075
2026-05-22,EURNOK,10.7295
2026-05-25,EURNOK,10.766
2026-05-26,EURNOK,10.772
2026-05-27,EURNOK,10.797
2026-05-28,EURNOK,10.794
2026-05-29,EURNOK,10.7735
2026-06-01,EURNOK,10.7885
2026-06-02,EURNOK,10.8
2026-06-03,EURNOK,10.7935
2026-06-04,EURNOK,10.8445
2026-06-05,EURNOK,10.8445
2026-06-08,EURNOK,10.9165
2026-06-09,EURNOK,10.9345
2026-06-10,EURNOK,10.952
2026-06-11,EURNOK,10.9895
2026-06-12,EURNOK,11.0255
2026-06-15,EURNOK,11.0555
2026-06-16,EURNOK,11.0465
2026-06-17,EURNOK,11.008
2026-06-18,EURNOK,11.105
2026-06-19,EURNOK,11.1045
2026-06-22,EURNOK,11.074
2026-06-23,EURNOK,11.143
2026-06-24,EURNOK,11.157
2026-06-25,EURNOK,11.2175
2026-06-26,EURNOK,11.3035
2026-06-29,EURNOK,11.3295
2026-06-30,EURNOK,11.3105
2026-07-01,EURNOK,11.3125
2026-07-02,EURNOK,11.2885
2026-07-03,EURNOK,11.269
2026-07-06,EURNOK,11.234
2026-07-07,EURNOK,11.214
2026-07-08,EURNOK,11.136
2026-07-09,EURNOK,11.1305
2026-07-10,EURNOK,11.1485
2026-07-13,EURNOK,11.1595
2026-07-14,EURNOK,11.077
2026-07-15,EURNOK,11.096
2026-07-16,EURNOK,11.064
2026-07-17,EURNOK,11.039
2026-07-20,EURNOK,11.042
2026-07-21,EURNOK,10.987
2026-07-22,EURNOK,10.947
2026-07-23,EURNOK,10.9525
2025-07-18,EURPLN,4.2493
2025-07-21,EURPLN,4.2425
2025-07-22,EURPLN,4.2565
2025-07-23,EURPLN,4.2545
2025-07-24,EURPLN,4.2553
2025-07-25,EURPLN,4.2543
2025-07-28,EURPLN,4.2595
2025-07-29,EURPLN,4.2805
2025-07-30,EURPLN,4.2675
2025-07-31,EURPLN,4.2728
2025-08-01,EURPLN,4.2755
2025-08-04,EURPLN,4.2758
2025-08-05,EURPLN,4.2765
2025-08-06,EURPLN,4.278
2025-08-07,EURPLN,4.2593
2025-08-08,EURPLN,4.251
2025-08-11,EURPLN,4.2535
2025-08-12,EURPLN,4.2603
2025-08-13,EURPLN,4.26
2025-08-14,EURPLN,4.2605
2025-08-15,EURPLN,4.2588
2025-08-18,EURPLN,4.25
2025-08-19,EURPLN,4.2448
2025-08-20,EURPLN,4.2483
2025-08-21,EURPLN,4.2518
2025-08-22,EURPLN,4.2628
2025-08-25,EURPLN,4.2616
2025-08-26,EURPLN,4.2608
2025-08-27,EURPLN,4.2698
2025-08-28,EURPLN,4.2618
2025-08-29,EURPLN,4.2665
2025-09-01,EURPLN,4.2553
2025-09-02,EURPLN,4.2653
2025-09-03,EURPLN,4.2523
2025-09-04,EURPLN,4.251
2025-09-05,EURPLN,4.2505
2025-09-08,EURPLN,4.2495
2025-09-09,EURPLN,4.2558
2025-09-10,EURPLN,4.2645
2025-09-11,EURPLN,4.2653
2025-09-12,EURPLN,4.2575
2025-09-15,EURPLN,4.2505
2025-09-16,EURPLN,4.2513
2025-09-17,EURPLN,4.2525
2025-09-18,EURPLN,4.256
2025-09-19,EURPLN,4.263
2025-09-22,EURPLN,4.259
2025-09-23,EURPLN,4.2553
2025-09-24,EURPLN,4.2673
2025-09-25,EURPLN,4.2638
2025-09-26,EURPLN,4.2705
2025-09-29,EURPLN,4.2695
2025-09-30,EURPLN,4.2698
2025-10-01,EURPLN,4.2583
2025-10-02,EURPLN,4.2565
2025-10-03,EURPLN,4.2555
2025-10-06,EURPLN,4.2528
2025-10-07,EURPLN,4.2535
2025-10-08,EURPLN,4.2508
2025-10-09,EURPLN,4.2548
2025-10-10,EURPLN,4.2576
2025-10-13,EURPLN,4.2615
2025-10-14,EURPLN,4.2625
2025-10-15,EURPLN,4.256
2025-10-16,EURPLN,4.2513
2025-10-17,EURPLN,4.245
2025-10-20,EURPLN,4.2468
2025-10-21,EURPLN,4.2393
2025-10-22,EURPLN,4.2312
2025-10-23,EURPLN,4.2327
2025-10-24,EURPLN,4.2408
2025-10-27,EURPLN,4.235
2025-10-28,EURPLN,4.2375
2025-10-29,EURPLN,4.2418
2025-10-30,EURPLN,4.245
2025-10-31,EURPLN,4.256
2025-11-03,EURPLN,4.254
2025-11-04,EURPLN,4.257
2025-11-05,EURPLN,4.2583
2025-11-06,EURPLN,4.2528
2025-11-07,EURPLN,4.248
2025-11-10,EURPLN,4.234
2025-11-11,EURPLN,4.23
2025-11-12,EURPLN,4.228
2025-11-13,EURPLN,4.228
2025-11-14,EURPLN,4.2328
2025-11-17,EURPLN,4.2228
2025-11-18,EURPLN,4.244
2025-11-19,EURPLN,4.2283
2025-11-20,EURPLN,4.232
2025-11-21,EURPLN,4.2448
2025-11-24,EURPLN,4.2303
2025-11-25,EURPLN,4.2228
2025-11-26,EURPLN,4.2313
2025-11-27,EURPLN,4.2345
2025-11-28,EURPLN,4.239
2025-12-01,EURPLN,4.2283
2025-12-02,EURPLN,4.238
2025-12-03,EURPLN,4.2318
2025-12-04,EURPLN,4.2313
2025-12-05,EURPLN,4.2323
2025-12-08,EURPLN,4.2305
2025-12-09,EURPLN,4.2303
2025-12-10,EURPLN,4.2248
2025-12-11,EURPLN,4.227
2025-12-12,EURPLN,4.2225
2025-12-15,EURPLN,4.2215
2025-12-16,EURPLN,4.2208
2025-12-17,EURPLN,4.21
2025-12-18,EURPLN,4.2053
2025-12-19,EURPLN,4.2105
2025-12-22,EURPLN,4.2138
2025-12-23,EURPLN,4.232
2025-12-24,EURPLN,4.2135
2025-12-29,EURPLN,4.2295
2025-12-30,EURPLN,4.2263
2025-12-31,EURPLN,4.221
2026-01-02,EURPLN,4.2123
2026-01-05,EURPLN,4.2178
2026-01-06,EURPLN,4.2105
2026-01-07,EURPLN,4.2148
2026-01-08,EURPLN,4.2093
2026-01-09,EURPLN,4.2138
2026-01-12,EURPLN,4.2093
2026-01-13,EURPLN,4.2118
2026-01-14,EURPLN,4.218
2026-01-15,EURPLN,4.2093
2026-01-16,EURPLN,4.2248
2026-01-19,EURPLN,4.2253
2026-01-20,EURPLN,4.2273
2026-01-21,EURPLN,4.2275
2026-01-22,EURPLN,4.2063
2026-01-23,EURPLN,4.2035
2026-01-26,EURPLN,4.2085
2026-01-27,EURPLN,4.2023
2026-01-28,EURPLN,4.2028
2026-01-29,EURPLN,4.2033
2026-01-30,EURPLN,4.2073
2026-02-02,EURPLN,4.2173
2026-02-03,EURPLN,4.2205
2026-02-04,EURPLN,4.2235
2026-02-05,EURPLN,4.2205
2026-02-06,EURPLN,4.2185
2026-02-09,EURPLN,4.2118
2026-02-10,EURPLN,4.217
2026-02-11,EURPLN,4.2135
2026-02-12,EURPLN,4.2158
2026-02-13,EURPLN,4.215
2026-02-16,EURPLN,4.2105
2026-02-17,EURPLN,4.2138
2026-02-18,EURPLN,4.2165
2026-02-19,EURPLN,4.2215
2026-02-20,EURPLN,4.2238
2026-02-23,EURPLN,4.2173
2026-02-24,EURPLN,4.2203
2026-02-25,EURPLN,4.2233
2026-02-26,EURPLN,4.2225
2026-02-27,EURPLN,4.2243
2026-03-02,EURPLN,4.244
2026-03-03,EURPLN,4.2865
2026-03-04,EURPLN,4.2588
2026-03-05,EURPLN,4.2725
2026-03-06,EURPLN,4.2875
2026-03-09,EURPLN,4.2785
2026-03-10,EURPLN,4.2548
2026-03-11,EURPLN,4.2523
2026-03-12,EURPLN,4.2578
2026-03-13,EURPLN,4.2675
2026-03-16,EURPLN,4.2683
2026-03-17,EURPLN,4.2593
2026-03-18,EURPLN,4.2713
2026-03-19,EURPLN,4.2853
2026-03-20,EURPLN,4.2783
2026-03-23,EURPLN,4.2643
2026-03-24,EURPLN,4.2743
2026-03-25,EURPLN,4.2718
2026-03-26,EURPLN,4.2743
2026-03-27,EURPLN,4.2875
2026-03-30,EURPLN,4.2883
2026-03-31,EURPLN,4.289
2026-04-01,EURPLN,4.2793
2026-04-02,EURPLN,4.2855
2026-04-07,EURPLN,4.2753
2026-04-08,EURPLN,4.2538
2026-04-09,EURPLN,4.2558
2026-04-10,EURPLN,4.2435
2026-04-13,EURPLN,4.2543
2026-04-14,EURPLN,4.2425
2026-04-15,EURPLN,4.2413
2026-04-16,EURPLN,4.2423
2026-04-17,EURPLN,4.2328
2026-04-20,EURPLN,4.2335
2026-04-21,EURPLN,4.2295
2026-04-22,EURPLN,4.2468
2026-04-23,EURPLN,4.2428
2026-04-24,EURPLN,4.2403
2026-04-27,EURPLN,4.2443
2026-04-28,EURPLN,4.2478
2026-04-29,EURPLN,4.2518
2026-04-30,EURPLN,4.2605
2026-05-04,EURPLN,4.257
2026-05-05,EURPLN,4.2543
2026-05-06,EURPLN,4.233
2026-05-07,EURPLN,4.227
2026-05-08,EURPLN,4.2318
2026-05-11,EURPLN,4.2398
2026-05-12,EURPLN,4.248
2026-05-13,EURPLN,4.2513
2026-05-14,EURPLN,4.2378
2026-05-15,EURPLN,4.2465
2026-05-18,EURPLN,4.2443
2026-05-19,EURPLN,4.2435
2026-05-20,EURPLN,4.255
2026-05-21,EURPLN,4.2483
2026-05-22,EURPLN,4.242
2026-05-25,EURPLN,4.2345
2026-05-26,EURPLN,4.2315
2026-05-27,EURPLN,4.2365
2026-05-28,EURPLN,4.2335
2026-05-29,EURPLN,4.2275
2026-06-01,EURPLN,4.233
2026-06-02,EURPLN,4.2345
2026-06-03,EURPLN,4.2383
2026-06-04,EURPLN,4.2368
2026-06-05,EURPLN,4.2338
2026-06-08,EURPLN,4.2423
2026-06-09,EURPLN,4.2373
2026-06-10,EURPLN,4.249
2026-06-11,EURPLN,4.2518
2026-06-12,EURPLN,4.248
2026-06-15,EURPLN,4.246
2026-06-16,EURPLN,4.2429
2026-06-17,EURPLN,4.241
2026-06-18,EURPLN,4.258
2026-06-19,EURPLN,4.2615
2026-06-22,EURPLN,4.268
2026-06-23,EURPLN,4.2825
2026-06-24,EURPLN,4.2878
2026-06-25,EURPLN,4.2875
2026-06-26,EURPLN,4.2868
2026-06-29,EURPLN,4.2873
2026-06-30,EURPLN,4.2955
2026-07-01,EURPLN,4.2958
2026-07-02,EURPLN,4.29
2026-07-03,EURPLN,4.2848
2026-07-06,EURPLN,4.2883
2026-07-07,EURPLN,4.2928
2026-07-08,EURPLN,4.3095
2026-07-09,EURPLN,4.3085
2026-07-10,EURPLN,4.3475
2026-07-13,EURPLN,4.3238
2026-07-14,EURPLN,4.3383
2026-07-15,EURPLN,4.3258
2026-07-16,EURPLN,4.3285
2026-07-17,EURPLN,4.3473
2026-07-20,EURPLN,4.332
2026-07-21,EURPLN,4.3305
2026-07-22,EURPLN,4.33
2026-07-23,EURPLN,4.327
2025-07-18,EURHUF,399.06
2025-07-21,EURHUF,398.95
2025-07-22,EURHUF,399.2
2025-07-23,EURHUF,399.13
2025-07-24,EURHUF,397.95
2025-07-25,EURHUF,396.9
2025-07-28,EURHUF,397.35
2025-07-29,EURHUF,399.9
2025-07-30,EURHUF,398.85
2025-07-31,EURHUF,400
2025-08-01,EURHUF,400.15
2025-08-04,EURHUF,398.25
2025-08-05,EURHUF,399.03
2025-08-06,EURHUF,398.28
2025-08-07,EURHUF,396.67
2025-08-08,EURHUF,395.88
2025-08-11,EURHUF,395.73
2025-08-12,EURHUF,395.95
2025-08-13,EURHUF,395.65
2025-08-14,EURHUF,394.98
2025-08-15,EURHUF,394.98
2025-08-18,EURHUF,395.55
2025-08-19,EURHUF,393.7
2025-08-20,EURHUF,394.5
2025-08-21,EURHUF,395.75
2025-08-22,EURHUF,395.83
2025-08-25,EURHUF,397.4
2025-08-26,EURHUF,396.88
2025-08-27,EURHUF,396.85
2025-08-28,EURHUF,396.63
2025-08-29,EURHUF,396.9
2025-09-01,EURHUF,395.15
2025-09-02,EURHUF,395.58
2025-09-03,EURHUF,393.3
2025-09-04,EURHUF,393.15
2025-09-05,EURHUF,392.75
2025-09-08,EURHUF,393.58
2025-09-09,EURHUF,393.3
2025-09-10,EURHUF,393.4
2025-09-11,EURHUF,392.63
2025-09-12,EURHUF,391.13
2025-09-15,EURHUF,389.93
2025-09-16,EURHUF,389.78
2025-09-17,EURHUF,389.95
2025-09-18,EURHUF,388.58
2025-09-19,EURHUF,390.55
2025-09-22,EURHUF,389.1
2025-09-23,EURHUF,389.25
2025-09-24,EURHUF,391.08
2025-09-25,EURHUF,390.73
2025-09-26,EURHUF,391.6
2025-09-29,EURHUF,391.08
2025-09-30,EURHUF,390.26
2025-10-01,EURHUF,388.7
2025-10-02,EURHUF,388.75
2025-10-03,EURHUF,388.88
2025-10-06,EURHUF,389.13
2025-10-07,EURHUF,391.75
2025-10-08,EURHUF,392.4
2025-10-09,EURHUF,390.98
2025-10-10,EURHUF,390.49
2025-10-13,EURHUF,392.68
2025-10-14,EURHUF,393
2025-10-15,EURHUF,390.83
2025-10-16,EURHUF,389.78
2025-10-17,EURHUF,389.73
2025-10-20,EURHUF,389.55
2025-10-21,EURHUF,389.63
2025-10-22,EURHUF,389.39
2025-10-23,EURHUF,389.99
2025-10-24,EURHUF,389.55
2025-10-27,EURHUF,389.18
2025-10-28,EURHUF,388.3
2025-10-29,EURHUF,388.23
2025-10-30,EURHUF,388.95
2025-10-31,EURHUF,388.1
2025-11-03,EURHUF,387.35
2025-11-04,EURHUF,388.36
2025-11-05,EURHUF,387.03
2025-11-06,EURHUF,386.3
2025-11-07,EURHUF,385.44
2025-11-10,EURHUF,383.58
2025-11-11,EURHUF,385.66
2025-11-12,EURHUF,385.05
2025-11-13,EURHUF,384
2025-11-14,EURHUF,384.9
2025-11-17,EURHUF,383.93
2025-11-18,EURHUF,384.96
2025-11-19,EURHUF,382.33
2025-11-20,EURHUF,382.5
2025-11-21,EURHUF,383.43
2025-11-24,EURHUF,382.53
2025-11-25,EURHUF,381.56
2025-11-26,EURHUF,382
2025-11-27,EURHUF,381.68
2025-11-28,EURHUF,381.43
2025-12-01,EURHUF,380.64
2025-12-02,EURHUF,380.83
2025-12-03,EURHUF,381
2025-12-04,EURHUF,382.03
2025-12-05,EURHUF,381.78
2025-12-08,EURHUF,383.18
2025-12-09,EURHUF,383.85
2025-12-10,EURHUF,383.8
2025-12-11,EURHUF,384.49
2025-12-12,EURHUF,384.43
2025-12-15,EURHUF,385.15
2025-12-16,EURHUF,384.3
2025-12-17,EURHUF,387.15
2025-12-18,EURHUF,387.9
2025-12-19,EURHUF,386.8
2025-12-22,EURHUF,387.88
2025-12-23,EURHUF,391.03
2025-12-24,EURHUF,389.53
2025-12-29,EURHUF,387.5
2025-12-30,EURHUF,385.95
2025-12-31,EURHUF,385.15
2026-01-02,EURHUF,383.58
2026-01-05,EURHUF,384.55
2026-01-06,EURHUF,385.03
2026-01-07,EURHUF,384.98
2026-01-08,EURHUF,384.75
2026-01-09,EURHUF,386.03
2026-01-12,EURHUF,386.85
2026-01-13,EURHUF,386.75
2026-01-14,EURHUF,386.95
2026-01-15,EURHUF,385.65
2026-01-16,EURHUF,385.33
2026-01-19,EURHUF,386.15
2026-01-20,EURHUF,385.85
2026-01-21,EURHUF,385.65
2026-01-22,EURHUF,382.7
2026-01-23,EURHUF,382.15
2026-01-26,EURHUF,381.85
2026-01-27,EURHUF,380.6
2026-01-28,EURHUF,380.9
2026-01-29,EURHUF,380.73
2026-01-30,EURHUF,380.7
2026-02-02,EURHUF,381.2
2026-02-03,EURHUF,380.4
2026-02-04,EURHUF,380.38
2026-02-05,EURHUF,379.65
2026-02-06,EURHUF,377.95
2026-02-09,EURHUF,377.08
2026-02-10,EURHUF,377.95
2026-02-11,EURHUF,379.03
2026-02-12,EURHUF,379.88
2026-02-13,EURHUF,379.08
2026-02-16,EURHUF,377.13
2026-02-17,EURHUF,378.43
2026-02-18,EURHUF,378.23
2026-02-19,EURHUF,379.73
2026-02-20,EURHUF,379.65
2026-02-23,EURHUF,379.65
2026-02-24,EURHUF,379
2026-02-25,EURHUF,375.88
2026-02-26,EURHUF,375.2
2026-02-27,EURHUF,376.63
2026-03-02,EURHUF,381.7
2026-03-03,EURHUF,387.89
2026-03-04,EURHUF,384.33
2026-03-05,EURHUF,387.55
2026-03-06,EURHUF,393.4
2026-03-09,EURHUF,396.38
2026-03-10,EURHUF,385.83
2026-03-11,EURHUF,387.83
2026-03-12,EURHUF,387.54
2026-03-13,EURHUF,391.48
2026-03-16,EURHUF,390.23
2026-03-17,EURHUF,388.33
2026-03-18,EURHUF,392.83
2026-03-19,EURHUF,394.3
2026-03-20,EURHUF,392.48
2026-03-23,EURHUF,388.45
2026-03-24,EURHUF,389.88
2026-03-25,EURHUF,389.18
2026-03-26,EURHUF,388.35
2026-03-27,EURHUF,389.73
2026-03-30,EURHUF,389.53
2026-03-31,EURHUF,384.88
2026-04-01,EURHUF,381.9
2026-04-02,EURHUF,383.93
2026-04-07,EURHUF,382.3
2026-04-08,EURHUF,375.63
2026-04-09,EURHUF,377.08
2026-04-10,EURHUF,377.2
2026-04-13,EURHUF,366.9
2026-04-14,EURHUF,363.85
2026-04-15,EURHUF,364.88
2026-04-16,EURHUF,364.55
2026-04-17,EURHUF,362.7
2026-04-20,EURHUF,362.48
2026-04-21,EURHUF,362.15
2026-04-22,EURHUF,365.54
2026-04-23,EURHUF,364.89
2026-04-24,EURHUF,365.5
2026-04-27,EURHUF,363.68
2026-04-28,EURHUF,365.3
2026-04-29,EURHUF,363.88
2026-04-30,EURHUF,364.85
2026-05-04,EURHUF,363.33
2026-05-05,EURHUF,362.83
2026-05-06,EURHUF,359.15
2026-05-07,EURHUF,355.85
2026-05-08,EURHUF,356.15
2026-05-11,EURHUF,356.03
2026-05-12,EURHUF,357.23
2026-05-13,EURHUF,358.7
2026-05-14,EURHUF,357.43
2026-05-15,EURHUF,359.78
2026-05-18,EURHUF,361.08
2026-05-19,EURHUF,360.65
2026-05-20,EURHUF,361.3
2026-05-21,EURHUF,360.53
2026-05-22,EURHUF,359.08
2026-05-25,EURHUF,356.35
2026-05-26,EURHUF,355.35
2026-05-27,EURHUF,354.83
2026-05-28,EURHUF,355.28
2026-05-29,EURHUF,353.69
2026-06-01,EURHUF,354.8
2026-06-02,EURHUF,354.53
2026-06-03,EURHUF,354.85
2026-06-04,EURHUF,354.33
2026-06-05,EURHUF,354.15
2026-06-08,EURHUF,355.55
2026-06-09,EURHUF,355.33
2026-06-10,EURHUF,356.58
2026-06-11,EURHUF,355.1
2026-06-12,EURHUF,352.88
2026-06-15,EURHUF,350.48
2026-06-16,EURHUF,349.53
2026-06-17,EURHUF,349.68
2026-06-18,EURHUF,352.8
2026-06-19,EURHUF,352.68
2026-06-22,EURHUF,352.33
2026-06-23,EURHUF,354.58
2026-06-24,EURHUF,356.18
2026-06-25,EURHUF,355.53
2026-06-26,EURHUF,354.13
2026-06-29,EURHUF,354.33
2026-06-30,EURHUF,356.3
2026-07-01,EURHUF,355.83
2026-07-02,EURHUF,355.98
2026-07-03,EURHUF,353.1
2026-07-06,EURHUF,353.5
2026-07-07,EURHUF,353.9
2026-07-08,EURHUF,358
2026-07-09,EURHUF,357.8
2026-07-10,EURHUF,356.4
2026-07-13,EURHUF,356.78
2026-07-14,EURHUF,361.33
2026-07-15,EURHUF,359.65
2026-07-16,EURHUF,361.05
2026-07-17,EURHUF,363.53
2026-07-20,EURHUF,361.35
2026-07-21,EURHUF,360.4
2026-07-22,EURHUF,363.9
2026-07-23,EURHUF,364.45
2025-07-18,USDJPY,148.45
2025-07-21,USDJPY,147.44
2025-07-22,USDJPY,147.17
2025-07-23,USDJPY,146.28
2025-07-24,USDJPY,146.5
2025-07-25,USDJPY,147.65
2025-07-28,USDJPY,148.15
2025-07-29,USDJPY,148.77
2025-07-30,USDJPY,148.31
2025-07-31,USDJPY,149.85
2025-08-01,USDJPY,150.48
2025-08-04,USDJPY,147.38
2025-08-05,USDJPY,147.6
2025-08-06,USDJPY,147.55
2025-08-07,USDJPY,147.38
2025-08-08,USDJPY,147.82
2025-08-11,USDJPY,147.87
2025-08-12,USDJPY,148.46
2025-08-13,USDJPY,147.27
2025-08-14,USDJPY,146.54
2025-08-15,USDJPY,147
2025-08-18,USDJPY,147.58
2025-08-19,USDJPY,147.81
2025-08-20,USDJPY,147.43
2025-08-21,USDJPY,147.86
2025-08-22,USDJPY,148.69
2025-08-25,USDJPY,147.35
2025-08-26,USDJPY,147.37
2025-08-27,USDJPY,148.05
2025-08-28,USDJPY,146.87
2025-08-29,USDJPY,147.3
2025-09-01,USDJPY,147.22
2025-09-02,USDJPY,148.63
2025-09-03,USDJPY,148.61
2025-09-04,USDJPY,148.33
2025-09-05,USDJPY,147.98
2025-09-08,USDJPY,147.84
2025-09-09,USDJPY,146.76
2025-09-10,USDJPY,147.49
2025-09-11,USDJPY,147.95
2025-09-12,USDJPY,147.92
2025-09-15,USDJPY,147.36
2025-09-16,USDJPY,146.99
2025-09-17,USDJPY,146.39
2025-09-18,USDJPY,147.44
2025-09-19,USDJPY,148.08
2025-09-22,USDJPY,147.84
2025-09-23,USDJPY,147.8
2025-09-24,USDJPY,148.44
2025-09-25,USDJPY,148.82
2025-09-26,USDJPY,149.75
2025-09-29,USDJPY,148.75
2025-09-30,USDJPY,147.99
2025-10-01,USDJPY,147.11
2025-10-02,USDJPY,146.78
2025-10-03,USDJPY,147.35
2025-10-06,USDJPY,150.04
2025-10-07,USDJPY,150.91
2025-10-08,USDJPY,152.69
2025-10-09,USDJPY,152.79
2025-10-10,USDJPY,152.54
2025-10-13,USDJPY,152.11
2025-10-14,USDJPY,152.1
2025-10-15,USDJPY,151.55
2025-10-16,USDJPY,151.28
2025-10-17,USDJPY,150.42
2025-10-20,USDJPY,150.76
2025-10-21,USDJPY,152.02
2025-10-22,USDJPY,151.83
2025-10-23,USDJPY,152.63
2025-10-24,USDJPY,152.9
2025-10-27,USDJPY,152.86
2025-10-28,USDJPY,152.29
2025-10-29,USDJPY,152.17
2025-10-30,USDJPY,154.43
2025-10-31,USDJPY,154.18
2025-11-03,USDJPY,154.22
2025-11-04,USDJPY,153.5
2025-11-05,USDJPY,153.73
2025-11-06,USDJPY,153.6
2025-11-07,USDJPY,153.09
2025-11-10,USDJPY,154.1
2025-11-11,USDJPY,154.18
2025-11-12,USDJPY,154.79
2025-11-13,USDJPY,154.55
2025-11-14,USDJPY,153.86
2025-11-17,USDJPY,154.9
2025-11-18,USDJPY,155.25
2025-11-19,USDJPY,156.13
2025-11-20,USDJPY,157.61
2025-11-21,USDJPY,156.74
2025-11-24,USDJPY,156.98
2025-11-25,USDJPY,156.19
2025-11-26,USDJPY,156.42
2025-11-27,USDJPY,156.32
2025-11-28,USDJPY,156.12
2025-12-01,USDJPY,154.8
2025-12-02,USDJPY,156.07
2025-12-03,USDJPY,155.37
2025-12-04,USDJPY,154.77
2025-12-05,USDJPY,155.23
2025-12-08,USDJPY,155.55
2025-12-09,USDJPY,156.36
2025-12-10,USDJPY,156.71
2025-12-11,USDJPY,155.58
2025-12-12,USDJPY,155.99
2025-12-15,USDJPY,155.13
2025-12-16,USDJPY,154.61
2025-12-17,USDJPY,155.59
2025-12-18,USDJPY,155.77
2025-12-19,USDJPY,157.23
2025-12-22,USDJPY,157.32
2025-12-23,USDJPY,156.02
2025-12-24,USDJPY,155.96
2025-12-29,USDJPY,156.36
2025-12-30,USDJPY,156.06
2025-12-31,USDJPY,156.67
2026-01-02,USDJPY,156.93
2026-01-05,USDJPY,156.83
2026-01-06,USDJPY,156.44
2026-01-07,USDJPY,156.55
2026-01-08,USDJPY,156.72
2026-01-09,USDJPY,157.64
2026-01-12,USDJPY,157.73
2026-01-13,USDJPY,158.85
2026-01-14,USDJPY,158.63
2026-01-15,USDJPY,158.56
2026-01-16,USDJPY,158.1
2026-01-19,USDJPY,157.93
2026-01-20,USDJPY,157.9
2026-01-21,USDJPY,157.79
2026-01-22,USDJPY,158.79
2026-01-23,USDJPY,158.16
2026-01-26,USDJPY,154.21
2026-01-27,USDJPY,153.34
2026-01-28,USDJPY,152.63
2026-01-29,USDJPY,153.31
2026-01-30,USDJPY,154.03
2026-02-02,USDJPY,155.06
2026-02-03,USDJPY,155.85
2026-02-04,USDJPY,156.64
2026-02-05,USDJPY,156.9
2026-02-06,USDJPY,157.09
2026-02-09,USDJPY,156.19
2026-02-10,USDJPY,155.13
2026-02-11,USDJPY,153.61
2026-02-12,USDJPY,153.71
2026-02-13,USDJPY,153.29
2026-02-16,USDJPY,153.34
2026-02-17,USDJPY,153.1
2026-02-18,USDJPY,153.64
2026-02-19,USDJPY,154.9
2026-02-20,USDJPY,155.21
2026-02-23,USDJPY,154.82
2026-02-24,USDJPY,155.84
2026-02-25,USDJPY,156.74
2026-02-26,USDJPY,156.06
2026-02-27,USDJPY,155.98
2026-03-02,USDJPY,157.45
2026-03-03,USDJPY,157.66
2026-03-04,USDJPY,157.11
2026-03-05,USDJPY,157.54
2026-03-06,USDJPY,157.92
2026-03-09,USDJPY,158.5
2026-03-10,USDJPY,157.78
2026-03-11,USDJPY,158.56
2026-03-12,USDJPY,158.86
2026-03-13,USDJPY,159.33
2026-03-16,USDJPY,159.14
2026-03-17,USDJPY,158.95
2026-03-18,USDJPY,159.56
2026-03-19,USDJPY,158.81
2026-03-20,USDJPY,158.77
2026-03-23,USDJPY,158.55
2026-03-24,USDJPY,158.93
2026-03-25,USDJPY,158.96
2026-03-26,USDJPY,159.62
2026-03-27,USDJPY,159.9
2026-03-30,USDJPY,159.46
2026-03-31,USDJPY,159.5
2026-04-01,USDJPY,158.32
2026-04-02,USDJPY,159.6
2026-04-07,USDJPY,159.84
2026-04-08,USDJPY,158.15
2026-04-09,USDJPY,158.92
2026-04-10,USDJPY,159.19
2026-04-13,USDJPY,159.83
2026-04-14,USDJPY,158.85
2026-04-15,USDJPY,159.09
2026-04-16,USDJPY,158.98
2026-04-17,USDJPY,159.13
2026-04-20,USDJPY,158.91
2026-04-21,USDJPY,159.04
2026-04-22,USDJPY,159.22
2026-04-23,USDJPY,159.48
2026-04-24,USDJPY,159.42
2026-04-27,USDJPY,159.21
2026-04-28,USDJPY,159.74
2026-04-29,USDJPY,159.79
2026-04-30,USDJPY,156.56
2026-05-04,USDJPY,157.12
2026-05-05,USDJPY,157.81
2026-05-06,USDJPY,156.21
2026-05-07,USDJPY,156.39
2026-05-08,USDJPY,156.76
2026-05-11,USDJPY,157.14
2026-05-12,USDJPY,157.59
2026-05-13,USDJPY,157.77
2026-05-14,USDJPY,157.95
2026-05-15,USDJPY,158.55
2026-05-18,USDJPY,158.77
2026-05-19,USDJPY,159.11
2026-05-20,USDJPY,159.03
2026-05-21,USDJPY,159.14
2026-05-22,USDJPY,159.15
2026-05-25,USDJPY,158.93
2026-05-26,USDJPY,159.21
2026-05-27,USDJPY,159.42
2026-05-28,USDJPY,159.46
2026-05-29,USDJPY,159.27
2026-06-01,USDJPY,159.49
2026-06-02,USDJPY,159.75
2026-06-03,USDJPY,159.86
2026-06-04,USDJPY,159.8
2026-06-05,USDJPY,159.86
2026-06-08,USDJPY,159.97
2026-06-09,USDJPY,160.16
2026-06-10,USDJPY,160.49
2026-06-11,USDJPY,160.54
2026-06-12,USDJPY,160.2
2026-06-15,USDJPY,160.19
2026-06-16,USDJPY,160.38
2026-06-17,USDJPY,160.31
2026-06-18,USDJPY,160.93
2026-06-19,USDJPY,161.23
2026-06-22,USDJPY,161.78
2026-06-23,USDJPY,161.53
2026-06-24,USDJPY,161.68
2026-06-25,USDJPY,161.85
2026-06-26,USDJPY,161.65
2026-06-29,USDJPY,161.86
2026-06-30,USDJPY,162.44
2026-07-01,USDJPY,162.71
2026-07-02,USDJPY,161.58
2026-07-03,USDJPY,161.15
2026-07-06,USDJPY,162.34
2026-07-07,USDJPY,161.89
2026-07-08,USDJPY,162.49
2026-07-09,USDJPY,162.41
2026-07-10,USDJPY,161.87
2026-07-13,USDJPY,162.14
2026-07-14,USDJPY,162.22
2026-07-15,USDJPY,162.39
2026-07-16,USDJPY,162.2
2026-07-17,USDJPY,162.35
2026-07-20,USDJPY,162.38
2026-07-21,USDJPY,162.74
2026-07-22,USDJPY,163.07
2026-07-23,USDJPY,163.47
2025-07-18,USDCHF,0.80034
2025-07-21,USDCHF,0.79926
2025-07-22,USDCHF,0.79716
2025-07-23,USDCHF,0.79362
2025-07-24,USDCHF,0.79457
2025-07-25,USDCHF,0.79691
2025-07-28,USDCHF,0.80093
2025-07-29,USDCHF,0.80682
2025-07-30,USDCHF,0.80689
2025-07-31,USDCHF,0.81225
2025-08-01,USDCHF,0.81656
2025-08-04,USDCHF,0.80796
2025-08-05,USDCHF,0.80954
2025-08-06,USDCHF,0.80739
2025-08-07,USDCHF,0.80847
2025-08-08,USDCHF,0.80786
2025-08-11,USDCHF,0.81139
2025-08-12,USDCHF,0.81148
2025-08-13,USDCHF,0.80343
2025-08-14,USDCHF,0.80539
2025-08-15,USDCHF,0.80578
2025-08-18,USDCHF,0.80725
2025-08-19,USDCHF,0.80543
2025-08-20,USDCHF,0.80706
2025-08-21,USDCHF,0.80668
2025-08-22,USDCHF,0.80832
2025-08-25,USDCHF,0.80234
2025-08-26,USDCHF,0.80439
2025-08-27,USDCHF,0.80652
2025-08-28,USDCHF,0.80104
2025-08-29,USDCHF,0.80323
2025-09-01,USDCHF,0.80094
2025-09-02,USDCHF,0.80422
2025-09-03,USDCHF,0.80443
2025-09-04,USDCHF,0.80562
2025-09-05,USDCHF,0.80277
2025-09-08,USDCHF,0.79536
2025-09-09,USDCHF,0.79453
2025-09-10,USDCHF,0.79764
2025-09-11,USDCHF,0.79983
2025-09-12,USDCHF,0.79766
2025-09-15,USDCHF,0.79492
2025-09-16,USDCHF,0.79072
2025-09-17,USDCHF,0.78711
2025-09-18,USDCHF,0.78956
2025-09-19,USDCHF,0.79618
2025-09-22,USDCHF,0.79348
2025-09-23,USDCHF,0.79233
2025-09-24,USDCHF,0.79406
2025-09-25,USDCHF,0.79598
2025-09-26,USDCHF,0.79952
2025-09-29,USDCHF,0.79817
2025-09-30,USDCHF,0.79755
2025-10-01,USDCHF,0.79879
2025-10-02,USDCHF,0.79547
2025-10-03,USDCHF,0.79623
2025-10-06,USDCHF,0.79757
2025-10-07,USDCHF,0.79839
2025-10-08,USDCHF,0.80029
2025-10-09,USDCHF,0.80174
2025-10-10,USDCHF,0.80602
2025-10-13,USDCHF,0.80422
2025-10-14,USDCHF,0.80464
2025-10-15,USDCHF,0.80064
2025-10-16,USDCHF,0.79852
2025-10-17,USDCHF,0.79248
2025-10-20,USDCHF,0.79271
2025-10-21,USDCHF,0.79521
2025-10-22,USDCHF,0.79641
2025-10-23,USDCHF,0.79781
2025-10-24,USDCHF,0.79642
2025-10-27,USDCHF,0.79588
2025-10-28,USDCHF,0.79639
2025-10-29,USDCHF,0.79735
2025-10-30,USDCHF,0.80355
2025-10-31,USDCHF,0.80379
2025-11-03,USDCHF,0.80754
2025-11-04,USDCHF,0.80889
2025-11-05,USDCHF,0.80987
2025-11-06,USDCHF,0.80777
2025-11-07,USDCHF,0.80547
2025-11-10,USDCHF,0.80529
2025-11-11,USDCHF,0.80156
2025-11-12,USDCHF,0.79907
2025-11-13,USDCHF,0.79559
2025-11-14,USDCHF,0.78855
2025-11-17,USDCHF,0.79574
2025-11-18,USDCHF,0.79664
2025-11-19,USDCHF,0.80152
2025-11-20,USDCHF,0.80719
2025-11-21,USDCHF,0.80634
2025-11-24,USDCHF,0.80769
2025-11-25,USDCHF,0.80902
2025-11-26,USDCHF,0.80686
2025-11-27,USDCHF,0.80589
2025-11-28,USDCHF,0.80564
2025-12-01,USDCHF,0.80053
2025-12-02,USDCHF,0.80472
2025-12-03,USDCHF,0.80014
2025-12-04,USDCHF,0.80062
2025-12-05,USDCHF,0.80421
2025-12-08,USDCHF,0.80549
2025-12-09,USDCHF,0.80648
2025-12-10,USDCHF,0.80419
2025-12-11,USDCHF,0.79674
2025-12-12,USDCHF,0.79558
2025-12-15,USDCHF,0.79597
2025-12-16,USDCHF,0.79407
2025-12-17,USDCHF,0.79611
2025-12-18,USDCHF,0.79495
2025-12-19,USDCHF,0.79559
2025-12-22,USDCHF,0.79319
2025-12-23,USDCHF,0.78797
2025-12-24,USDCHF,0.78765
2025-12-29,USDCHF,0.78982
2025-12-30,USDCHF,0.79042
2025-12-31,USDCHF,0.79268
2026-01-02,USDCHF,0.79311
2026-01-05,USDCHF,0.79638
2026-01-06,USDCHF,0.79329
2026-01-07,USDCHF,0.7963
2026-01-08,USDCHF,0.7976
2026-01-09,USDCHF,0.80003
2026-01-12,USDCHF,0.79653
2026-01-13,USDCHF,0.79895
2026-01-14,USDCHF,0.80105
2026-01-15,USDCHF,0.80127
2026-01-16,USDCHF,0.80167
2026-01-19,USDCHF,0.79804
2026-01-20,USDCHF,0.79025
2026-01-21,USDCHF,0.78951
2026-01-22,USDCHF,0.79301
2026-01-23,USDCHF,0.79007
2026-01-26,USDCHF,0.77923
2026-01-27,USDCHF,0.77098
2026-01-28,USDCHF,0.76733
2026-01-29,USDCHF,0.76721
2026-01-30,USDCHF,0.76827
2026-02-02,USDCHF,0.77694
2026-02-03,USDCHF,0.77731
2026-02-04,USDCHF,0.77563
2026-02-05,USDCHF,0.77649
2026-02-06,USDCHF,0.77794
2026-02-09,USDCHF,0.76981
2026-02-10,USDCHF,0.76703
2026-02-11,USDCHF,0.76773
2026-02-12,USDCHF,0.76992
2026-02-13,USDCHF,0.76893
2026-02-16,USDCHF,0.77005
2026-02-17,USDCHF,0.77084
2026-02-18,USDCHF,0.77028
2026-02-19,USDCHF,0.77589
2026-02-20,USDCHF,0.77607
2026-02-23,USDCHF,0.77605
2026-02-24,USDCHF,0.77439
2026-02-25,USDCHF,0.77478
2026-02-26,USDCHF,0.77366
2026-02-27,USDCHF,0.7712
2026-03-02,USDCHF,0.77936
2026-03-03,USDCHF,0.78468
2026-03-04,USDCHF,0.77964
2026-03-05,USDCHF,0.78017
2026-03-06,USDCHF,0.78237
2026-03-09,USDCHF,0.77958
2026-03-10,USDCHF,0.77545
2026-03-11,USDCHF,0.77981
2026-03-12,USDCHF,0.78185
2026-03-13,USDCHF,0.78721
2026-03-16,USDCHF,0.78768
2026-03-17,USDCHF,0.7864
2026-03-18,USDCHF,0.78896
2026-03-19,USDCHF,0.79389
2026-03-20,USDCHF,0.78719
2026-03-23,USDCHF,0.78682
2026-03-24,USDCHF,0.79027
2026-03-25,USDCHF,0.7896
2026-03-26,USDCHF,0.79305
2026-03-27,USDCHF,0.79691
2026-03-30,USDCHF,0.79998
2026-03-31,USDCHF,0.79962
2026-04-01,USDCHF,0.79199
2026-04-02,USDCHF,0.79939
2026-04-07,USDCHF,0.79969
2026-04-08,USDCHF,0.78789
2026-04-09,USDCHF,0.79076
2026-04-10,USDCHF,0.78909
2026-04-13,USDCHF,0.791
2026-04-14,USDCHF,0.78097
2026-04-15,USDCHF,0.78268
2026-04-16,USDCHF,0.7834
2026-04-17,USDCHF,0.78249
2026-04-20,USDCHF,0.78138
2026-04-21,USDCHF,0.77947
2026-04-22,USDCHF,0.78198
2026-04-23,USDCHF,0.78476
2026-04-24,USDCHF,0.78543
2026-04-27,USDCHF,0.7839
2026-04-28,USDCHF,0.79092
2026-04-29,USDCHF,0.789
2026-04-30,USDCHF,0.78534
2026-05-04,USDCHF,0.78402
2026-05-05,USDCHF,0.78427
2026-05-06,USDCHF,0.7792
2026-05-07,USDCHF,0.77799
2026-05-08,USDCHF,0.77851
2026-05-11,USDCHF,0.77884
2026-05-12,USDCHF,0.78139
2026-05-13,USDCHF,0.78148
2026-05-14,USDCHF,0.78192
2026-05-15,USDCHF,0.78638
2026-05-18,USDCHF,0.78503
2026-05-19,USDCHF,0.78744
2026-05-20,USDCHF,0.79009
2026-05-21,USDCHF,0.78843
2026-05-22,USDCHF,0.78646
2026-05-25,USDCHF,0.7815
2026-05-26,USDCHF,0.78528
2026-05-27,USDCHF,0.78654
2026-05-28,USDCHF,0.7891
2026-05-29,USDCHF,0.78246
2026-06-01,USDCHF,0.78379
2026-06-02,USDCHF,0.78539
2026-06-03,USDCHF,0.78931
2026-06-04,USDCHF,0.78763
2026-06-05,USDCHF,0.78823
2026-06-08,USDCHF,0.7961
2026-06-09,USDCHF,0.79547
2026-06-10,USDCHF,0.7992
2026-06-11,USDCHF,0.79925
2026-06-12,USDCHF,0.79684
2026-06-15,USDCHF,0.79366
2026-06-16,USDCHF,0.79558
2026-06-17,USDCHF,0.79312
2026-06-18,USDCHF,0.80429
2026-06-19,USDCHF,0.80649
2026-06-22,USDCHF,0.80805
2026-06-23,USDCHF,0.80978
2026-06-24,USDCHF,0.8127
2026-06-25,USDCHF,0.81317
2026-06-26,USDCHF,0.80853
2026-06-29,USDCHF,0.80852
2026-06-30,USDCHF,0.80955
2026-07-01,USDCHF,0.81121
2026-07-02,USDCHF,0.80709
2026-07-03,USDCHF,0.80276
2026-07-06,USDCHF,0.80604
2026-07-07,USDCHF,0.80626
2026-07-08,USDCHF,0.80866
2026-07-09,USDCHF,0.80691
2026-07-10,USDCHF,0.80691
2026-07-13,USDCHF,0.80996
2026-07-14,USDCHF,0.81166
2026-07-15,USDCHF,0.8115
2026-07-16,USDCHF,0.80666
2026-07-17,USDCHF,0.807
2026-07-20,USDCHF,0.80833
2026-07-21,USDCHF,0.81091
2026-07-22,USDCHF,0.81241
2026-07-23,USDCHF,0.81592
2025-07-18,USDCAD,1.372
2025-07-21,USDCAD,1.3705
2025-07-22,USDCAD,1.367
2025-07-23,USDCAD,1.3583
2025-07-24,USDCAD,1.3618
2025-07-25,USDCAD,1.3677
2025-07-28,USDCAD,1.3722
2025-07-29,USDCAD,1.3775
2025-07-30,USDCAD,1.3794
2025-07-31,USDCAD,1.3837
2025-08-01,USDCAD,1.3874
2025-08-04,USDCAD,1.3778
2025-08-05,USDCAD,1.3795
2025-08-06,USDCAD,1.376
2025-08-07,USDCAD,1.3743
2025-08-08,USDCAD,1.3739
2025-08-11,USDCAD,1.3784
2025-08-12,USDCAD,1.3799
2025-08-13,USDCAD,1.376
2025-08-14,USDCAD,1.3784
2025-08-15,USDCAD,1.3792
2025-08-18,USDCAD,1.3791
2025-08-19,USDCAD,1.381
2025-08-20,USDCAD,1.3867
2025-08-21,USDCAD,1.3888
2025-08-22,USDCAD,1.3914
2025-08-25,USDCAD,1.3825
2025-08-26,USDCAD,1.3844
2025-08-27,USDCAD,1.385
2025-08-28,USDCAD,1.3756
2025-08-29,USDCAD,1.3751
2025-09-01,USDCAD,1.3747
2025-09-02,USDCAD,1.3787
2025-09-03,USDCAD,1.3798
2025-09-04,USDCAD,1.3818
2025-09-05,USDCAD,1.3797
2025-09-08,USDCAD,1.3805
2025-09-09,USDCAD,1.3811
2025-09-10,USDCAD,1.3858
2025-09-11,USDCAD,1.3883
2025-09-12,USDCAD,1.3848
2025-09-15,USDCAD,1.3821
2025-09-16,USDCAD,1.3749
2025-09-17,USDCAD,1.3754
2025-09-18,USDCAD,1.3782
2025-09-19,USDCAD,1.3816
2025-09-22,USDCAD,1.3812
2025-09-23,USDCAD,1.3828
2025-09-24,USDCAD,1.3867
2025-09-25,USDCAD,1.3894
2025-09-26,USDCAD,1.3948
2025-09-29,USDCAD,1.3932
2025-09-30,USDCAD,1.3922
2025-10-01,USDCAD,1.3935
2025-10-02,USDCAD,1.3942
2025-10-03,USDCAD,1.3965
2025-10-06,USDCAD,1.3961
2025-10-07,USDCAD,1.3955
2025-10-08,USDCAD,1.3942
2025-10-09,USDCAD,1.3951
2025-10-10,USDCAD,1.402
2025-10-13,USDCAD,1.4009
2025-10-14,USDCAD,1.4065
2025-10-15,USDCAD,1.4045
2025-10-16,USDCAD,1.4053
2025-10-17,USDCAD,1.4034
2025-10-20,USDCAD,1.4044
2025-10-21,USDCAD,1.4044
2025-10-22,USDCAD,1.4028
2025-10-23,USDCAD,1.3992
2025-10-24,USDCAD,1.4025
2025-10-27,USDCAD,1.3983
2025-10-28,USDCAD,1.4002
2025-10-29,USDCAD,1.3928
2025-10-30,USDCAD,1.4008
2025-10-31,USDCAD,1.4027
2025-11-03,USDCAD,1.4044
2025-11-04,USDCAD,1.4079
2025-11-05,USDCAD,1.413
2025-11-06,USDCAD,1.4092
2025-11-07,USDCAD,1.4109
2025-11-10,USDCAD,1.4012
2025-11-11,USDCAD,1.4025
2025-11-12,USDCAD,1.4008
2025-11-13,USDCAD,1.4005
2025-11-14,USDCAD,1.402
2025-11-17,USDCAD,1.4034
2025-11-18,USDCAD,1.4027
2025-11-19,USDCAD,1.4012
2025-11-20,USDCAD,1.4065
2025-11-21,USDCAD,1.4085
2025-11-24,USDCAD,1.4102
2025-11-25,USDCAD,1.4112
2025-11-26,USDCAD,1.4087
2025-11-27,USDCAD,1.4045
2025-11-28,USDCAD,1.4015
2025-12-01,USDCAD,1.3961
2025-12-02,USDCAD,1.4004
2025-12-03,USDCAD,1.3944
2025-12-04,USDCAD,1.3971
2025-12-05,USDCAD,1.3937
2025-12-08,USDCAD,1.3805
2025-12-09,USDCAD,1.3847
2025-12-10,USDCAD,1.3846
2025-12-11,USDCAD,1.3799
2025-12-12,USDCAD,1.3758
2025-12-15,USDCAD,1.3757
2025-12-16,USDCAD,1.3762
2025-12-17,USDCAD,1.379
2025-12-18,USDCAD,1.379
2025-12-19,USDCAD,1.3794
2025-12-22,USDCAD,1.3766
2025-12-23,USDCAD,1.3701
2025-12-24,USDCAD,1.3683
2025-12-29,USDCAD,1.3689
2025-12-30,USDCAD,1.3697
2025-12-31,USDCAD,1.3692
2026-01-02,USDCAD,1.3733
2026-01-05,USDCAD,1.3792
2026-01-06,USDCAD,1.3777
2026-01-07,USDCAD,1.3809
2026-01-08,USDCAD,1.3861
2026-01-09,USDCAD,1.3883
2026-01-12,USDCAD,1.3872
2026-01-13,USDCAD,1.3877
2026-01-14,USDCAD,1.3878
2026-01-15,USDCAD,1.3904
2026-01-16,USDCAD,1.3889
2026-01-19,USDCAD,1.3884
2026-01-20,USDCAD,1.3826
2026-01-21,USDCAD,1.3793
2026-01-22,USDCAD,1.3814
2026-01-23,USDCAD,1.3763
2026-01-26,USDCAD,1.3712
2026-01-27,USDCAD,1.3678
2026-01-28,USDCAD,1.3564
2026-01-29,USDCAD,1.3524
2026-01-30,USDCAD,1.3525
2026-02-02,USDCAD,1.3646
2026-02-03,USDCAD,1.3656
2026-02-04,USDCAD,1.3653
2026-02-05,USDCAD,1.3684
2026-02-06,USDCAD,1.3666
2026-02-09,USDCAD,1.3608
2026-02-10,USDCAD,1.3571
2026-02-11,USDCAD,1.3561
2026-02-12,USDCAD,1.3583
2026-02-13,USDCAD,1.3624
2026-02-16,USDCAD,1.3627
2026-02-17,USDCAD,1.3656
2026-02-18,USDCAD,1.3646
2026-02-19,USDCAD,1.3705
2026-02-20,USDCAD,1.3693
2026-02-23,USDCAD,1.369
2026-02-24,USDCAD,1.3711
2026-02-25,USDCAD,1.3691
2026-02-26,USDCAD,1.3674
2026-02-27,USDCAD,1.3671
2026-03-02,USDCAD,1.367
2026-03-03,USDCAD,1.3685
2026-03-04,USDCAD,1.3658
2026-03-05,USDCAD,1.3624
2026-03-06,USDCAD,1.3651
2026-03-09,USDCAD,1.357
2026-03-10,USDCAD,1.3553
2026-03-11,USDCAD,1.3593
2026-03-12,USDCAD,1.3602
2026-03-13,USDCAD,1.3703
2026-03-16,USDCAD,1.3681
2026-03-17,USDCAD,1.3706
2026-03-18,USDCAD,1.3717
2026-03-19,USDCAD,1.3726
2026-03-20,USDCAD,1.3716
2026-03-23,USDCAD,1.3708
2026-03-24,USDCAD,1.3749
2026-03-25,USDCAD,1.3783
2026-03-26,USDCAD,1.3835
2026-03-27,USDCAD,1.387
2026-03-30,USDCAD,1.3921
2026-03-31,USDCAD,1.3935
2026-04-01,USDCAD,1.3894
2026-04-02,USDCAD,1.3909
2026-04-07,USDCAD,1.3912
2026-04-08,USDCAD,1.386
2026-04-09,USDCAD,1.3843
2026-04-10,USDCAD,1.3822
2026-04-13,USDCAD,1.3845
2026-04-14,USDCAD,1.3758
2026-04-15,USDCAD,1.3782
2026-04-16,USDCAD,1.3728
2026-04-17,USDCAD,1.3672
2026-04-20,USDCAD,1.3695
2026-04-21,USDCAD,1.3657
2026-04-22,USDCAD,1.3666
2026-04-23,USDCAD,1.367
2026-04-24,USDCAD,1.3681
2026-04-27,USDCAD,1.36
2026-04-28,USDCAD,1.3676
2026-04-29,USDCAD,1.3674
2026-04-30,USDCAD,1.3668
2026-05-04,USDCAD,1.3615
2026-05-05,USDCAD,1.3615
2026-05-06,USDCAD,1.3602
2026-05-07,USDCAD,1.3628
2026-05-08,USDCAD,1.3658
2026-05-11,USDCAD,1.3667
2026-05-12,USDCAD,1.3706
2026-05-13,USDCAD,1.3691
2026-05-14,USDCAD,1.3724
2026-05-15,USDCAD,1.3756
2026-05-18,USDCAD,1.3741
2026-05-19,USDCAD,1.3756
2026-05-20,USDCAD,1.3758
2026-05-21,USDCAD,1.377
2026-05-22,USDCAD,1.3801
2026-05-25,USDCAD,1.3813
2026-05-26,USDCAD,1.3812
2026-05-27,USDCAD,1.3834
2026-05-28,USDCAD,1.3854
2026-05-29,USDCAD,1.3805
2026-06-01,USDCAD,1.383
2026-06-02,USDCAD,1.3837
2026-06-03,USDCAD,1.3857
2026-06-04,USDCAD,1.3897
2026-06-05,USDCAD,1.3882
2026-06-08,USDCAD,1.3937
2026-06-09,USDCAD,1.3921
2026-06-10,USDCAD,1.3929
2026-06-11,USDCAD,1.3979
2026-06-12,USDCAD,1.3988
2026-06-15,USDCAD,1.3981
2026-06-16,USDCAD,1.4014
2026-06-17,USDCAD,1.4012
2026-06-18,USDCAD,1.4125
2026-06-19,USDCAD,1.4152
2026-06-22,USDCAD,1.4161
2026-06-23,USDCAD,1.4187
2026-06-24,USDCAD,1.4233
2026-06-25,USDCAD,1.424
2026-06-26,USDCAD,1.4182
2026-06-29,USDCAD,1.4204
2026-06-30,USDCAD,1.4236
2026-07-01,USDCAD,1.4224
2026-07-02,USDCAD,1.4214
2026-07-03,USDCAD,1.4202
2026-07-06,USDCAD,1.4223
2026-07-07,USDCAD,1.4218
2026-07-08,USDCAD,1.4184
2026-07-09,USDCAD,1.4169
2026-07-10,USDCAD,1.4153
2026-07-13,USDCAD,1.4135
2026-07-14,USDCAD,1.4112
2026-07-15,USDCAD,1.4074
2026-07-16,USDCAD,1.4025
2026-07-17,USDCAD,1.4023
2026-07-20,USDCAD,1.4031
2026-07-21,USDCAD,1.4073
2026-07-22,USDCAD,1.4087
2026-07-23,USDCAD,1.4075
2025-07-18,USDMXN,18.7202
2025-07-21,USDMXN,18.6663
2025-07-22,USDMXN,18.6563
2025-07-23,USDMXN,18.6585
2025-07-24,USDMXN,18.5616
2025-07-25,USDMXN,18.5645
2025-07-28,USDMXN,18.6322
2025-07-29,USDMXN,18.8112
2025-07-30,USDMXN,18.7551
2025-07-31,USDMXN,18.824
2025-08-01,USDMXN,18.9548
2025-08-04,USDMXN,18.8474
2025-08-05,USDMXN,18.894
2025-08-06,USDMXN,18.7349
2025-08-07,USDMXN,18.6344
2025-08-08,USDMXN,18.5998
2025-08-11,USDMXN,18.619
2025-08-12,USDMXN,18.674
2025-08-13,USDMXN,18.5407
2025-08-14,USDMXN,18.6843
2025-08-15,USDMXN,18.7474
2025-08-18,USDMXN,18.8126
2025-08-19,USDMXN,18.7982
2025-08-20,USDMXN,18.7744
2025-08-21,USDMXN,18.7576
2025-08-22,USDMXN,18.7216
2025-08-25,USDMXN,18.639
2025-08-26,USDMXN,18.6402
2025-08-27,USDMXN,18.7294
2025-08-28,USDMXN,18.6091
2025-08-29,USDMXN,18.6945
2025-09-01,USDMXN,18.6095
2025-09-02,USDMXN,18.7816
2025-09-03,USDMXN,18.7051
2025-09-04,USDMXN,18.7714
2025-09-05,USDMXN,18.6817
2025-09-08,USDMXN,18.6596
2025-09-09,USDMXN,18.6248
2025-09-10,USDMXN,18.6273
2025-09-11,USDMXN,18.6401
2025-09-12,USDMXN,18.4878
2025-09-15,USDMXN,18.4158
2025-09-16,USDMXN,18.3493
2025-09-17,USDMXN,18.2926
2025-09-18,USDMXN,18.2307
2025-09-19,USDMXN,18.4288
2025-09-22,USDMXN,18.3932
2025-09-23,USDMXN,18.338
2025-09-24,USDMXN,18.4025
2025-09-25,USDMXN,18.4436
2025-09-26,USDMXN,18.4844
2025-09-29,USDMXN,18.3383
2025-09-30,USDMXN,18.3383
2025-10-01,USDMXN,18.2651
2025-10-02,USDMXN,18.3708
2025-10-03,USDMXN,18.4072
2025-10-06,USDMXN,18.4167
2025-10-07,USDMXN,18.3662
2025-10-08,USDMXN,18.39
2025-10-09,USDMXN,18.3171
2025-10-10,USDMXN,18.3748
2025-10-13,USDMXN,18.5098
2025-10-14,USDMXN,18.6038
2025-10-15,USDMXN,18.4564
2025-10-16,USDMXN,18.4351
2025-10-17,USDMXN,18.4102
2025-10-20,USDMXN,18.3912
2025-10-21,USDMXN,18.438
2025-10-22,USDMXN,18.4034
2025-10-23,USDMXN,18.4197
2025-10-24,USDMXN,18.4051
2025-10-27,USDMXN,18.3926
2025-10-28,USDMXN,18.4445
2025-10-29,USDMXN,18.4453
2025-10-30,USDMXN,18.5991
2025-10-31,USDMXN,18.5468
2025-11-03,USDMXN,18.5079
2025-11-04,USDMXN,18.6215
2025-11-05,USDMXN,18.6495
2025-11-06,USDMXN,18.5728
2025-11-07,USDMXN,18.5615
2025-11-10,USDMXN,18.4029
2025-11-11,USDMXN,18.3654
2025-11-12,USDMXN,18.2818
2025-11-13,USDMXN,18.2675
2025-11-14,USDMXN,18.374
2025-11-17,USDMXN,18.3343
2025-11-18,USDMXN,18.4435
2025-11-19,USDMXN,18.3269
2025-11-20,USDMXN,18.3715
2025-11-21,USDMXN,18.4514
2025-11-24,USDMXN,18.3983
2025-11-25,USDMXN,18.4469
2025-11-26,USDMXN,18.3675
2025-11-27,USDMXN,18.3463
2025-11-28,USDMXN,18.3443
2025-12-01,USDMXN,18.2784
2025-12-02,USDMXN,18.3107
2025-12-03,USDMXN,18.2525
2025-12-04,USDMXN,18.271
2025-12-05,USDMXN,18.1975
2025-12-08,USDMXN,18.1879
2025-12-09,USDMXN,18.277
2025-12-10,USDMXN,18.2044
2025-12-11,USDMXN,18.1774
2025-12-12,USDMXN,18.0377
2025-12-15,USDMXN,17.9801
2025-12-16,USDMXN,17.9628
2025-12-17,USDMXN,17.9858
2025-12-18,USDMXN,18.0024
2025-12-19,USDMXN,18.0149
2025-12-22,USDMXN,18.0026
2025-12-23,USDMXN,17.9442
2025-12-24,USDMXN,17.9028
2025-12-29,USDMXN,17.933
2025-12-30,USDMXN,17.9646
2025-12-31,USDMXN,17.9728
2026-01-02,USDMXN,17.9396
2026-01-05,USDMXN,18.0101
2026-01-06,USDMXN,17.9576
2026-01-07,USDMXN,17.981
2026-01-08,USDMXN,17.964
2026-01-09,USDMXN,18.0278
2026-01-12,USDMXN,17.9028
2026-01-13,USDMXN,17.8986
2026-01-14,USDMXN,17.8113
2026-01-15,USDMXN,17.7891
2026-01-16,USDMXN,17.675
2026-01-19,USDMXN,17.6296
2026-01-20,USDMXN,17.6236
2026-01-21,USDMXN,17.4785
2026-01-22,USDMXN,17.4851
2026-01-23,USDMXN,17.4434
2026-01-26,USDMXN,17.3902
2026-01-27,USDMXN,17.2982
2026-01-28,USDMXN,17.1547
2026-01-29,USDMXN,17.1507
2026-01-30,USDMXN,17.2817
2026-02-02,USDMXN,17.4096
2026-02-03,USDMXN,17.307
2026-02-04,USDMXN,17.2428
2026-02-05,USDMXN,17.3852
2026-02-06,USDMXN,17.3639
2026-02-09,USDMXN,17.2118
2026-02-10,USDMXN,17.2356
2026-02-11,USDMXN,17.2034
2026-02-12,USDMXN,17.1745
2026-02-13,USDMXN,17.2205
2026-02-16,USDMXN,17.1556
2026-02-17,USDMXN,17.2138
2026-02-18,USDMXN,17.1136
2026-02-19,USDMXN,17.2798
2026-02-20,USDMXN,17.2006
2026-02-23,USDMXN,17.197
2026-02-24,USDMXN,17.2828
2026-02-25,USDMXN,17.1487
2026-02-26,USDMXN,17.1771
2026-02-27,USDMXN,17.2122
2026-03-02,USDMXN,17.3491
2026-03-03,USDMXN,17.5151
2026-03-04,USDMXN,17.5483
2026-03-05,USDMXN,17.6338
2026-03-06,USDMXN,17.7857
2026-03-09,USDMXN,17.8477
2026-03-10,USDMXN,17.5595
2026-03-11,USDMXN,17.6496
2026-03-12,USDMXN,17.7128
2026-03-13,USDMXN,17.8215
2026-03-16,USDMXN,17.8001
2026-03-17,USDMXN,17.662
2026-03-18,USDMXN,17.7339
2026-03-19,USDMXN,17.918
2026-03-20,USDMXN,17.8174
2026-03-23,USDMXN,17.7665
2026-03-24,USDMXN,17.8854
2026-03-25,USDMXN,17.7657
2026-03-26,USDMXN,17.8178
2026-03-27,USDMXN,18.0577
2026-03-30,USDMXN,18.093
2026-03-31,USDMXN,18.0118
2026-04-01,USDMXN,17.8535
2026-04-02,USDMXN,17.9393
2026-04-07,USDMXN,17.7529
2026-04-08,USDMXN,17.4013
2026-04-09,USDMXN,17.436
2026-04-10,USDMXN,17.3495
2026-04-13,USDMXN,17.3913
2026-04-14,USDMXN,17.228
2026-04-15,USDMXN,17.3056
2026-04-16,USDMXN,17.2696
2026-04-17,USDMXN,17.2196
2026-04-20,USDMXN,17.3503
2026-04-21,USDMXN,17.3086
2026-04-22,USDMXN,17.3195
2026-04-23,USDMXN,17.3516
2026-04-24,USDMXN,17.3881
2026-04-27,USDMXN,17.3547
2026-04-28,USDMXN,17.4563
2026-04-29,USDMXN,17.3988
2026-04-30,USDMXN,17.5158
2026-05-04,USDMXN,17.4906
2026-05-05,USDMXN,17.4414
2026-05-06,USDMXN,17.2607
2026-05-07,USDMXN,17.2022
2026-05-08,USDMXN,17.2366
2026-05-11,USDMXN,17.2197
2026-05-12,USDMXN,17.2474
2026-05-13,USDMXN,17.2232
2026-05-14,USDMXN,17.1988
2026-05-15,USDMXN,17.3736
2026-05-18,USDMXN,17.2922
2026-05-19,USDMXN,17.3425
2026-05-20,USDMXN,17.3681
2026-05-21,USDMXN,17.3515
2026-05-22,USDMXN,17.3385
2026-05-25,USDMXN,17.2679
2026-05-26,USDMXN,17.2881
2026-05-27,USDMXN,17.3189
2026-05-28,USDMXN,17.3883
2026-05-29,USDMXN,17.3394
2026-06-01,USDMXN,17.327
2026-06-02,USDMXN,17.283
2026-06-03,USDMXN,17.2912
2026-06-04,USDMXN,17.2826
2026-06-05,USDMXN,17.2706
2026-06-08,USDMXN,17.4125
2026-06-09,USDMXN,17.3818
2026-06-10,USDMXN,17.479
2026-06-11,USDMXN,17.3919
2026-06-12,USDMXN,17.2243
2026-06-15,USDMXN,17.2113
2026-06-16,USDMXN,17.2027
2026-06-17,USDMXN,17.2105
2026-06-18,USDMXN,17.3914
2026-06-19,USDMXN,17.3364
2026-06-22,USDMXN,17.3311
2026-06-23,USDMXN,17.486
2026-06-24,USDMXN,17.6197
2026-06-25,USDMXN,17.6389
2026-06-26,USDMXN,17.5156
2026-06-29,USDMXN,17.4754
2026-06-30,USDMXN,17.468
2026-07-01,USDMXN,17.5341
2026-07-02,USDMXN,17.5586
2026-07-03,USDMXN,17.4472
2026-07-06,USDMXN,17.4845
2026-07-07,USDMXN,17.4238
2026-07-08,USDMXN,17.5754
2026-07-09,USDMXN,17.5505
2026-07-10,USDMXN,17.5276
2026-07-13,USDMXN,17.4908
2026-07-14,USDMXN,17.5
2026-07-15,USDMXN,17.4303
2026-07-16,USDMXN,17.4264
2026-07-17,USDMXN,17.4837
2026-07-20,USDMXN,17.4899
2026-07-21,USDMXN,17.3943
2026-07-22,USDMXN,17.4235
2026-07-23,USDMXN,17.4601
2025-07-18,USDINR,86.14
2025-07-21,USDINR,86.29
2025-07-22,USDINR,86.43
2025-07-23,USDINR,86.42
2025-07-24,USDINR,86.39
2025-07-25,USDINR,86.51
2025-07-28,USDINR,86.7
2025-07-29,USDINR,86.85
2025-07-30,USDINR,87.49
2025-07-31,USDINR,87.63
2025-08-01,USDINR,87.5
2025-08-04,USDINR,87.65
2025-08-05,USDINR,87.78
2025-08-06,USDINR,87.72
2025-08-07,USDINR,87.49
2025-08-08,USDINR,87.62
2025-08-11,USDINR,87.74
2025-08-12,USDINR,87.7
2025-08-13,USDINR,87.45
2025-08-14,USDINR,87.57
2025-08-15,USDINR,87.46
2025-08-18,USDINR,87.38
2025-08-19,USDINR,87.09
2025-08-20,USDINR,87.06
2025-08-21,USDINR,87.27
2025-08-22,USDINR,87.53
2025-08-25,USDINR,87.56
2025-08-26,USDINR,87.62
2025-08-27,USDINR,87.76
2025-08-28,USDINR,87.57
2025-08-29,USDINR,88.18
2025-09-01,USDINR,88.19
2025-09-02,USDINR,88.08
2025-09-03,USDINR,88.03
2025-09-04,USDINR,88.12
2025-09-05,USDINR,88.24
2025-09-08,USDINR,88.04
2025-09-09,USDINR,88.17
2025-09-10,USDINR,88.12
2025-09-11,USDINR,88.43
2025-09-12,USDINR,88.27
2025-09-15,USDINR,88.14
2025-09-16,USDINR,88.05
2025-09-17,USDINR,87.85
2025-09-18,USDINR,88.11
2025-09-19,USDINR,88.16
2025-09-22,USDINR,88.28
2025-09-23,USDINR,88.77
2025-09-24,USDINR,88.7
2025-09-25,USDINR,88.69
2025-09-26,USDINR,88.72
2025-09-29,USDINR,88.75
2025-09-30,USDINR,88.79
2025-10-01,USDINR,88.72
2025-10-02,USDINR,88.72
2025-10-03,USDINR,88.78
2025-10-06,USDINR,88.78
2025-10-07,USDINR,88.75
2025-10-08,USDINR,88.76
2025-10-09,USDINR,88.8
2025-10-10,USDINR,88.71
2025-10-13,USDINR,88.69
2025-10-14,USDINR,88.79
2025-10-15,USDINR,88.06
2025-10-16,USDINR,87.93
2025-10-17,USDINR,88
2025-10-20,USDINR,87.9
2025-10-21,USDINR,87.97
2025-10-22,USDINR,88.42
2025-10-23,USDINR,87.82
2025-10-24,USDINR,87.81
2025-10-27,USDINR,88.25
2025-10-28,USDINR,88.31
2025-10-29,USDINR,88.23
2025-10-30,USDINR,88.72
2025-10-31,USDINR,88.72
2025-11-03,USDINR,88.77
2025-11-04,USDINR,88.71
2025-11-05,USDINR,88.64
2025-11-06,USDINR,88.57
2025-11-07,USDINR,88.68
2025-11-10,USDINR,88.68
2025-11-11,USDINR,88.49
2025-11-12,USDINR,88.61
2025-11-13,USDINR,88.69
2025-11-14,USDINR,88.68
2025-11-17,USDINR,88.61
2025-11-18,USDINR,88.56
2025-11-19,USDINR,88.5
2025-11-20,USDINR,88.71
2025-11-21,USDINR,89.64
2025-11-24,USDINR,89.15
2025-11-25,USDINR,89.2
2025-11-26,USDINR,89.2
2025-11-27,USDINR,89.4
2025-11-28,USDINR,89.48
2025-12-01,USDINR,89.54
2025-12-02,USDINR,89.95
2025-12-03,USDINR,90.17
2025-12-04,USDINR,89.87
2025-12-05,USDINR,89.94
2025-12-08,USDINR,90.04
2025-12-09,USDINR,89.84
2025-12-10,USDINR,89.91
2025-12-11,USDINR,90.32
2025-12-12,USDINR,90.53
2025-12-15,USDINR,90.74
2025-12-16,USDINR,90.92
2025-12-17,USDINR,90.37
2025-12-18,USDINR,90.26
2025-12-19,USDINR,89.69
2025-12-22,USDINR,89.65
2025-12-23,USDINR,89.56
2025-12-24,USDINR,89.74
2025-12-29,USDINR,89.9
2025-12-30,USDINR,89.8
2025-12-31,USDINR,89.87
2026-01-02,USDINR,90.2
2026-01-05,USDINR,90.29
2026-01-06,USDINR,90.15
2026-01-07,USDINR,89.85
2026-01-08,USDINR,89.93
2026-01-09,USDINR,90.22
2026-01-12,USDINR,90.16
2026-01-13,USDINR,90.23
2026-01-14,USDINR,90.3
2026-01-15,USDINR,90.3
2026-01-16,USDINR,90.73
2026-01-19,USDINR,90.88
2026-01-20,USDINR,90.96
2026-01-21,USDINR,91.64
2026-01-22,USDINR,91.59
2026-01-23,USDINR,91.86
2026-01-26,USDINR,91.76
2026-01-27,USDINR,91.62
2026-01-28,USDINR,91.94
2026-01-29,USDINR,91.92
2026-01-30,USDINR,91.94
2026-02-02,USDINR,91.57
2026-02-03,USDINR,90.14
2026-02-04,USDINR,90.41
2026-02-05,USDINR,90.31
2026-02-06,USDINR,90.66
2026-02-09,USDINR,90.73
2026-02-10,USDINR,90.54
2026-02-11,USDINR,90.71
2026-02-12,USDINR,90.58
2026-02-13,USDINR,90.61
2026-02-16,USDINR,90.73
2026-02-17,USDINR,90.7
2026-02-18,USDINR,90.69
2026-02-19,USDINR,91.19
2026-02-20,USDINR,90.95
2026-02-23,USDINR,90.9
2026-02-24,USDINR,90.93
2026-02-25,USDINR,90.95
2026-02-26,USDINR,90.93
2026-02-27,USDINR,91.08
2026-03-02,USDINR,91.74
2026-03-03,USDINR,92.15
2026-03-04,USDINR,92.09
2026-03-05,USDINR,91.65
2026-03-06,USDINR,91.83
2026-03-09,USDINR,92.3
2026-03-10,USDINR,91.96
2026-03-11,USDINR,92.07
2026-03-12,USDINR,92.21
2026-03-13,USDINR,92.38
2026-03-16,USDINR,92.25
2026-03-17,USDINR,92.37
2026-03-18,USDINR,92.9
2026-03-19,USDINR,93.25
2026-03-20,USDINR,93.62
2026-03-23,USDINR,93.22
2026-03-24,USDINR,93.85
2026-03-25,USDINR,93.94
2026-03-26,USDINR,94.12
2026-03-27,USDINR,94.81
2026-03-30,USDINR,94.71
2026-03-31,USDINR,93.83
2026-04-01,USDINR,93.43
2026-04-02,USDINR,93.1
2026-04-07,USDINR,93.01
2026-04-08,USDINR,92.22
2026-04-09,USDINR,92.66
2026-04-10,USDINR,92.89
2026-04-13,USDINR,93.33
2026-04-14,USDINR,93.09
2026-04-15,USDINR,93.44
2026-04-16,USDINR,93.24
2026-04-17,USDINR,92.82
2026-04-20,USDINR,93.07
2026-04-21,USDINR,93.51
2026-04-22,USDINR,93.8
2026-04-23,USDINR,94.11
2026-04-24,USDINR,94.25
2026-04-27,USDINR,94.2
2026-04-28,USDINR,94.55
2026-04-29,USDINR,94.85
2026-04-30,USDINR,94.92
2026-05-04,USDINR,95.09
2026-05-05,USDINR,95.28
2026-05-06,USDINR,94.62
2026-05-07,USDINR,94.26
2026-05-08,USDINR,94.49
2026-05-11,USDINR,95.32
2026-05-12,USDINR,95.64
2026-05-13,USDINR,95.67
2026-05-14,USDINR,95.77
2026-05-15,USDINR,95.97
2026-05-18,USDINR,96.35
2026-05-19,USDINR,96.54
2026-05-20,USDINR,96.83
2026-05-21,USDINR,96.21
2026-05-22,USDINR,95.7
2026-05-25,USDINR,95.24
2026-05-26,USDINR,95.69
2026-05-27,USDINR,95.69
2026-05-28,USDINR,95.7
2026-05-29,USDINR,95
2026-06-01,USDINR,94.99
2026-06-02,USDINR,95.27
2026-06-03,USDINR,95.71
2026-06-04,USDINR,95.78
2026-06-05,USDINR,94.95
2026-06-08,USDINR,95.71
2026-06-09,USDINR,95.35
2026-06-10,USDINR,95.27
2026-06-11,USDINR,95.76
2026-06-12,USDINR,95.12
2026-06-15,USDINR,94.72
2026-06-16,USDINR,94.56
2026-06-17,USDINR,94.53
2026-06-18,USDINR,94.34
2026-06-19,USDINR,94.33
2026-06-22,USDINR,94.68
2026-06-23,USDINR,94.74
2026-06-24,USDINR,94.67
2026-06-25,USDINR,94.39
2026-06-26,USDINR,94.4
2026-06-29,USDINR,94.55
2026-06-30,USDINR,94.66
2026-07-01,USDINR,95.25
2026-07-02,USDINR,95.39
2026-07-03,USDINR,95.21
2026-07-06,USDINR,95.4
2026-07-07,USDINR,94.97
2026-07-08,USDINR,95.56
2026-07-09,USDINR,95.39
2026-07-10,USDINR,95.34
2026-07-13,USDINR,95.62
2026-07-14,USDINR,96.2
2026-07-15,USDINR,96.26
2026-07-16,USDINR,96.35
2026-07-17,USDINR,96.28
2026-07-20,USDINR,96.45
2026-07-21,USDINR,96.23
2026-07-22,USDINR,96.57
2026-07-23,USDINR,96.59
2025-07-18,USDBRL,5.5536
2025-07-21,USDBRL,5.5875
2025-07-22,USDBRL,5.5725
2025-07-23,USDBRL,5.5687
2025-07-24,USDBRL,5.5225
2025-07-25,USDBRL,5.5235
2025-07-28,USDBRL,5.579
2025-07-29,USDBRL,5.5935
2025-07-30,USDBRL,5.5871
2025-07-31,USDBRL,5.5826
2025-08-01,USDBRL,5.6234
2025-08-04,USDBRL,5.536
2025-08-05,USDBRL,5.5214
2025-08-06,USDBRL,5.5063
2025-08-07,USDBRL,5.461
2025-08-08,USDBRL,5.4281
2025-08-11,USDBRL,5.4463
2025-08-12,USDBRL,5.4382
2025-08-13,USDBRL,5.3905
2025-08-14,USDBRL,5.3978
2025-08-15,USDBRL,5.401
2025-08-18,USDBRL,5.408
2025-08-19,USDBRL,5.4411
2025-08-20,USDBRL,5.4835
2025-08-21,USDBRL,5.486
2025-08-22,USDBRL,5.4671
2025-08-25,USDBRL,5.4291
2025-08-26,USDBRL,5.4043
2025-08-27,USDBRL,5.4387
2025-08-28,USDBRL,5.4083
2025-08-29,USDBRL,5.4257
2025-09-01,USDBRL,5.4278
2025-09-02,USDBRL,5.4746
2025-09-03,USDBRL,5.4535
2025-09-04,USDBRL,5.4593
2025-09-05,USDBRL,5.4253
2025-09-08,USDBRL,5.4059
2025-09-09,USDBRL,5.4211
2025-09-10,USDBRL,5.4311
2025-09-11,USDBRL,5.4171
2025-09-12,USDBRL,5.3985
2025-09-15,USDBRL,5.3348
2025-09-16,USDBRL,5.3095
2025-09-17,USDBRL,5.2981
2025-09-18,USDBRL,5.273
2025-09-19,USDBRL,5.3312
2025-09-22,USDBRL,5.3428
2025-09-23,USDBRL,5.3394
2025-09-24,USDBRL,5.2943
2025-09-25,USDBRL,5.3188
2025-09-26,USDBRL,5.3592
2025-09-29,USDBRL,5.3327
2025-09-30,USDBRL,5.3174
2025-10-01,USDBRL,5.3108
2025-10-02,USDBRL,5.3124
2025-10-03,USDBRL,5.3411
2025-10-06,USDBRL,5.3423
2025-10-07,USDBRL,5.3283
2025-10-08,USDBRL,5.3572
2025-10-09,USDBRL,5.3292
2025-10-10,USDBRL,5.3667
2025-10-13,USDBRL,5.4753
2025-10-14,USDBRL,5.4995
2025-10-15,USDBRL,5.4638
2025-10-16,USDBRL,5.448
2025-10-17,USDBRL,5.4325
2025-10-20,USDBRL,5.4064
2025-10-21,USDBRL,5.3869
2025-10-22,USDBRL,5.3863
2025-10-23,USDBRL,5.3855
2025-10-24,USDBRL,5.3884
2025-10-27,USDBRL,5.3674
2025-10-28,USDBRL,5.377
2025-10-29,USDBRL,5.3472
2025-10-30,USDBRL,5.3929
2025-10-31,USDBRL,5.3809
2025-11-03,USDBRL,5.359
2025-11-04,USDBRL,5.3845
2025-11-05,USDBRL,5.4009
2025-11-06,USDBRL,5.3383
2025-11-07,USDBRL,5.3635
2025-11-10,USDBRL,5.314
2025-11-11,USDBRL,5.2869
2025-11-12,USDBRL,5.2689
2025-11-13,USDBRL,5.283
2025-11-14,USDBRL,5.3025
2025-11-17,USDBRL,5.3043
2025-11-18,USDBRL,5.3402
2025-11-19,USDBRL,5.3354
2025-11-20,USDBRL,5.3311
2025-11-21,USDBRL,5.3714
2025-11-24,USDBRL,5.3826
2025-11-25,USDBRL,5.3655
2025-11-26,USDBRL,5.3763
2025-11-27,USDBRL,5.3477
2025-11-28,USDBRL,5.3391
2025-12-01,USDBRL,5.3466
2025-12-02,USDBRL,5.3582
2025-12-03,USDBRL,5.3186
2025-12-04,USDBRL,5.3053
2025-12-05,USDBRL,5.3113
2025-12-08,USDBRL,5.4171
2025-12-09,USDBRL,5.4643
2025-12-10,USDBRL,5.4571
2025-12-11,USDBRL,5.4455
2025-12-12,USDBRL,5.4015
2025-12-15,USDBRL,5.3877
2025-12-16,USDBRL,5.4318
2025-12-17,USDBRL,5.5023
2025-12-18,USDBRL,5.5476
2025-12-19,USDBRL,5.5295
2025-12-22,USDBRL,5.5294
2025-12-23,USDBRL,5.5872
2025-12-24,USDBRL,5.521
2025-12-29,USDBRL,5.5707
2025-12-30,USDBRL,5.5226
2025-12-31,USDBRL,5.4778
2026-01-02,USDBRL,5.4384
2026-01-05,USDBRL,5.4415
2026-01-06,USDBRL,5.3986
2026-01-07,USDBRL,5.3916
2026-01-08,USDBRL,5.38
2026-01-09,USDBRL,5.3885
2026-01-12,USDBRL,5.3766
2026-01-13,USDBRL,5.3832
2026-01-14,USDBRL,5.3681
2026-01-15,USDBRL,5.3817
2026-01-16,USDBRL,5.3724
2026-01-19,USDBRL,5.3667
2026-01-20,USDBRL,5.3896
2026-01-21,USDBRL,5.3474
2026-01-22,USDBRL,5.3151
2026-01-23,USDBRL,5.2811
2026-01-26,USDBRL,5.2863
2026-01-27,USDBRL,5.2554
2026-01-28,USDBRL,5.1736
2026-01-29,USDBRL,5.1814
2026-01-30,USDBRL,5.2213
2026-02-02,USDBRL,5.2552
2026-02-03,USDBRL,5.2271
2026-02-04,USDBRL,5.2206
2026-02-05,USDBRL,5.2601
2026-02-06,USDBRL,5.2372
2026-02-09,USDBRL,5.1931
2026-02-10,USDBRL,5.2067
2026-02-11,USDBRL,5.1893
2026-02-12,USDBRL,5.1761
2026-02-13,USDBRL,5.2197
2026-02-16,USDBRL,5.2244
2026-02-17,USDBRL,5.2248
2026-02-18,USDBRL,5.2229
2026-02-19,USDBRL,5.2343
2026-02-20,USDBRL,5.2144
2026-02-23,USDBRL,5.1815
2026-02-24,USDBRL,5.1769
2026-02-25,USDBRL,5.1287
2026-02-26,USDBRL,5.1258
2026-02-27,USDBRL,5.1556
2026-03-02,USDBRL,5.2067
2026-03-03,USDBRL,5.2434
2026-03-04,USDBRL,5.2198
2026-03-05,USDBRL,5.2484
2026-03-06,USDBRL,5.2765
2026-03-09,USDBRL,5.2302
2026-03-10,USDBRL,5.1779
2026-03-11,USDBRL,5.1711
2026-03-12,USDBRL,5.1621
2026-03-13,USDBRL,5.2433
2026-03-16,USDBRL,5.2703
2026-03-17,USDBRL,5.2089
2026-03-18,USDBRL,5.2243
2026-03-19,USDBRL,5.2987
2026-03-20,USDBRL,5.2552
2026-03-23,USDBRL,5.2595
2026-03-24,USDBRL,5.2669
2026-03-25,USDBRL,5.233
2026-03-26,USDBRL,5.2366
2026-03-27,USDBRL,5.2561
2026-03-30,USDBRL,5.2402
2026-03-31,USDBRL,5.224
2026-04-01,USDBRL,5.1598
2026-04-02,USDBRL,5.1818
2026-04-07,USDBRL,5.1489
2026-04-08,USDBRL,5.0818
2026-04-09,USDBRL,5.0992
2026-04-10,USDBRL,5.0543
2026-04-13,USDBRL,5.0274
2026-04-14,USDBRL,4.9815
2026-04-15,USDBRL,4.9981
2026-04-16,USDBRL,4.9882
2026-04-17,USDBRL,4.9764
2026-04-20,USDBRL,4.9831
2026-04-21,USDBRL,4.9639
2026-04-22,USDBRL,4.9717
2026-04-23,USDBRL,4.963
2026-04-24,USDBRL,5.0006
2026-04-27,USDBRL,4.9681
2026-04-28,USDBRL,5.0017
2026-04-29,USDBRL,4.9854
2026-04-30,USDBRL,4.9814
2026-05-04,USDBRL,4.9661
2026-05-05,USDBRL,4.9525
2026-05-06,USDBRL,4.9092
2026-05-07,USDBRL,4.9167
2026-05-08,USDBRL,4.914
2026-05-11,USDBRL,4.9019
2026-05-12,USDBRL,4.9038
2026-05-13,USDBRL,4.9039
2026-05-14,USDBRL,4.997
2026-05-15,USDBRL,5.0324
2026-05-18,USDBRL,5.0392
2026-05-19,USDBRL,5.0232
2026-05-20,USDBRL,5.0299
2026-05-21,USDBRL,5.012
2026-05-22,USDBRL,5.0164
2026-05-25,USDBRL,5.0026
2026-05-26,USDBRL,5.0201
2026-05-27,USDBRL,5.0458
2026-05-28,USDBRL,5.0726
2026-05-29,USDBRL,5.0453
2026-06-01,USDBRL,5.0245
2026-06-02,USDBRL,5.0056
2026-06-03,USDBRL,5.0184
2026-06-04,USDBRL,5.0645
2026-06-05,USDBRL,5.0599
2026-06-08,USDBRL,5.1432
2026-06-09,USDBRL,5.163
2026-06-10,USDBRL,5.1907
2026-06-11,USDBRL,5.1604
2026-06-12,USDBRL,5.1073
2026-06-15,USDBRL,5.0498
2026-06-16,USDBRL,5.0603
2026-06-17,USDBRL,5.084
2026-06-18,USDBRL,5.1469
2026-06-19,USDBRL,5.1603
2026-06-22,USDBRL,5.1519
2026-06-23,USDBRL,5.1725
2026-06-24,USDBRL,5.1996
2026-06-25,USDBRL,5.2019
2026-06-26,USDBRL,5.1759
2026-06-29,USDBRL,5.1639
2026-06-30,USDBRL,5.1784
2026-07-01,USDBRL,5.1874
2026-07-02,USDBRL,5.201
2026-07-03,USDBRL,5.1962
2026-07-06,USDBRL,5.18
2026-07-07,USDBRL,5.1413
2026-07-08,USDBRL,5.1563
2026-07-09,USDBRL,5.1453
2026-07-10,USDBRL,5.1185
2026-07-13,USDBRL,5.1155
2026-07-14,USDBRL,5.1233
2026-07-15,USDBRL,5.081
2026-07-16,USDBRL,5.0857
2026-07-17,USDBRL,5.1158
2026-07-20,USDBRL,5.1043
2026-07-21,USDBRL,5.0794
2026-07-22,USDBRL,5.0797
2026-07-23,USDBRL,5.0715
2025-07-18,USDZAR,17.7124
2025-07-21,USDZAR,17.7141
2025-07-22,USDZAR,17.5776
2025-07-23,USDZAR,17.561
2025-07-24,USDZAR,17.597
2025-07-25,USDZAR,17.7337
2025-07-28,USDZAR,17.8479
2025-07-29,USDZAR,17.965
2025-07-30,USDZAR,17.8685
2025-07-31,USDZAR,18.119
2025-08-01,USDZAR,18.3234
2025-08-04,USDZAR,18.0216
2025-08-05,USDZAR,18.0236
2025-08-06,USDZAR,17.8137
2025-08-07,USDZAR,17.7248
2025-08-08,USDZAR,17.7095
2025-08-11,USDZAR,17.7663
2025-08-12,USDZAR,17.715
2025-08-13,USDZAR,17.516
2025-08-14,USDZAR,17.5774
2025-08-15,USDZAR,17.5856
2025-08-18,USDZAR,17.6133
2025-08-19,USDZAR,17.616
2025-08-20,USDZAR,17.7023
2025-08-21,USDZAR,17.7026
2025-08-22,USDZAR,17.6292
2025-08-25,USDZAR,17.5549
2025-08-26,USDZAR,17.6398
2025-08-27,USDZAR,17.7624
2025-08-28,USDZAR,17.6276
2025-08-29,USDZAR,17.7355
2025-09-01,USDZAR,17.58
2025-09-02,USDZAR,17.7263
2025-09-03,USDZAR,17.6298
2025-09-04,USDZAR,17.7917
2025-09-05,USDZAR,17.6661
2025-09-08,USDZAR,17.5674
2025-09-09,USDZAR,17.4847
2025-09-10,USDZAR,17.5707
2025-09-11,USDZAR,17.5456
2025-09-12,USDZAR,17.3861
2025-09-15,USDZAR,17.3219
2025-09-16,USDZAR,17.3583
2025-09-17,USDZAR,17.3862
2025-09-18,USDZAR,17.3532
2025-09-19,USDZAR,17.3858
2025-09-22,USDZAR,17.3041
2025-09-23,USDZAR,17.3187
2025-09-24,USDZAR,17.2967
2025-09-25,USDZAR,17.3482
2025-09-26,USDZAR,17.4503
2025-09-29,USDZAR,17.2882
2025-09-30,USDZAR,17.2745
2025-10-01,USDZAR,17.1836
2025-10-02,USDZAR,17.1856
2025-10-03,USDZAR,17.2567
2025-10-06,USDZAR,17.2487
2025-10-07,USDZAR,17.1987
2025-10-08,USDZAR,17.1867
2025-10-09,USDZAR,17.1023
2025-10-10,USDZAR,17.2132
2025-10-13,USDZAR,17.3636
2025-10-14,USDZAR,17.463
2025-10-15,USDZAR,17.3206
2025-10-16,USDZAR,17.3165
2025-10-17,USDZAR,17.3786
2025-10-20,USDZAR,17.3213
2025-10-21,USDZAR,17.3301
2025-10-22,USDZAR,17.4601
2025-10-23,USDZAR,17.3484
2025-10-24,USDZAR,17.3286
2025-10-27,USDZAR,17.1864
2025-10-28,USDZAR,17.2502
2025-10-29,USDZAR,17.1058
2025-10-30,USDZAR,17.3524
2025-10-31,USDZAR,17.349
2025-11-03,USDZAR,17.3088
2025-11-04,USDZAR,17.4693
2025-11-05,USDZAR,17.4434
2025-11-06,USDZAR,17.345
2025-11-07,USDZAR,17.348
2025-11-10,USDZAR,17.1864
2025-11-11,USDZAR,17.1662
2025-11-12,USDZAR,17.0462
2025-11-13,USDZAR,17.0028
2025-11-14,USDZAR,17.1326
2025-11-17,USDZAR,17.0774
2025-11-18,USDZAR,17.2348
2025-11-19,USDZAR,17.1569
2025-11-20,USDZAR,17.2388
2025-11-21,USDZAR,17.3585
2025-11-24,USDZAR,17.2801
2025-11-25,USDZAR,17.2176
2025-11-26,USDZAR,17.1424
2025-11-27,USDZAR,17.1731
2025-11-28,USDZAR,17.1159
2025-12-01,USDZAR,17.0756
2025-12-02,USDZAR,17.1037
2025-12-03,USDZAR,17.0812
2025-12-04,USDZAR,16.9809
2025-12-05,USDZAR,16.9316
2025-12-08,USDZAR,16.9642
2025-12-09,USDZAR,17.0715
2025-12-10,USDZAR,17.0274
2025-12-11,USDZAR,16.9409
2025-12-12,USDZAR,16.8559
2025-12-15,USDZAR,16.7772
2025-12-16,USDZAR,16.7599
2025-12-17,USDZAR,16.7333
2025-12-18,USDZAR,16.7773
2025-12-19,USDZAR,16.7764
2025-12-22,USDZAR,16.6993
2025-12-23,USDZAR,16.6345
2025-12-24,USDZAR,16.6362
2025-12-29,USDZAR,16.6556
2025-12-30,USDZAR,16.6344
2025-12-31,USDZAR,16.548
2026-01-02,USDZAR,16.514
2026-01-05,USDZAR,16.4839
2026-01-06,USDZAR,16.3963
2026-01-07,USDZAR,16.4543
2026-01-08,USDZAR,16.5149
2026-01-09,USDZAR,16.575
2026-01-12,USDZAR,16.3888
2026-01-13,USDZAR,16.454
2026-01-14,USDZAR,16.3952
2026-01-15,USDZAR,16.3721
2026-01-16,USDZAR,16.3882
2026-01-19,USDZAR,16.4174
2026-01-20,USDZAR,16.4411
2026-01-21,USDZAR,16.3106
2026-01-22,USDZAR,16.2186
2026-01-23,USDZAR,16.1456
2026-01-26,USDZAR,16.0733
2026-01-27,USDZAR,15.9874
2026-01-28,USDZAR,15.8826
2026-01-29,USDZAR,15.6738
2026-01-30,USDZAR,15.933
2026-02-02,USDZAR,16.0282
2026-02-03,USDZAR,15.9493
2026-02-04,USDZAR,15.9375
2026-02-05,USDZAR,16.1798
2026-02-06,USDZAR,16.1243
2026-02-09,USDZAR,15.9753
2026-02-10,USDZAR,15.9574
2026-02-11,USDZAR,15.8814
2026-02-12,USDZAR,15.8952
2026-02-13,USDZAR,16.0336
2026-02-16,USDZAR,15.9504
2026-02-17,USDZAR,16.0934
2026-02-18,USDZAR,16.0231
2026-02-19,USDZAR,16.2188
2026-02-20,USDZAR,16.0973
2026-02-23,USDZAR,16.0115
2026-02-24,USDZAR,16.0083
2026-02-25,USDZAR,15.8603
2026-02-26,USDZAR,15.8763
2026-02-27,USDZAR,15.9405
2026-03-02,USDZAR,16.1613
2026-03-03,USDZAR,16.3934
2026-03-04,USDZAR,16.3188
2026-03-05,USDZAR,16.5028
2026-03-06,USDZAR,16.718
2026-03-09,USDZAR,16.6768
2026-03-10,USDZAR,16.2888
2026-03-11,USDZAR,16.4018
2026-03-12,USDZAR,16.5417
2026-03-13,USDZAR,16.7963
2026-03-16,USDZAR,16.7678
2026-03-17,USDZAR,16.6587
2026-03-18,USDZAR,16.8847
2026-03-19,USDZAR,17.0689
2026-03-20,USDZAR,16.8859
2026-03-23,USDZAR,16.8109
2026-03-24,USDZAR,17.1019
2026-03-25,USDZAR,16.9135
2026-03-26,USDZAR,17.0577
2026-03-27,USDZAR,17.1906
2026-03-30,USDZAR,17.1845
2026-03-31,USDZAR,17.07
2026-04-01,USDZAR,16.7811
2026-04-02,USDZAR,17.0118
2026-04-07,USDZAR,16.8895
2026-04-08,USDZAR,16.3104
2026-04-09,USDZAR,16.4321
2026-04-10,USDZAR,16.4281
2026-04-13,USDZAR,16.591
2026-04-14,USDZAR,16.3525
2026-04-15,USDZAR,16.4149
2026-04-16,USDZAR,16.3848
2026-04-17,USDZAR,16.3849
2026-04-20,USDZAR,16.3499
2026-04-21,USDZAR,16.3695
2026-04-22,USDZAR,16.4689
2026-04-23,USDZAR,16.4679
2026-04-24,USDZAR,16.562
2026-04-27,USDZAR,16.4787
2026-04-28,USDZAR,16.6343
2026-04-29,USDZAR,16.5986
2026-04-30,USDZAR,16.7903
2026-05-04,USDZAR,16.7248
2026-05-05,USDZAR,16.6904
2026-05-06,USDZAR,16.4053
2026-05-07,USDZAR,16.2578
2026-05-08,USDZAR,16.4194
2026-05-11,USDZAR,16.4461
2026-05-12,USDZAR,16.5267
2026-05-13,USDZAR,16.45
2026-05-14,USDZAR,16.4069
2026-05-15,USDZAR,16.6614
2026-05-18,USDZAR,16.6236
2026-05-19,USDZAR,16.6479
2026-05-20,USDZAR,16.5935
2026-05-21,USDZAR,16.5539
2026-05-22,USDZAR,16.4765
2026-05-25,USDZAR,16.3292
2026-05-26,USDZAR,16.3572
2026-05-27,USDZAR,16.3595
2026-05-28,USDZAR,16.3501
2026-05-29,USDZAR,16.2241
2026-06-01,USDZAR,16.2536
2026-06-02,USDZAR,16.2036
2026-06-03,USDZAR,16.2703
2026-06-04,USDZAR,16.2394
2026-06-05,USDZAR,16.2705
2026-06-08,USDZAR,16.4637
2026-06-09,USDZAR,16.4535
2026-06-10,USDZAR,16.6018
2026-06-11,USDZAR,16.5027
2026-06-12,USDZAR,16.3025
2026-06-15,USDZAR,16.2138
2026-06-16,USDZAR,16.1896
2026-06-17,USDZAR,16.2217
2026-06-18,USDZAR,16.4306
2026-06-19,USDZAR,16.474
2026-06-22,USDZAR,16.4118
2026-06-23,USDZAR,16.4839
2026-06-24,USDZAR,16.6136
2026-06-25,USDZAR,16.5615
2026-06-26,USDZAR,16.4605
2026-06-29,USDZAR,16.4153
2026-06-30,USDZAR,16.3721
2026-07-01,USDZAR,16.4336
2026-07-02,USDZAR,16.3775
2026-07-03,USDZAR,16.213
2026-07-06,USDZAR,16.2346
2026-07-07,USDZAR,16.2378
2026-07-08,USDZAR,16.3829
2026-07-09,USDZAR,16.3719
2026-07-10,USDZAR,16.3217
2026-07-13,USDZAR,16.3636
2026-07-14,USDZAR,16.4619
2026-07-15,USDZAR,16.3826
2026-07-16,USDZAR,16.3711
2026-07-17,USDZAR,16.5079
2026-07-20,USDZAR,16.4898
2026-07-21,USDZAR,16.4445
2026-07-22,USDZAR,16.4755
2026-07-23,USDZAR,16.4398
2025-07-18,USDTRY,40.332
2025-07-21,USDTRY,40.358
2025-07-22,USDTRY,40.426
2025-07-23,USDTRY,40.455
2025-07-24,USDTRY,40.477
2025-07-25,USDTRY,40.554
2025-07-28,USDTRY,40.539
2025-07-29,USDTRY,40.575
2025-07-30,USDTRY,40.581
2025-07-31,USDTRY,40.594
2025-08-01,USDTRY,40.668
2025-08-04,USDTRY,40.676
2025-08-05,USDTRY,40.664
2025-08-06,USDTRY,40.66
2025-08-07,USDTRY,40.642
2025-08-08,USDTRY,40.69
2025-08-11,USDTRY,40.704
2025-08-12,USDTRY,40.741
2025-08-13,USDTRY,40.745
2025-08-14,USDTRY,40.787
2025-08-15,USDTRY,40.897
2025-08-18,USDTRY,40.865
2025-08-19,USDTRY,40.859
2025-08-20,USDTRY,40.901
2025-08-21,USDTRY,40.935
2025-08-22,USDTRY,40.886
2025-08-25,USDTRY,40.992
2025-08-26,USDTRY,41.026
2025-08-27,USDTRY,41.037
2025-08-28,USDTRY,41.042
2025-08-29,USDTRY,41.134
2025-09-01,USDTRY,41.115
2025-09-02,USDTRY,41.155
2025-09-03,USDTRY,41.167
2025-09-04,USDTRY,41.175
2025-09-05,USDTRY,41.187
2025-09-08,USDTRY,41.265
2025-09-09,USDTRY,41.275
2025-09-10,USDTRY,41.285
2025-09-11,USDTRY,41.294
2025-09-12,USDTRY,41.371
2025-09-15,USDTRY,41.27
2025-09-16,USDTRY,41.294
2025-09-17,USDTRY,41.293
2025-09-18,USDTRY,41.301
2025-09-19,USDTRY,41.395
2025-09-22,USDTRY,41.388
2025-09-23,USDTRY,41.412
2025-09-24,USDTRY,41.45
2025-09-25,USDTRY,41.471
2025-09-26,USDTRY,41.57
2025-09-29,USDTRY,41.579
2025-09-30,USDTRY,41.583
2025-10-01,USDTRY,41.592
2025-10-02,USDTRY,41.61
2025-10-03,USDTRY,41.685
2025-10-06,USDTRY,41.693
2025-10-07,USDTRY,41.705
2025-10-08,USDTRY,41.715
2025-10-09,USDTRY,41.724
2025-10-10,USDTRY,41.826
2025-10-13,USDTRY,41.806
2025-10-14,USDTRY,41.828
2025-10-15,USDTRY,41.84
2025-10-16,USDTRY,41.853
2025-10-17,USDTRY,41.949
2025-10-20,USDTRY,41.958
2025-10-21,USDTRY,41.967
2025-10-22,USDTRY,42.008
2025-10-23,USDTRY,42.084
2025-10-24,USDTRY,41.978
2025-10-27,USDTRY,41.92
2025-10-28,USDTRY,41.963
2025-10-29,USDTRY,41.946
2025-10-30,USDTRY,41.988
2025-10-31,USDTRY,42.049
2025-11-03,USDTRY,42.048
2025-11-04,USDTRY,42.087
2025-11-05,USDTRY,42.092
2025-11-06,USDTRY,42.121
2025-11-07,USDTRY,42.212
2025-11-10,USDTRY,42.225
2025-11-11,USDTRY,42.235
2025-11-12,USDTRY,42.244
2025-11-13,USDTRY,42.254
2025-11-14,USDTRY,42.33
2025-11-17,USDTRY,42.328
2025-11-18,USDTRY,42.336
2025-11-19,USDTRY,42.357
2025-11-20,USDTRY,42.37
2025-11-21,USDTRY,42.444
2025-11-24,USDTRY,42.348
2025-11-25,USDTRY,42.427
2025-11-26,USDTRY,42.451
2025-11-27,USDTRY,42.44
2025-11-28,USDTRY,42.496
2025-12-01,USDTRY,42.457
2025-12-02,USDTRY,42.414
2025-12-03,USDTRY,42.445
2025-12-04,USDTRY,42.447
2025-12-05,USDTRY,42.514
2025-12-08,USDTRY,42.567
2025-12-09,USDTRY,42.583
2025-12-10,USDTRY,42.601
2025-12-11,USDTRY,42.617
2025-12-12,USDTRY,42.57
2025-12-15,USDTRY,42.699
2025-12-16,USDTRY,42.715
2025-12-17,USDTRY,42.724
2025-12-18,USDTRY,42.734
2025-12-19,USDTRY,42.809
2025-12-22,USDTRY,42.81
2025-12-23,USDTRY,42.83
2025-12-24,USDTRY,42.85
2025-12-29,USDTRY,42.936
2025-12-30,USDTRY,42.923
2025-12-31,USDTRY,42.965
2026-01-02,USDTRY,43.028
2026-01-05,USDTRY,43.042
2026-01-06,USDTRY,43.042
2026-01-07,USDTRY,43.043
2026-01-08,USDTRY,43.048
2026-01-09,USDTRY,43.106
2026-01-12,USDTRY,43.129
2026-01-13,USDTRY,43.156
2026-01-14,USDTRY,43.18
2026-01-15,USDTRY,43.19
2026-01-16,USDTRY,43.28
2026-01-19,USDTRY,43.272
2026-01-20,USDTRY,43.273
2026-01-21,USDTRY,43.298
2026-01-22,USDTRY,43.284
2026-01-23,USDTRY,43.355
2026-01-26,USDTRY,43.376
2026-01-27,USDTRY,43.403
2026-01-28,USDTRY,43.415
2026-01-29,USDTRY,43.425
2026-01-30,USDTRY,43.487
2026-02-02,USDTRY,43.492
2026-02-03,USDTRY,43.492
2026-02-04,USDTRY,43.509
2026-02-05,USDTRY,43.54
2026-02-06,USDTRY,43.615
2026-02-09,USDTRY,43.589
2026-02-10,USDTRY,43.635
2026-02-11,USDTRY,43.643
2026-02-12,USDTRY,43.649
2026-02-13,USDTRY,43.74
2026-02-16,USDTRY,43.709
2026-02-17,USDTRY,43.727
2026-02-18,USDTRY,43.757
2026-02-19,USDTRY,43.77
2026-02-20,USDTRY,43.846
2026-02-23,USDTRY,43.839
2026-02-24,USDTRY,43.852
2026-02-25,USDTRY,43.869
2026-02-26,USDTRY,43.882
2026-02-27,USDTRY,43.96
2026-03-02,USDTRY,43.959
2026-03-03,USDTRY,43.978
2026-03-04,USDTRY,43.974
2026-03-05,USDTRY,43.994
2026-03-06,USDTRY,44.074
2026-03-09,USDTRY,44.084
2026-03-10,USDTRY,44.045
2026-03-11,USDTRY,44.096
2026-03-12,USDTRY,44.109
2026-03-13,USDTRY,44.19
2026-03-16,USDTRY,44.185
2026-03-17,USDTRY,44.205
2026-03-18,USDTRY,44.221
2026-03-19,USDTRY,44.321
2026-03-20,USDTRY,44.307
2026-03-23,USDTRY,44.321
2026-03-24,USDTRY,44.348
2026-03-25,USDTRY,44.357
2026-03-26,USDTRY,44.367
2026-03-27,USDTRY,44.456
2026-03-30,USDTRY,44.456
2026-03-31,USDTRY,44.48
2026-04-01,USDTRY,44.467
2026-04-02,USDTRY,44.495
2026-04-07,USDTRY,44.609
2026-04-08,USDTRY,44.482
2026-04-09,USDTRY,44.591
2026-04-10,USDTRY,44.672
2026-04-13,USDTRY,44.718
2026-04-14,USDTRY,44.725
2026-04-15,USDTRY,44.711
2026-04-16,USDTRY,44.765
2026-04-17,USDTRY,44.865
2026-04-20,USDTRY,44.879
2026-04-21,USDTRY,44.894
2026-04-22,USDTRY,44.925
2026-04-23,USDTRY,44.925
2026-04-24,USDTRY,45.023
2026-04-27,USDTRY,45.007
2026-04-28,USDTRY,45.055
2026-04-29,USDTRY,45.069
2026-04-30,USDTRY,45.185
2026-05-04,USDTRY,45.201
2026-05-05,USDTRY,45.22
2026-05-06,USDTRY,45.224
2026-05-07,USDTRY,45.233
2026-05-08,USDTRY,45.364
2026-05-11,USDTRY,45.377
2026-05-12,USDTRY,45.4
2026-05-13,USDTRY,45.418
2026-05-14,USDTRY,45.435
2026-05-15,USDTRY,45.545
2026-05-18,USDTRY,45.58
2026-05-19,USDTRY,45.573
2026-05-20,USDTRY,45.586
2026-05-21,USDTRY,45.613
2026-05-22,USDTRY,45.715
2026-05-25,USDTRY,45.714
2026-05-26,USDTRY,45.906
2026-05-27,USDTRY,45.904
2026-05-28,USDTRY,45.899
2026-05-29,USDTRY,45.886
2026-06-01,USDTRY,45.894
2026-06-02,USDTRY,45.927
2026-06-03,USDTRY,45.957
2026-06-04,USDTRY,45.974
2026-06-05,USDTRY,46.084
2026-06-08,USDTRY,46.1
2026-06-09,USDTRY,46.118
2026-06-10,USDTRY,46.137
2026-06-11,USDTRY,46.155
2026-06-12,USDTRY,46.264
2026-06-15,USDTRY,46.279
2026-06-16,USDTRY,46.3
2026-06-17,USDTRY,46.317
2026-06-18,USDTRY,46.445
2026-06-19,USDTRY,46.445
2026-06-22,USDTRY,46.462
2026-06-23,USDTRY,46.48
2026-06-24,USDTRY,46.489
2026-06-25,USDTRY,46.515
2026-06-26,USDTRY,46.625
2026-06-29,USDTRY,46.642
2026-06-30,USDTRY,46.66
2026-07-01,USDTRY,46.672
2026-07-02,USDTRY,46.694
2026-07-03,USDTRY,46.805
2026-07-06,USDTRY,46.8
2026-07-07,USDTRY,46.84
2026-07-08,USDTRY,46.857
2026-07-09,USDTRY,46.822
2026-07-10,USDTRY,46.985
2026-07-13,USDTRY,46.993
2026-07-14,USDTRY,47.037
2026-07-15,USDTRY,47.031
2026-07-16,USDTRY,47.055
2026-07-17,USDTRY,47.142
2026-07-20,USDTRY,47.181
2026-07-21,USDTRY,47.185
2026-07-22,USDTRY,47.218
2026-07-23,USDTRY,47.235
2025-07-18,USDCNY,7.1779
2025-07-21,USDCNY,7.1763
2025-07-22,USDCNY,7.175
2025-07-23,USDCNY,7.1602
2025-07-24,USDCNY,7.1574
2025-07-25,USDCNY,7.1687
2025-07-28,USDCNY,7.1739
2025-07-29,USDCNY,7.1775
2025-07-30,USDCNY,7.1817
2025-07-31,USDCNY,7.1947
2025-08-01,USDCNY,7.2118
2025-08-04,USDCNY,7.1762
2025-08-05,USDCNY,7.1874
2025-08-06,USDCNY,7.1857
2025-08-07,USDCNY,7.1792
2025-08-08,USDCNY,7.1838
2025-08-11,USDCNY,7.1846
2025-08-12,USDCNY,7.1873
2025-08-13,USDCNY,7.1745
2025-08-14,USDCNY,7.1706
2025-08-15,USDCNY,7.1791
2025-08-18,USDCNY,7.1788
2025-08-19,USDCNY,7.1791
2025-08-20,USDCNY,7.1761
2025-08-21,USDCNY,7.1782
2025-08-22,USDCNY,7.1789
2025-08-25,USDCNY,7.1565
2025-08-26,USDCNY,7.1574
2025-08-27,USDCNY,7.1618
2025-08-28,USDCNY,7.1314
2025-08-29,USDCNY,7.1329
2025-09-01,USDCNY,7.1345
2025-09-02,USDCNY,7.1443
2025-09-03,USDCNY,7.1456
2025-09-04,USDCNY,7.1407
2025-09-05,USDCNY,7.1376
2025-09-08,USDCNY,7.1299
2025-09-09,USDCNY,7.1215
2025-09-10,USDCNY,7.1228
2025-09-11,USDCNY,7.1247
2025-09-12,USDCNY,7.1225
2025-09-15,USDCNY,7.1218
2025-09-16,USDCNY,7.1153
2025-09-17,USDCNY,7.1042
2025-09-18,USDCNY,7.1055
2025-09-19,USDCNY,7.1157
2025-09-22,USDCNY,7.1121
2025-09-23,USDCNY,7.1118
2025-09-24,USDCNY,7.1271
2025-09-25,USDCNY,7.1241
2025-09-26,USDCNY,7.1374
2025-09-29,USDCNY,7.1212
2025-09-30,USDCNY,7.1196
2025-10-01,USDCNY,7.1196
2025-10-02,USDCNY,7.1195
2025-10-03,USDCNY,7.1196
2025-10-06,USDCNY,7.1195
2025-10-07,USDCNY,7.1196
2025-10-08,USDCNY,7.1195
2025-10-09,USDCNY,7.1224
2025-10-10,USDCNY,7.1228
2025-10-13,USDCNY,7.1321
2025-10-14,USDCNY,7.14
2025-10-15,USDCNY,7.1264
2025-10-16,USDCNY,7.1258
2025-10-17,USDCNY,7.1223
2025-10-20,USDCNY,7.1235
2025-10-21,USDCNY,7.1186
2025-10-22,USDCNY,7.1266
2025-10-23,USDCNY,7.1244
2025-10-24,USDCNY,7.1225
2025-10-27,USDCNY,7.1075
2025-10-28,USDCNY,7.1014
2025-10-29,USDCNY,7.0994
2025-10-30,USDCNY,7.1143
2025-10-31,USDCNY,7.1162
2025-11-03,USDCNY,7.1206
2025-11-04,USDCNY,7.1253
2025-11-05,USDCNY,7.1271
2025-11-06,USDCNY,7.1195
2025-11-07,USDCNY,7.1208
2025-11-10,USDCNY,7.1193
2025-11-11,USDCNY,7.1185
2025-11-12,USDCNY,7.1165
2025-11-13,USDCNY,7.0961
2025-11-14,USDCNY,7.0961
2025-11-17,USDCNY,7.1076
2025-11-18,USDCNY,7.1104
2025-11-19,USDCNY,7.1103
2025-11-20,USDCNY,7.1138
2025-11-21,USDCNY,7.1098
2025-11-24,USDCNY,7.0888
2025-11-25,USDCNY,7.0855
2025-11-26,USDCNY,7.0795
2025-11-27,USDCNY,7.0834
2025-11-28,USDCNY,7.0756
2025-12-01,USDCNY,7.0718
2025-12-02,USDCNY,7.071
2025-12-03,USDCNY,7.0638
2025-12-04,USDCNY,7.0717
2025-12-05,USDCNY,7.0702
2025-12-08,USDCNY,7.068
2025-12-09,USDCNY,7.0643
2025-12-10,USDCNY,7.0625
2025-12-11,USDCNY,7.0581
2025-12-12,USDCNY,7.0547
2025-12-15,USDCNY,7.0471
2025-12-16,USDCNY,7.0423
2025-12-17,USDCNY,7.0439
2025-12-18,USDCNY,7.0413
2025-12-19,USDCNY,7.0411
2025-12-22,USDCNY,7.037
2025-12-23,USDCNY,7.0281
2025-12-24,USDCNY,7.0144
2025-12-29,USDCNY,7.0065
2025-12-30,USDCNY,6.9929
2025-12-31,USDCNY,7.001
2026-01-02,USDCNY,6.9937
2026-01-05,USDCNY,6.9854
2026-01-06,USDCNY,6.9844
2026-01-07,USDCNY,6.9912
2026-01-08,USDCNY,6.9818
2026-01-09,USDCNY,6.9823
2026-01-12,USDCNY,6.9731
2026-01-13,USDCNY,6.9756
2026-01-14,USDCNY,6.9734
2026-01-15,USDCNY,6.9673
2026-01-16,USDCNY,6.9697
2026-01-19,USDCNY,6.9634
2026-01-20,USDCNY,6.9589
2026-01-21,USDCNY,6.9639
2026-01-22,USDCNY,6.9757
2026-01-23,USDCNY,6.9646
2026-01-26,USDCNY,6.9544
2026-01-27,USDCNY,6.9548
2026-01-28,USDCNY,6.9464
2026-01-29,USDCNY,6.9462
2026-01-30,USDCNY,6.9497
2026-02-02,USDCNY,6.9434
2026-02-03,USDCNY,6.9381
2026-02-04,USDCNY,6.9417
2026-02-05,USDCNY,6.9392
2026-02-06,USDCNY,6.939
2026-02-09,USDCNY,6.9225
2026-02-10,USDCNY,6.9148
2026-02-11,USDCNY,6.9113
2026-02-12,USDCNY,6.9011
2026-02-13,USDCNY,6.9086
2026-02-16,USDCNY,6.9086
2026-02-17,USDCNY,6.9087
2026-02-18,USDCNY,6.9087
2026-02-19,USDCNY,6.9086
2026-02-20,USDCNY,6.9086
2026-02-23,USDCNY,6.9087
2026-02-24,USDCNY,6.8817
2026-02-25,USDCNY,6.8695
2026-02-26,USDCNY,6.8413
2026-02-27,USDCNY,6.8582
2026-03-02,USDCNY,6.8825
2026-03-03,USDCNY,6.9076
2026-03-04,USDCNY,6.8973
2026-03-05,USDCNY,6.9011
2026-03-06,USDCNY,6.9047
2026-03-09,USDCNY,6.9173
2026-03-10,USDCNY,6.8772
2026-03-11,USDCNY,6.8662
2026-03-12,USDCNY,6.869
2026-03-13,USDCNY,6.8966
2026-03-16,USDCNY,6.8961
2026-03-17,USDCNY,6.8868
2026-03-18,USDCNY,6.8882
2026-03-19,USDCNY,6.9004
2026-03-20,USDCNY,6.8943
2026-03-23,USDCNY,6.8917
2026-03-24,USDCNY,6.8934
2026-03-25,USDCNY,6.8995
2026-03-26,USDCNY,6.9102
2026-03-27,USDCNY,6.9138
2026-03-30,USDCNY,6.9114
2026-03-31,USDCNY,6.9004
2026-04-01,USDCNY,6.8738
2026-04-02,USDCNY,6.8976
2026-04-07,USDCNY,6.8574
2026-04-08,USDCNY,6.8297
2026-04-09,USDCNY,6.8347
2026-04-10,USDCNY,6.8284
2026-04-13,USDCNY,6.8322
2026-04-14,USDCNY,6.8158
2026-04-15,USDCNY,6.8211
2026-04-16,USDCNY,6.8213
2026-04-17,USDCNY,6.8223
2026-04-20,USDCNY,6.8177
2026-04-21,USDCNY,6.8158
2026-04-22,USDCNY,6.8244
2026-04-23,USDCNY,6.835
2026-04-24,USDCNY,6.8363
2026-04-27,USDCNY,6.8231
2026-04-28,USDCNY,6.8388
2026-04-29,USDCNY,6.8335
2026-04-30,USDCNY,6.8287
2026-05-04,USDCNY,6.8303
2026-05-05,USDCNY,6.8302
2026-05-06,USDCNY,6.8112
2026-05-07,USDCNY,6.8019
2026-05-08,USDCNY,6.8012
2026-05-11,USDCNY,6.7965
2026-05-12,USDCNY,6.7921
2026-05-13,USDCNY,6.791
2026-05-14,USDCNY,6.7852
2026-05-15,USDCNY,6.8106
2026-05-18,USDCNY,6.8002
2026-05-19,USDCNY,6.8061
2026-05-20,USDCNY,6.8028
2026-05-21,USDCNY,6.8022
2026-05-22,USDCNY,6.7953
2026-05-25,USDCNY,6.7843
2026-05-26,USDCNY,6.7852
2026-05-27,USDCNY,6.7821
2026-05-28,USDCNY,6.7799
2026-05-29,USDCNY,6.7668
2026-06-01,USDCNY,6.7651
2026-06-02,USDCNY,6.7626
2026-06-03,USDCNY,6.7694
2026-06-04,USDCNY,6.7739
2026-06-05,USDCNY,6.7656
2026-06-08,USDCNY,6.7819
2026-06-09,USDCNY,6.7715
2026-06-10,USDCNY,6.7807
2026-06-11,USDCNY,6.7774
2026-06-12,USDCNY,6.7623
2026-06-15,USDCNY,6.757
2026-06-16,USDCNY,6.7564
2026-06-17,USDCNY,6.7595
2026-06-18,USDCNY,6.7716
2026-06-19,USDCNY,6.7693
2026-06-22,USDCNY,6.7748
2026-06-23,USDCNY,6.7857
2026-06-24,USDCNY,6.8109
2026-06-25,USDCNY,6.7982
2026-06-26,USDCNY,6.7982
2026-06-29,USDCNY,6.794
2026-06-30,USDCNY,6.7855
2026-07-01,USDCNY,6.7945
2026-07-02,USDCNY,6.789
2026-07-03,USDCNY,6.7814
2026-07-06,USDCNY,6.7957
2026-07-07,USDCNY,6.7935
2026-07-08,USDCNY,6.8002
2026-07-09,USDCNY,6.796
2026-07-10,USDCNY,6.7745
2026-07-13,USDCNY,6.7776
2026-07-14,USDCNY,6.7801
2026-07-15,USDCNY,6.7743
2026-07-16,USDCNY,6.7669
2026-07-17,USDCNY,6.7775
2026-07-20,USDCNY,6.7669
2026-07-21,USDCNY,6.7661
2026-07-22,USDCNY,6.773
2026-07-23,USDCNY,6.7703
2025-07-18,USDKRW,1390.15
2025-07-21,USDKRW,1383.94
2025-07-22,USDKRW,1386.1
2025-07-23,USDKRW,1374.94
2025-07-24,USDKRW,1369.58
2025-07-25,USDKRW,1381.27
2025-07-28,USDKRW,1385.45
2025-07-29,USDKRW,1394.09
2025-07-30,USDKRW,1384.23
2025-07-31,USDKRW,1394.63
2025-08-01,USDKRW,1404.62
2025-08-04,USDKRW,1383.72
2025-08-05,USDKRW,1391.12
2025-08-06,USDKRW,1388.32
2025-08-07,USDKRW,1383.63
2025-08-08,USDKRW,1390.74
2025-08-11,USDKRW,1391.85
2025-08-12,USDKRW,1390.17
2025-08-13,USDKRW,1378.36
2025-08-14,USDKRW,1386.07
2025-08-15,USDKRW,1388.96
2025-08-18,USDKRW,1386.25
2025-08-19,USDKRW,1388.8
2025-08-20,USDKRW,1398.78
2025-08-21,USDKRW,1398.69
2025-08-22,USDKRW,1390.47
2025-08-25,USDKRW,1387.28
2025-08-26,USDKRW,1394.36
2025-08-27,USDKRW,1397.82
2025-08-28,USDKRW,1385.8
2025-08-29,USDKRW,1391.54
2025-09-01,USDKRW,1393.36
2025-09-02,USDKRW,1395.34
2025-09-03,USDKRW,1389.43
2025-09-04,USDKRW,1393.31
2025-09-05,USDKRW,1390.78
2025-09-08,USDKRW,1387.88
2025-09-09,USDKRW,1386.71
2025-09-10,USDKRW,1388.85
2025-09-11,USDKRW,1392.96
2025-09-12,USDKRW,1391.86
2025-09-15,USDKRW,1387.98
2025-09-16,USDKRW,1381.93
2025-09-17,USDKRW,1378.56
2025-09-18,USDKRW,1386.5
2025-09-19,USDKRW,1398.16
2025-09-22,USDKRW,1391.29
2025-09-23,USDKRW,1394.55
2025-09-24,USDKRW,1399.28
2025-09-25,USDKRW,1403.93
2025-09-26,USDKRW,1409.82
2025-09-29,USDKRW,1401.78
2025-09-30,USDKRW,1403.67
2025-10-01,USDKRW,1405.25
2025-10-02,USDKRW,1401.4
2025-10-03,USDKRW,1405.57
2025-10-06,USDKRW,1412.23
2025-10-07,USDKRW,1413.2
2025-10-08,USDKRW,1424.33
2025-10-09,USDKRW,1419.17
2025-10-10,USDKRW,1421.03
2025-10-13,USDKRW,1427.6
2025-10-14,USDKRW,1434.71
2025-10-15,USDKRW,1423.59
2025-10-16,USDKRW,1417.88
2025-10-17,USDKRW,1420.58
2025-10-20,USDKRW,1423.54
2025-10-21,USDKRW,1430.5
2025-10-22,USDKRW,1432.66
2025-10-23,USDKRW,1440.43
2025-10-24,USDKRW,1439.45
2025-10-27,USDKRW,1432.32
2025-10-28,USDKRW,1436.38
2025-10-29,USDKRW,1422.95
2025-10-30,USDKRW,1434.99
2025-10-31,USDKRW,1428.14
2025-11-03,USDKRW,1430.02
2025-11-04,USDKRW,1439.2
2025-11-05,USDKRW,1444
2025-11-06,USDKRW,1445.76
2025-11-07,USDKRW,1459.64
2025-11-10,USDKRW,1454.13
2025-11-11,USDKRW,1465.1
2025-11-12,USDKRW,1465.88
2025-11-13,USDKRW,1463.48
2025-11-14,USDKRW,1451.5
2025-11-17,USDKRW,1461.46
2025-11-18,USDKRW,1462.99
2025-11-19,USDKRW,1466.01
2025-11-20,USDKRW,1469.35
2025-11-21,USDKRW,1474.29
2025-11-24,USDKRW,1473.27
2025-11-25,USDKRW,1464.88
2025-11-26,USDKRW,1474.3
2025-11-27,USDKRW,1462.24
2025-11-28,USDKRW,1469.66
2025-12-01,USDKRW,1465.15
2025-12-02,USDKRW,1467.9
2025-12-03,USDKRW,1464.5
2025-12-04,USDKRW,1471.53
2025-12-05,USDKRW,1472.58
2025-12-08,USDKRW,1466.19
2025-12-09,USDKRW,1468.51
2025-12-10,USDKRW,1469.97
2025-12-11,USDKRW,1471.14
2025-12-12,USDKRW,1477.12
2025-12-15,USDKRW,1465.15
2025-12-16,USDKRW,1473.24
2025-12-17,USDKRW,1479.38
2025-12-18,USDKRW,1477.24
2025-12-19,USDKRW,1478.72
2025-12-22,USDKRW,1480.39
2025-12-23,USDKRW,1480.88
2025-12-24,USDKRW,1448.24
2025-12-29,USDKRW,1437.15
2025-12-30,USDKRW,1443.95
2025-12-31,USDKRW,1444.2
2026-01-02,USDKRW,1444.87
2026-01-05,USDKRW,1449.28
2026-01-06,USDKRW,1448.65
2026-01-07,USDKRW,1447.68
2026-01-08,USDKRW,1452.31
2026-01-09,USDKRW,1459.84
2026-01-12,USDKRW,1466.91
2026-01-13,USDKRW,1474.08
2026-01-14,USDKRW,1475.41
2026-01-15,USDKRW,1468.32
2026-01-16,USDKRW,1472.93
2026-01-19,USDKRW,1473.2
2026-01-20,USDKRW,1476.8
2026-01-21,USDKRW,1464.62
2026-01-22,USDKRW,1467.72
2026-01-23,USDKRW,1467.55
2026-01-26,USDKRW,1447.77
2026-01-27,USDKRW,1441.2
2026-01-28,USDKRW,1428.83
2026-01-29,USDKRW,1430.83
2026-01-30,USDKRW,1442.63
2026-02-02,USDKRW,1452.48
2026-02-03,USDKRW,1448.56
2026-02-04,USDKRW,1455.75
2026-02-05,USDKRW,1465.15
2026-02-06,USDKRW,1467.42
2026-02-09,USDKRW,1462.05
2026-02-10,USDKRW,1461.64
2026-02-11,USDKRW,1451.97
2026-02-12,USDKRW,1438.29
2026-02-13,USDKRW,1446.45
2026-02-16,USDKRW,1441.42
2026-02-17,USDKRW,1445.82
2026-02-18,USDKRW,1445.89
2026-02-19,USDKRW,1449.68
2026-02-20,USDKRW,1449.66
2026-02-23,USDKRW,1443.55
2026-02-24,USDKRW,1443.3
2026-02-25,USDKRW,1427.9
2026-02-26,USDKRW,1425.64
2026-02-27,USDKRW,1441.97
2026-03-02,USDKRW,1462.11
2026-03-03,USDKRW,1478.5
2026-03-04,USDKRW,1464.8
2026-03-05,USDKRW,1475.79
2026-03-06,USDKRW,1485.18
2026-03-09,USDKRW,1485.12
2026-03-10,USDKRW,1470.12
2026-03-11,USDKRW,1477.11
2026-03-12,USDKRW,1480.84
2026-03-13,USDKRW,1491.7
2026-03-16,USDKRW,1490.75
2026-03-17,USDKRW,1487.18
2026-03-18,USDKRW,1503.55
2026-03-19,USDKRW,1501.61
2026-03-20,USDKRW,1500.8
2026-03-23,USDKRW,1487.52
2026-03-24,USDKRW,1498.86
2026-03-25,USDKRW,1497.53
2026-03-26,USDKRW,1506.32
2026-03-27,USDKRW,1511.5
2026-03-30,USDKRW,1517.7
2026-03-31,USDKRW,1524.8
2026-04-01,USDKRW,1504.81
2026-04-02,USDKRW,1516.65
2026-04-07,USDKRW,1497.41
2026-04-08,USDKRW,1474.23
2026-04-09,USDKRW,1479.49
2026-04-10,USDKRW,1483.27
2026-04-13,USDKRW,1489.95
2026-04-14,USDKRW,1470.52
2026-04-15,USDKRW,1477.1
2026-04-16,USDKRW,1476.51
2026-04-17,USDKRW,1478.99
2026-04-20,USDKRW,1470.25
2026-04-21,USDKRW,1469.85
2026-04-22,USDKRW,1478.05
2026-04-23,USDKRW,1479.36
2026-04-24,USDKRW,1477.04
2026-04-27,USDKRW,1471.22
2026-04-28,USDKRW,1476.89
2026-04-29,USDKRW,1478.38
2026-04-30,USDKRW,1477
2026-05-04,USDKRW,1472.03
2026-05-05,USDKRW,1472.95
2026-05-06,USDKRW,1448.1
2026-05-07,USDKRW,1450.64
2026-05-08,USDKRW,1466.78
2026-05-11,USDKRW,1472.9
2026-05-12,USDKRW,1488.87
2026-05-13,USDKRW,1488.58
2026-05-14,USDKRW,1491.73
2026-05-15,USDKRW,1499.62
2026-05-18,USDKRW,1497.8
2026-05-19,USDKRW,1508.75
2026-05-20,USDKRW,1505.44
2026-05-21,USDKRW,1508.74
2026-05-22,USDKRW,1517.55
2026-05-25,USDKRW,1513.75
2026-05-26,USDKRW,1505.3
2026-05-27,USDKRW,1499.7
2026-05-28,USDKRW,1502.83
2026-05-29,USDKRW,1506.27
2026-06-01,USDKRW,1508.64
2026-06-02,USDKRW,1517.15
2026-06-03,USDKRW,1530.99
2026-06-04,USDKRW,1532.52
2026-06-05,USDKRW,1540.93
2026-06-08,USDKRW,1527.95
2026-06-09,USDKRW,1525.48
2026-06-10,USDKRW,1524.5
2026-06-11,USDKRW,1529.53
2026-06-12,USDKRW,1520.21
2026-06-15,USDKRW,1514.3
2026-06-16,USDKRW,1508.85
2026-06-17,USDKRW,1517.08
2026-06-18,USDKRW,1538.89
2026-06-19,USDKRW,1532.31
2026-06-22,USDKRW,1537.08
2026-06-23,USDKRW,1536.15
2026-06-24,USDKRW,1546.43
2026-06-25,USDKRW,1542.92
2026-06-26,USDKRW,1536.47
2026-06-29,USDKRW,1543.75
2026-06-30,USDKRW,1550.89
2026-07-01,USDKRW,1558.09
2026-07-02,USDKRW,1548.85
2026-07-03,USDKRW,1531.23
2026-07-06,USDKRW,1531.07
2026-07-07,USDKRW,1514.45
2026-07-08,USDKRW,1509.08
2026-07-09,USDKRW,1512.45
2026-07-10,USDKRW,1504.92
2026-07-13,USDKRW,1494.09
2026-07-14,USDKRW,1495.49
2026-07-15,USDKRW,1492.17
2026-07-16,USDKRW,1479.45
2026-07-17,USDKRW,1485.32
2026-07-20,USDKRW,1481.18
2026-07-21,USDKRW,1478.4
2026-07-22,USDKRW,1480.35
2026-07-23,USDKRW,1472.72
2025-07-18,USDSEK,9.6571
2025-07-21,USDSEK,9.61
2025-07-22,USDSEK,9.5829
2025-07-23,USDSEK,9.5207
2025-07-24,USDSEK,9.5143
2025-07-25,USDSEK,9.5245
2025-07-28,USDSEK,9.5714
2025-07-29,USDSEK,9.6731
2025-07-30,USDSEK,9.6673
2025-07-31,USDSEK,9.7479
2025-08-01,USDSEK,9.818
2025-08-04,USDSEK,9.6693
2025-08-05,USDSEK,9.6769
2025-08-06,USDSEK,9.648
2025-08-07,USDSEK,9.6148
2025-08-08,USDSEK,9.5965
2025-08-11,USDSEK,9.6214
2025-08-12,USDSEK,9.6433
2025-08-13,USDSEK,9.5274
2025-08-14,USDSEK,9.5654
2025-08-15,USDSEK,9.5632
2025-08-18,USDSEK,9.558
2025-08-19,USDSEK,9.5514
2025-08-20,USDSEK,9.5932
2025-08-21,USDSEK,9.5919
2025-08-22,USDSEK,9.6291
2025-08-25,USDSEK,9.5191
2025-08-26,USDSEK,9.5715
2025-08-27,USDSEK,9.5885
2025-08-28,USDSEK,9.484
2025-08-29,USDSEK,9.4828
2025-09-01,USDSEK,9.3999
2025-09-02,USDSEK,9.4479
2025-09-03,USDSEK,9.4409
2025-09-04,USDSEK,9.4604
2025-09-05,USDSEK,9.405
2025-09-08,USDSEK,9.3797
2025-09-09,USDSEK,9.368
2025-09-10,USDSEK,9.3542
2025-09-11,USDSEK,9.3723
2025-09-12,USDSEK,9.3433
2025-09-15,USDSEK,9.2738
2025-09-16,USDSEK,9.2576
2025-09-17,USDSEK,9.2621
2025-09-18,USDSEK,9.3061
2025-09-19,USDSEK,9.4329
2025-09-22,USDSEK,9.3791
2025-09-23,USDSEK,9.318
2025-09-24,USDSEK,9.3867
2025-09-25,USDSEK,9.4118
2025-09-26,USDSEK,9.456
2025-09-29,USDSEK,9.4089
2025-09-30,USDSEK,9.417
2025-10-01,USDSEK,9.4127
2025-10-02,USDSEK,9.3606
2025-10-03,USDSEK,9.377
2025-10-06,USDSEK,9.4091
2025-10-07,USDSEK,9.3858
2025-10-08,USDSEK,9.4293
2025-10-09,USDSEK,9.4626
2025-10-10,USDSEK,9.5159
2025-10-13,USDSEK,9.5194
2025-10-14,USDSEK,9.5542
2025-10-15,USDSEK,9.4816
2025-10-16,USDSEK,9.454
2025-10-17,USDSEK,9.4427
2025-10-20,USDSEK,9.4294
2025-10-21,USDSEK,9.4206
2025-10-22,USDSEK,9.4209
2025-10-23,USDSEK,9.4189
2025-10-24,USDSEK,9.3903
2025-10-27,USDSEK,9.3746
2025-10-28,USDSEK,9.3904
2025-10-29,USDSEK,9.364
2025-10-30,USDSEK,9.4719
2025-10-31,USDSEK,9.4556
2025-11-03,USDSEK,9.4971
2025-11-04,USDSEK,9.561
2025-11-05,USDSEK,9.5871
2025-11-06,USDSEK,9.5292
2025-11-07,USDSEK,9.5545
2025-11-10,USDSEK,9.4953
2025-11-11,USDSEK,9.4799
2025-11-12,USDSEK,9.4502
2025-11-13,USDSEK,9.416
2025-11-14,USDSEK,9.4295
2025-11-17,USDSEK,9.457
2025-11-18,USDSEK,9.4884
2025-11-19,USDSEK,9.4898
2025-11-20,USDSEK,9.5532
2025-11-21,USDSEK,9.5712
2025-11-24,USDSEK,9.534
2025-11-25,USDSEK,9.5645
2025-11-26,USDSEK,9.5314
2025-11-27,USDSEK,9.4895
2025-11-28,USDSEK,9.4843
2025-12-01,USDSEK,9.4135
2025-12-02,USDSEK,9.4597
2025-12-03,USDSEK,9.3889
2025-12-04,USDSEK,9.4008
2025-12-05,USDSEK,9.4109
2025-12-08,USDSEK,9.3947
2025-12-09,USDSEK,9.368
2025-12-10,USDSEK,9.333
2025-12-11,USDSEK,9.2582
2025-12-12,USDSEK,9.2801
2025-12-15,USDSEK,9.2874
2025-12-16,USDSEK,9.2918
2025-12-17,USDSEK,9.3295
2025-12-18,USDSEK,9.3024
2025-12-19,USDSEK,9.3101
2025-12-22,USDSEK,9.2431
2025-12-23,USDSEK,9.1804
2025-12-24,USDSEK,9.1673
2025-12-29,USDSEK,9.1926
2025-12-30,USDSEK,9.2013
2025-12-31,USDSEK,9.2098
2026-01-02,USDSEK,9.2215
2026-01-05,USDSEK,9.2481
2026-01-06,USDSEK,9.1954
2026-01-07,USDSEK,9.1891
2026-01-08,USDSEK,9.2214
2026-01-09,USDSEK,9.2321
2026-01-12,USDSEK,9.1522
2026-01-13,USDSEK,9.193
2026-01-14,USDSEK,9.2035
2026-01-15,USDSEK,9.2038
2026-01-16,USDSEK,9.227
2026-01-19,USDSEK,9.2253
2026-01-20,USDSEK,9.1303
2026-01-21,USDSEK,9.0817
2026-01-22,USDSEK,9.0501
2026-01-23,USDSEK,9.0023
2026-01-26,USDSEK,8.9781
2026-01-27,USDSEK,8.8708
2026-01-28,USDSEK,8.8429
2026-01-29,USDSEK,8.8273
2026-01-30,USDSEK,8.8267
2026-02-02,USDSEK,8.9472
2026-02-03,USDSEK,8.9386
2026-02-04,USDSEK,8.9484
2026-02-05,USDSEK,9.0193
2026-02-06,USDSEK,9.0499
2026-02-09,USDSEK,8.9605
2026-02-10,USDSEK,8.9234
2026-02-11,USDSEK,8.8773
2026-02-12,USDSEK,8.8993
2026-02-13,USDSEK,8.9575
2026-02-16,USDSEK,8.9587
2026-02-17,USDSEK,9.0039
2026-02-18,USDSEK,8.9624
2026-02-19,USDSEK,9.0968
2026-02-20,USDSEK,9.0716
2026-02-23,USDSEK,9.0763
2026-02-24,USDSEK,9.0753
2026-02-25,USDSEK,9.0602
2026-02-26,USDSEK,9.0342
2026-02-27,USDSEK,9.0337
2026-03-02,USDSEK,9.1537
2026-03-03,USDSEK,9.2422
2026-03-04,USDSEK,9.1669
2026-03-05,USDSEK,9.1999
2026-03-06,USDSEK,9.2492
2026-03-09,USDSEK,9.2553
2026-03-10,USDSEK,9.1109
2026-03-11,USDSEK,9.1998
2026-03-12,USDSEK,9.2758
2026-03-13,USDSEK,9.3713
2026-03-16,USDSEK,9.3823
2026-03-17,USDSEK,9.2841
2026-03-18,USDSEK,9.372
2026-03-19,USDSEK,9.406
2026-03-20,USDSEK,9.3315
2026-03-23,USDSEK,9.3418
2026-03-24,USDSEK,9.3534
2026-03-25,USDSEK,9.2922
2026-03-26,USDSEK,9.3947
2026-03-27,USDSEK,9.4452
2026-03-30,USDSEK,9.4967
2026-03-31,USDSEK,9.5173
2026-04-01,USDSEK,9.3822
2026-04-02,USDSEK,9.4993
2026-04-07,USDSEK,9.5094
2026-04-08,USDSEK,9.2124
2026-04-09,USDSEK,9.3081
2026-04-10,USDSEK,9.2528
2026-04-13,USDSEK,9.3221
2026-04-14,USDSEK,9.1563
2026-04-15,USDSEK,9.2105
2026-04-16,USDSEK,9.1699
2026-04-17,USDSEK,9.1574
2026-04-20,USDSEK,9.1569
2026-04-21,USDSEK,9.1353
2026-04-22,USDSEK,9.1844
2026-04-23,USDSEK,9.218
2026-04-24,USDSEK,9.2384
2026-04-27,USDSEK,9.1825
2026-04-28,USDSEK,9.2881
2026-04-29,USDSEK,9.2606
2026-04-30,USDSEK,9.2766
2026-05-04,USDSEK,9.2607
2026-05-05,USDSEK,9.2761
2026-05-06,USDSEK,9.2106
2026-05-07,USDSEK,9.1971
2026-05-08,USDSEK,9.2186
2026-05-11,USDSEK,9.2448
2026-05-12,USDSEK,9.2805
2026-05-13,USDSEK,9.3171
2026-05-14,USDSEK,9.327
2026-05-15,USDSEK,9.4444
2026-05-18,USDSEK,9.3978
2026-05-19,USDSEK,9.3881
2026-05-20,USDSEK,9.3772
2026-05-21,USDSEK,9.3642
2026-05-22,USDSEK,9.3743
2026-05-25,USDSEK,9.273
2026-05-26,USDSEK,9.3042
2026-05-27,USDSEK,9.2717
2026-05-28,USDSEK,9.3152
2026-05-29,USDSEK,9.2511
2026-06-01,USDSEK,9.2641
2026-06-02,USDSEK,9.2926
2026-06-03,USDSEK,9.3714
2026-06-04,USDSEK,9.3473
2026-06-05,USDSEK,9.3363
2026-06-08,USDSEK,9.4246
2026-06-09,USDSEK,9.4055
2026-06-10,USDSEK,9.503
2026-06-11,USDSEK,9.5289
2026-06-12,USDSEK,9.4476
2026-06-15,USDSEK,9.3887
2026-06-16,USDSEK,9.3988
2026-06-17,USDSEK,9.3961
2026-06-18,USDSEK,9.5842
2026-06-19,USDSEK,9.5701
2026-06-22,USDSEK,9.6002
2026-06-23,USDSEK,9.7073
2026-06-24,USDSEK,9.7751
2026-06-25,USDSEK,9.7593
2026-06-26,USDSEK,9.7163
2026-06-29,USDSEK,9.7199
2026-06-30,USDSEK,9.7363
2026-07-01,USDSEK,9.7474
2026-07-02,USDSEK,9.718
2026-07-03,USDSEK,9.6362
2026-07-06,USDSEK,9.6496
2026-07-07,USDSEK,9.66
2026-07-08,USDSEK,9.6953
2026-07-09,USDSEK,9.6738
2026-07-10,USDSEK,9.6365
2026-07-13,USDSEK,9.6525
2026-07-14,USDSEK,9.6765
2026-07-15,USDSEK,9.6855
2026-07-16,USDSEK,9.6176
2026-07-17,USDSEK,9.655
2026-07-20,USDSEK,9.6665
2026-07-21,USDSEK,9.6764
2026-07-22,USDSEK,9.7103
2026-07-23,USDSEK,9.7397
2025-07-18,USDNOK,10.1575
2025-07-21,USDNOK,10.1706
2025-07-22,USDNOK,10.1586
2025-07-23,USDNOK,10.0985
2025-07-24,USDNOK,10.1025
2025-07-25,USDNOK,10.1497
2025-07-28,USDNOK,10.1789
2025-07-29,USDNOK,10.2458
2025-07-30,USDNOK,10.2191
2025-07-31,USDNOK,10.2866
2025-08-01,USDNOK,10.3585
2025-08-04,USDNOK,10.2676
2025-08-05,USDNOK,10.2694
2025-08-06,USDNOK,10.2133
2025-08-07,USDNOK,10.2124
2025-08-08,USDNOK,10.2627
2025-08-11,USDNOK,10.2435
2025-08-12,USDNOK,10.248
2025-08-13,USDNOK,10.199
2025-08-14,USDNOK,10.198
2025-08-15,USDNOK,10.178
2025-08-18,USDNOK,10.1808
2025-08-19,USDNOK,10.2106
2025-08-20,USDNOK,10.2571
2025-08-21,USDNOK,10.1817
2025-08-22,USDNOK,10.1934
2025-08-25,USDNOK,10.0953
2025-08-26,USDNOK,10.1544
2025-08-27,USDNOK,10.1665
2025-08-28,USDNOK,10.0617
2025-08-29,USDNOK,10.0759
2025-09-01,USDNOK,10.0141
2025-09-02,USDNOK,10.024
2025-09-03,USDNOK,10.0403
2025-09-04,USDNOK,10.091
2025-09-05,USDNOK,10.0457
2025-09-08,USDNOK,9.9868
2025-09-09,USDNOK,9.9715
2025-09-10,USDNOK,9.9253
2025-09-11,USDNOK,9.9375
2025-09-12,USDNOK,9.8861
2025-09-15,USDNOK,9.8219
2025-09-16,USDNOK,9.8162
2025-09-17,USDNOK,9.8217
2025-09-18,USDNOK,9.8045
2025-09-19,USDNOK,9.9442
2025-09-22,USDNOK,9.9334
2025-09-23,USDNOK,9.8974
2025-09-24,USDNOK,9.9422
2025-09-25,USDNOK,9.9574
2025-09-26,USDNOK,10.033
2025-09-29,USDNOK,9.9612
2025-09-30,USDNOK,9.9877
2025-10-01,USDNOK,9.9437
2025-10-02,USDNOK,9.9328
2025-10-03,USDNOK,9.9493
2025-10-06,USDNOK,9.9512
2025-10-07,USDNOK,9.9456
2025-10-08,USDNOK,9.9875
2025-10-09,USDNOK,10.0112
2025-10-10,USDNOK,10.0947
2025-10-13,USDNOK,10.0951
2025-10-14,USDNOK,10.19
2025-10-15,USDNOK,10.0865
2025-10-16,USDNOK,10.073
2025-10-17,USDNOK,10.0413
2025-10-20,USDNOK,10.0742
2025-10-21,USDNOK,10.0537
2025-10-22,USDNOK,10.0483
2025-10-23,USDNOK,9.9913
2025-10-24,USDNOK,10.0056
2025-10-27,USDNOK,9.9931
2025-10-28,USDNOK,10.003
2025-10-29,USDNOK,10.0021
2025-10-30,USDNOK,10.0994
2025-10-31,USDNOK,10.0818
2025-11-03,USDNOK,10.1164
2025-11-04,USDNOK,10.2049
2025-11-05,USDNOK,10.2236
2025-11-06,USDNOK,10.1678
2025-11-07,USDNOK,10.1894
2025-11-10,USDNOK,10.1015
2025-11-11,USDNOK,10.0739
2025-11-12,USDNOK,10.0635
2025-11-13,USDNOK,10.0473
2025-11-14,USDNOK,10.0691
2025-11-17,USDNOK,10.0927
2025-11-18,USDNOK,10.1236
2025-11-19,USDNOK,10.1425
2025-11-20,USDNOK,10.1967
2025-11-21,USDNOK,10.2378
2025-11-24,USDNOK,10.217
2025-11-25,USDNOK,10.2571
2025-11-26,USDNOK,10.233
2025-11-27,USDNOK,10.1873
2025-11-28,USDNOK,10.1716
2025-12-01,USDNOK,10.1073
2025-12-02,USDNOK,10.1507
2025-12-03,USDNOK,10.0771
2025-12-04,USDNOK,10.0994
2025-12-05,USDNOK,10.0945
2025-12-08,USDNOK,10.1124
2025-12-09,USDNOK,10.1268
2025-12-10,USDNOK,10.1504
2025-12-11,USDNOK,10.0948
2025-12-12,USDNOK,10.1066
2025-12-15,USDNOK,10.1315
2025-12-16,USDNOK,10.1775
2025-12-17,USDNOK,10.225
2025-12-18,USDNOK,10.201
2025-12-19,USDNOK,10.1733
2025-12-22,USDNOK,10.1213
2025-12-23,USDNOK,10.0535
2025-12-24,USDNOK,10.0144
2025-12-29,USDNOK,10.0518
2025-12-30,USDNOK,10.0587
2025-12-31,USDNOK,10.0791
2026-01-02,USDNOK,10.0661
2026-01-05,USDNOK,10.099
2026-01-06,USDNOK,10.0184
2026-01-07,USDNOK,10.0638
2026-01-08,USDNOK,10.1015
2026-01-09,USDNOK,10.1155
2026-01-12,USDNOK,10.0449
2026-01-13,USDNOK,10.0875
2026-01-14,USDNOK,10.0704
2026-01-15,USDNOK,10.0826
2026-01-16,USDNOK,10.0889
2026-01-19,USDNOK,10.0847
2026-01-20,USDNOK,9.9893
2026-01-21,USDNOK,9.9127
2026-01-22,USDNOK,9.8889
2026-01-23,USDNOK,9.8297
2026-01-26,USDNOK,9.8019
2026-01-27,USDNOK,9.6965
2026-01-28,USDNOK,9.6234
2026-01-29,USDNOK,9.5404
2026-01-30,USDNOK,9.5549
2026-02-02,USDNOK,9.6837
2026-02-03,USDNOK,9.6788
2026-02-04,USDNOK,9.6442
2026-02-05,USDNOK,9.7254
2026-02-06,USDNOK,9.7249
2026-02-09,USDNOK,9.6155
2026-02-10,USDNOK,9.5103
2026-02-11,USDNOK,9.4664
2026-02-12,USDNOK,9.4774
2026-02-13,USDNOK,9.5481
2026-02-16,USDNOK,9.5036
2026-02-17,USDNOK,9.5396
2026-02-18,USDNOK,9.4795
2026-02-19,USDNOK,9.5746
2026-02-20,USDNOK,9.564
2026-02-23,USDNOK,9.5541
2026-02-24,USDNOK,9.5589
2026-02-25,USDNOK,9.5855
2026-02-26,USDNOK,9.559
2026-02-27,USDNOK,9.4947
2026-03-02,USDNOK,9.5666
2026-03-03,USDNOK,9.692
2026-03-04,USDNOK,9.6476
2026-03-05,USDNOK,9.6523
2026-03-06,USDNOK,9.664
2026-03-09,USDNOK,9.6534
2026-03-10,USDNOK,9.5756
2026-03-11,USDNOK,9.6451
2026-03-12,USDNOK,9.6627
2026-03-13,USDNOK,9.7238
2026-03-16,USDNOK,9.7134
2026-03-17,USDNOK,9.6028
2026-03-18,USDNOK,9.583
2026-03-19,USDNOK,9.5709
2026-03-20,USDNOK,9.5448
2026-03-23,USDNOK,9.7318
2026-03-24,USDNOK,9.7049
2026-03-25,USDNOK,9.7356
2026-03-26,USDNOK,9.6425
2026-03-27,USDNOK,9.7148
2026-03-30,USDNOK,9.751
2026-03-31,USDNOK,9.7517
2026-04-01,USDNOK,9.6579
2026-04-02,USDNOK,9.7427
2026-04-07,USDNOK,9.6764
2026-04-08,USDNOK,9.528
2026-04-09,USDNOK,9.522
2026-04-10,USDNOK,9.4924
2026-04-13,USDNOK,9.4985
2026-04-14,USDNOK,9.4132
2026-04-15,USDNOK,9.4397
2026-04-16,USDNOK,9.377
2026-04-17,USDNOK,9.3388
2026-04-20,USDNOK,9.3321
2026-04-21,USDNOK,9.3201
2026-04-22,USDNOK,9.3003
2026-04-23,USDNOK,9.3321
2026-04-24,USDNOK,9.3515
2026-04-27,USDNOK,9.2629
2026-04-28,USDNOK,9.3215
2026-04-29,USDNOK,9.279
2026-04-30,USDNOK,9.3252
2026-05-04,USDNOK,9.2547
2026-05-05,USDNOK,9.2465
2026-05-06,USDNOK,9.2654
2026-05-07,USDNOK,9.2332
2026-05-08,USDNOK,9.2012
2026-05-11,USDNOK,9.2031
2026-05-12,USDNOK,9.1762
2026-05-13,USDNOK,9.169
2026-05-14,USDNOK,9.2275
2026-05-15,USDNOK,9.3266
2026-05-18,USDNOK,9.2724
2026-05-19,USDNOK,9.2629
2026-05-20,USDNOK,9.2793
2026-05-21,USDNOK,9.2314
2026-05-22,USDNOK,9.2536
2026-05-25,USDNOK,9.2468
2026-05-26,USDNOK,9.2591
2026-05-27,USDNOK,9.2782
2026-05-28,USDNOK,9.2916
2026-05-29,USDNOK,9.2524
2026-06-01,USDNOK,9.2637
2026-06-02,USDNOK,9.2712
2026-06-03,USDNOK,9.2935
2026-06-04,USDNOK,9.3166
2026-06-05,USDNOK,9.3166
2026-06-08,USDNOK,9.4597
2026-06-09,USDNOK,9.4483
2026-06-10,USDNOK,9.4913
2026-06-11,USDNOK,9.5254
2026-06-12,USDNOK,9.5319
2026-06-15,USDNOK,9.5249
2026-06-16,USDNOK,9.5278
2026-06-17,USDNOK,9.497
2026-06-18,USDNOK,9.6894
2026-06-19,USDNOK,9.6839
2026-06-22,USDNOK,9.6666
2026-06-23,USDNOK,9.7814
2026-06-24,USDNOK,9.8386
2026-06-25,USDNOK,9.8902
2026-06-26,USDNOK,9.9145
2026-06-29,USDNOK,9.9329
2026-06-30,USDNOK,9.9267
2026-07-01,USDNOK,9.9381
2026-07-02,USDNOK,9.9031
2026-07-03,USDNOK,9.8436
2026-07-06,USDNOK,9.8414
2026-07-07,USDNOK,9.8084
2026-07-08,USDNOK,9.765
2026-07-09,USDNOK,9.7337
2026-07-10,USDNOK,9.7537
2026-07-13,USDNOK,9.7685
2026-07-14,USDNOK,9.7124
2026-07-15,USDNOK,9.7282
2026-07-16,USDNOK,9.6486
2026-07-17,USDNOK,9.6537
2026-07-20,USDNOK,9.6639
2026-07-21,USDNOK,9.6225
2026-07-22,USDNOK,9.5959
2026-07-23,USDNOK,9.6142
2025-07-18,USDPLN,3.6475
2025-07-21,USDPLN,3.6363
2025-07-22,USDPLN,3.6383
2025-07-23,USDPLN,3.6283
2025-07-24,USDPLN,3.6197
2025-07-25,USDPLN,3.6287
2025-07-28,USDPLN,3.655
2025-07-29,USDPLN,3.7115
2025-07-30,USDPLN,3.7022
2025-07-31,USDPLN,3.733
2025-08-01,USDPLN,3.7491
2025-08-04,USDPLN,3.6972
2025-08-05,USDPLN,3.7039
2025-08-06,USDPLN,3.6867
2025-08-07,USDPLN,3.6582
2025-08-08,USDPLN,3.6496
2025-08-11,USDPLN,3.6599
2025-08-12,USDPLN,3.6708
2025-08-13,USDPLN,3.6376
2025-08-14,USDPLN,3.6446
2025-08-15,USDPLN,3.6437
2025-08-18,USDPLN,3.6409
2025-08-19,USDPLN,3.6336
2025-08-20,USDPLN,3.6463
2025-08-21,USDPLN,3.6531
2025-08-22,USDPLN,3.6723
2025-08-25,USDPLN,3.6433
2025-08-26,USDPLN,3.6555
2025-08-27,USDPLN,3.6831
2025-08-28,USDPLN,3.6501
2025-08-29,USDPLN,3.6597
2025-09-01,USDPLN,3.6324
2025-09-02,USDPLN,3.6625
2025-09-03,USDPLN,3.6491
2025-09-04,USDPLN,3.6499
2025-09-05,USDPLN,3.6338
2025-09-08,USDPLN,3.6234
2025-09-09,USDPLN,3.6238
2025-09-10,USDPLN,3.6427
2025-09-11,USDPLN,3.6502
2025-09-12,USDPLN,3.6333
2025-09-15,USDPLN,3.6125
2025-09-16,USDPLN,3.6007
2025-09-17,USDPLN,3.5925
2025-09-18,USDPLN,3.6013
2025-09-19,USDPLN,3.6324
2025-09-22,USDPLN,3.6151
2025-09-23,USDPLN,3.6083
2025-09-24,USDPLN,3.6299
2025-09-25,USDPLN,3.6322
2025-09-26,USDPLN,3.6588
2025-09-29,USDPLN,3.642
2025-09-30,USDPLN,3.6367
2025-10-01,USDPLN,3.6321
2025-10-02,USDPLN,3.6213
2025-10-03,USDPLN,3.6266
2025-10-06,USDPLN,3.6417
2025-10-07,USDPLN,3.6461
2025-10-08,USDPLN,3.656
2025-10-09,USDPLN,3.6645
2025-10-10,USDPLN,3.6805
2025-10-13,USDPLN,3.6836
2025-10-14,USDPLN,3.6895
2025-10-15,USDPLN,3.662
2025-10-16,USDPLN,3.6495
2025-10-17,USDPLN,3.6341
2025-10-20,USDPLN,3.6438
2025-10-21,USDPLN,3.6524
2025-10-22,USDPLN,3.6517
2025-10-23,USDPLN,3.6511
2025-10-24,USDPLN,3.6521
2025-10-27,USDPLN,3.6383
2025-10-28,USDPLN,3.6436
2025-10-29,USDPLN,3.6454
2025-10-30,USDPLN,3.6753
2025-10-31,USDPLN,3.6836
2025-11-03,USDPLN,3.6946
2025-11-04,USDPLN,3.7046
2025-11-05,USDPLN,3.7054
2025-11-06,USDPLN,3.6875
2025-11-07,USDPLN,3.6744
2025-11-10,USDPLN,3.6591
2025-11-11,USDPLN,3.6544
2025-11-12,USDPLN,3.6524
2025-11-13,USDPLN,3.6389
2025-11-14,USDPLN,3.6339
2025-11-17,USDPLN,3.6425
2025-11-18,USDPLN,3.6618
2025-11-19,USDPLN,3.6504
2025-11-20,USDPLN,3.6755
2025-11-21,USDPLN,3.6847
2025-11-24,USDPLN,3.6645
2025-11-25,USDPLN,3.6558
2025-11-26,USDPLN,3.6549
2025-11-27,USDPLN,3.6548
2025-11-28,USDPLN,3.6651
2025-12-01,USDPLN,3.6307
2025-12-02,USDPLN,3.649
2025-12-03,USDPLN,3.6268
2025-12-04,USDPLN,3.627
2025-12-05,USDPLN,3.6344
2025-12-08,USDPLN,3.6298
2025-12-09,USDPLN,3.6352
2025-12-10,USDPLN,3.6314
2025-12-11,USDPLN,3.6085
2025-12-12,USDPLN,3.5994
2025-12-15,USDPLN,3.5918
2025-12-16,USDPLN,3.5842
2025-12-17,USDPLN,3.5915
2025-12-18,USDPLN,3.5884
2025-12-19,USDPLN,3.595
2025-12-22,USDPLN,3.5877
2025-12-23,USDPLN,3.5907
2025-12-24,USDPLN,3.5747
2025-12-29,USDPLN,3.5947
2025-12-30,USDPLN,3.5947
2025-12-31,USDPLN,3.5923
2026-01-02,USDPLN,3.5938
2026-01-05,USDPLN,3.6161
2026-01-06,USDPLN,3.5966
2026-01-07,USDPLN,3.6073
2026-01-08,USDPLN,3.6054
2026-01-09,USDPLN,3.6195
2026-01-12,USDPLN,3.6002
2026-01-13,USDPLN,3.614
2026-01-14,USDPLN,3.6203
2026-01-15,USDPLN,3.6212
2026-01-16,USDPLN,3.6367
2026-01-19,USDPLN,3.6328
2026-01-20,USDPLN,3.6045
2026-01-21,USDPLN,3.6012
2026-01-22,USDPLN,3.5933
2026-01-23,USDPLN,3.5799
2026-01-26,USDPLN,3.5557
2026-01-27,USDPLN,3.5228
2026-01-28,USDPLN,3.5099
2026-01-29,USDPLN,3.5121
2026-01-30,USDPLN,3.5299
2026-02-02,USDPLN,3.5619
2026-02-03,USDPLN,3.5764
2026-02-04,USDPLN,3.5732
2026-02-05,USDPLN,3.5773
2026-02-06,USDPLN,3.5768
2026-02-09,USDPLN,3.5435
2026-02-10,USDPLN,3.5455
2026-02-11,USDPLN,3.5408
2026-02-12,USDPLN,3.5504
2026-02-13,USDPLN,3.5534
2026-02-16,USDPLN,3.5517
2026-02-17,USDPLN,3.5632
2026-02-18,USDPLN,3.5597
2026-02-19,USDPLN,3.5918
2026-02-20,USDPLN,3.5895
2026-02-23,USDPLN,3.5788
2026-02-24,USDPLN,3.5835
2026-02-25,USDPLN,3.5839
2026-02-26,USDPLN,3.5741
2026-02-27,USDPLN,3.5784
2026-03-02,USDPLN,3.628
2026-03-03,USDPLN,3.6933
2026-03-04,USDPLN,3.6559
2026-03-05,USDPLN,3.6775
2026-03-06,USDPLN,3.7086
2026-03-09,USDPLN,3.7027
2026-03-10,USDPLN,3.655
2026-03-11,USDPLN,3.6718
2026-03-12,USDPLN,3.6874
2026-03-13,USDPLN,3.7186
2026-03-16,USDPLN,3.7187
2026-03-17,USDPLN,3.6938
2026-03-18,USDPLN,3.7142
2026-03-19,USDPLN,3.7299
2026-03-20,USDPLN,3.7026
2026-03-23,USDPLN,3.6774
2026-03-24,USDPLN,3.6937
2026-03-25,USDPLN,3.6851
2026-03-26,USDPLN,3.7042
2026-03-27,USDPLN,3.7228
2026-03-30,USDPLN,3.7342
2026-03-31,USDPLN,3.7302
2026-04-01,USDPLN,3.6875
2026-04-02,USDPLN,3.7184
2026-04-07,USDPLN,3.6993
2026-04-08,USDPLN,3.6339
2026-04-09,USDPLN,3.6421
2026-04-10,USDPLN,3.6235
2026-04-13,USDPLN,3.6411
2026-04-14,USDPLN,3.5975
2026-04-15,USDPLN,3.6004
2026-04-16,USDPLN,3.6007
2026-04-17,USDPLN,3.588
2026-04-20,USDPLN,3.5999
2026-04-21,USDPLN,3.5944
2026-04-22,USDPLN,3.6195
2026-04-23,USDPLN,3.6282
2026-04-24,USDPLN,3.6205
2026-04-27,USDPLN,3.6125
2026-04-28,USDPLN,3.6368
2026-04-29,USDPLN,3.6322
2026-04-30,USDPLN,3.6408
2026-05-04,USDPLN,3.6385
2026-05-05,USDPLN,3.6405
2026-05-06,USDPLN,3.5989
2026-05-07,USDPLN,3.5913
2026-05-08,USDPLN,3.5982
2026-05-11,USDPLN,3.6037
2026-05-12,USDPLN,3.619
2026-05-13,USDPLN,3.6289
2026-05-14,USDPLN,3.6214
2026-05-15,USDPLN,3.652
2026-05-18,USDPLN,3.6438
2026-05-19,USDPLN,3.6519
2026-05-20,USDPLN,3.6681
2026-05-21,USDPLN,3.6626
2026-05-22,USDPLN,3.6585
2026-05-25,USDPLN,3.6369
2026-05-26,USDPLN,3.6372
2026-05-27,USDPLN,3.6405
2026-05-28,USDPLN,3.6442
2026-05-29,USDPLN,3.6306
2026-06-01,USDPLN,3.6347
2026-06-02,USDPLN,3.6351
2026-06-03,USDPLN,3.6493
2026-06-04,USDPLN,3.6399
2026-06-05,USDPLN,3.6373
2026-06-08,USDPLN,3.6762
2026-06-09,USDPLN,3.6614
2026-06-10,USDPLN,3.6823
2026-06-11,USDPLN,3.6854
2026-06-12,USDPLN,3.6725
2026-06-15,USDPLN,3.6581
2026-06-16,USDPLN,3.6596
2026-06-17,USDPLN,3.6589
2026-06-18,USDPLN,3.7152
2026-06-19,USDPLN,3.7163
2026-06-22,USDPLN,3.7256
2026-06-23,USDPLN,3.7592
2026-06-24,USDPLN,3.7811
2026-06-25,USDPLN,3.7802
2026-06-26,USDPLN,3.76
2026-06-29,USDPLN,3.7588
2026-06-30,USDPLN,3.77
2026-07-01,USDPLN,3.7739
2026-07-02,USDPLN,3.7635
2026-07-03,USDPLN,3.7428
2026-07-06,USDPLN,3.7567
2026-07-07,USDPLN,3.7547
2026-07-08,USDPLN,3.7789
2026-07-09,USDPLN,3.7678
2026-07-10,USDPLN,3.8036
2026-07-13,USDPLN,3.7848
2026-07-14,USDPLN,3.8039
2026-07-15,USDPLN,3.7926
2026-07-16,USDPLN,3.7747
2026-07-17,USDPLN,3.8017
2026-07-20,USDPLN,3.7914
2026-07-21,USDPLN,3.7927
2026-07-22,USDPLN,3.7956
2026-07-23,USDPLN,3.7983
2025-07-18,USDSGD,1.2827
2025-07-21,USDSGD,1.281
2025-07-22,USDSGD,1.2814
2025-07-23,USDSGD,1.2772
2025-07-24,USDSGD,1.2769
2025-07-25,USDSGD,1.2811
2025-07-28,USDSGD,1.2843
2025-07-29,USDSGD,1.2886
2025-07-30,USDSGD,1.2896
2025-07-31,USDSGD,1.297
2025-08-01,USDSGD,1.2988
2025-08-04,USDSGD,1.2874
2025-08-05,USDSGD,1.2883
2025-08-06,USDSGD,1.2865
2025-08-07,USDSGD,1.2842
2025-08-08,USDSGD,1.2851
2025-08-11,USDSGD,1.2864
2025-08-12,USDSGD,1.2865
2025-08-13,USDSGD,1.28
2025-08-14,USDSGD,1.281
2025-08-15,USDSGD,1.2823
2025-08-18,USDSGD,1.2826
2025-08-19,USDSGD,1.2831
2025-08-20,USDSGD,1.2852
2025-08-21,USDSGD,1.2873
2025-08-22,USDSGD,1.2884
2025-08-25,USDSGD,1.2831
2025-08-26,USDSGD,1.2849
2025-08-27,USDSGD,1.289
2025-08-28,USDSGD,1.283
2025-08-29,USDSGD,1.2856
2025-09-01,USDSGD,1.2838
2025-09-02,USDSGD,1.2885
2025-09-03,USDSGD,1.2885
2025-09-04,USDSGD,1.289
2025-09-05,USDSGD,1.2862
2025-09-08,USDSGD,1.2843
2025-09-09,USDSGD,1.2814
2025-09-10,USDSGD,1.2827
2025-09-11,USDSGD,1.285
2025-09-12,USDSGD,1.2837
2025-09-15,USDSGD,1.2807
2025-09-16,USDSGD,1.278
2025-09-17,USDSGD,1.2766
2025-09-18,USDSGD,1.2798
2025-09-19,USDSGD,1.285
2025-09-22,USDSGD,1.2828
2025-09-23,USDSGD,1.2836
2025-09-24,USDSGD,1.2868
2025-09-25,USDSGD,1.289
2025-09-26,USDSGD,1.2935
2025-09-29,USDSGD,1.2905
2025-09-30,USDSGD,1.2899
2025-10-01,USDSGD,1.2892
2025-10-02,USDSGD,1.287
2025-10-03,USDSGD,1.2893
2025-10-06,USDSGD,1.2934
2025-10-07,USDSGD,1.2931
2025-10-08,USDSGD,1.2954
2025-10-09,USDSGD,1.296
2025-10-10,USDSGD,1.2975
2025-10-13,USDSGD,1.2987
2025-10-14,USDSGD,1.3016
2025-10-15,USDSGD,1.2964
2025-10-16,USDSGD,1.2962
2025-10-17,USDSGD,1.2948
2025-10-20,USDSGD,1.2946
2025-10-21,USDSGD,1.2976
2025-10-22,USDSGD,1.299
2025-10-23,USDSGD,1.2996
2025-10-24,USDSGD,1.2994
2025-10-27,USDSGD,1.2962
2025-10-28,USDSGD,1.2962
2025-10-29,USDSGD,1.2944
2025-10-30,USDSGD,1.3028
2025-10-31,USDSGD,1.3016
2025-11-03,USDSGD,1.3039
2025-11-04,USDSGD,1.3064
2025-11-05,USDSGD,1.3068
2025-11-06,USDSGD,1.3042
2025-11-07,USDSGD,1.302
2025-11-10,USDSGD,1.3027
2025-11-11,USDSGD,1.3017
2025-11-12,USDSGD,1.3028
2025-11-13,USDSGD,1.3004
2025-11-14,USDSGD,1.2988
2025-11-17,USDSGD,1.3024
2025-11-18,USDSGD,1.3022
2025-11-19,USDSGD,1.304
2025-11-20,USDSGD,1.3075
2025-11-21,USDSGD,1.3077
2025-11-24,USDSGD,1.3016
2025-11-25,USDSGD,1.3019
2025-11-26,USDSGD,1.2982
2025-11-27,USDSGD,1.298
2025-11-28,USDSGD,1.2976
2025-12-01,USDSGD,1.2936
2025-12-02,USDSGD,1.2977
2025-12-03,USDSGD,1.2942
2025-12-04,USDSGD,1.2956
2025-12-05,USDSGD,1.2953
2025-12-08,USDSGD,1.2962
2025-12-09,USDSGD,1.2968
2025-12-10,USDSGD,1.2961
2025-12-11,USDSGD,1.2931
2025-12-12,USDSGD,1.2916
2025-12-15,USDSGD,1.2889
2025-12-16,USDSGD,1.2887
2025-12-17,USDSGD,1.2918
2025-12-18,USDSGD,1.291
2025-12-19,USDSGD,1.2929
2025-12-22,USDSGD,1.2899
2025-12-23,USDSGD,1.2857
2025-12-24,USDSGD,1.284
2025-12-29,USDSGD,1.2852
2025-12-30,USDSGD,1.2839
2025-12-31,USDSGD,1.2855
2026-01-02,USDSGD,1.2863
2026-01-05,USDSGD,1.2876
2026-01-06,USDSGD,1.2799
2026-01-07,USDSGD,1.2814
2026-01-08,USDSGD,1.2844
2026-01-09,USDSGD,1.2871
2026-01-12,USDSGD,1.2846
2026-01-13,USDSGD,1.2876
2026-01-14,USDSGD,1.288
2026-01-15,USDSGD,1.2878
2026-01-16,USDSGD,1.2879
2026-01-19,USDSGD,1.285
2026-01-20,USDSGD,1.2828
2026-01-21,USDSGD,1.2816
2026-01-22,USDSGD,1.2836
2026-01-23,USDSGD,1.2788
2026-01-26,USDSGD,1.271
2026-01-27,USDSGD,1.2655
2026-01-28,USDSGD,1.2617
2026-01-29,USDSGD,1.264
2026-01-30,USDSGD,1.2678
2026-02-02,USDSGD,1.2715
2026-02-03,USDSGD,1.2706
2026-02-04,USDSGD,1.2713
2026-02-05,USDSGD,1.2732
2026-02-06,USDSGD,1.2732
2026-02-09,USDSGD,1.2676
2026-02-10,USDSGD,1.2663
2026-02-11,USDSGD,1.2628
2026-02-12,USDSGD,1.2619
2026-02-13,USDSGD,1.2639
2026-02-16,USDSGD,1.2621
2026-02-17,USDSGD,1.2638
2026-02-18,USDSGD,1.2639
2026-02-19,USDSGD,1.2691
2026-02-20,USDSGD,1.2689
2026-02-23,USDSGD,1.2664
2026-02-24,USDSGD,1.2673
2026-02-25,USDSGD,1.2649
2026-02-26,USDSGD,1.2631
2026-02-27,USDSGD,1.2657
2026-03-02,USDSGD,1.2737
2026-03-03,USDSGD,1.278
2026-03-04,USDSGD,1.2743
2026-03-05,USDSGD,1.2772
2026-03-06,USDSGD,1.281
2026-03-09,USDSGD,1.2801
2026-03-10,USDSGD,1.2722
2026-03-11,USDSGD,1.2742
2026-03-12,USDSGD,1.2753
2026-03-13,USDSGD,1.2796
2026-03-16,USDSGD,1.2786
2026-03-17,USDSGD,1.2768
2026-03-18,USDSGD,1.2812
2026-03-19,USDSGD,1.2833
2026-03-20,USDSGD,1.2802
2026-03-23,USDSGD,1.2755
2026-03-24,USDSGD,1.2806
2026-03-25,USDSGD,1.2792
2026-03-26,USDSGD,1.2844
2026-03-27,USDSGD,1.2877
2026-03-30,USDSGD,1.2898
2026-03-31,USDSGD,1.2881
2026-04-01,USDSGD,1.2818
2026-04-02,USDSGD,1.2871
2026-04-07,USDSGD,1.2847
2026-04-08,USDSGD,1.2729
2026-04-09,USDSGD,1.2744
2026-04-10,USDSGD,1.2739
2026-04-13,USDSGD,1.2763
2026-04-14,USDSGD,1.2713
2026-04-15,USDSGD,1.2726
2026-04-16,USDSGD,1.2719
2026-04-17,USDSGD,1.2723
2026-04-20,USDSGD,1.2714
2026-04-21,USDSGD,1.2714
2026-04-22,USDSGD,1.2738
2026-04-23,USDSGD,1.2758
2026-04-24,USDSGD,1.2764
2026-04-27,USDSGD,1.2728
2026-04-28,USDSGD,1.2783
2026-04-29,USDSGD,1.2773
2026-04-30,USDSGD,1.2762
2026-05-04,USDSGD,1.2758
2026-05-05,USDSGD,1.2772
2026-05-06,USDSGD,1.2682
2026-05-07,USDSGD,1.2658
2026-05-08,USDSGD,1.2678
2026-05-11,USDSGD,1.2697
2026-05-12,USDSGD,1.2725
2026-05-13,USDSGD,1.2722
2026-05-14,USDSGD,1.2734
2026-05-15,USDSGD,1.28
2026-05-18,USDSGD,1.2788
2026-05-19,USDSGD,1.2812
2026-05-20,USDSGD,1.2803
2026-05-21,USDSGD,1.2801
2026-05-22,USDSGD,1.2804
2026-05-25,USDSGD,1.2774
2026-05-26,USDSGD,1.2778
2026-05-27,USDSGD,1.2777
2026-05-28,USDSGD,1.2796
2026-05-29,USDSGD,1.2771
2026-06-01,USDSGD,1.2778
2026-06-02,USDSGD,1.2784
2026-06-03,USDSGD,1.2821
2026-06-04,USDSGD,1.2826
2026-06-05,USDSGD,1.2834
2026-06-08,USDSGD,1.2873
2026-06-09,USDSGD,1.2851
2026-06-10,USDSGD,1.2883
2026-06-11,USDSGD,1.2878
2026-06-12,USDSGD,1.2842
2026-06-15,USDSGD,1.2822
2026-06-16,USDSGD,1.2822
2026-06-17,USDSGD,1.2834
2026-06-18,USDSGD,1.2909
2026-06-19,USDSGD,1.291
2026-06-22,USDSGD,1.2928
2026-06-23,USDSGD,1.2959
2026-06-24,USDSGD,1.2982
2026-06-25,USDSGD,1.2977
2026-06-26,USDSGD,1.2942
2026-06-29,USDSGD,1.2935
2026-06-30,USDSGD,1.2949
2026-07-01,USDSGD,1.2968
2026-07-02,USDSGD,1.2945
2026-07-03,USDSGD,1.2905
2026-07-06,USDSGD,1.2935
2026-07-07,USDSGD,1.2913
2026-07-08,USDSGD,1.294
2026-07-09,USDSGD,1.2929
2026-07-10,USDSGD,1.2911
2026-07-13,USDSGD,1.2925
2026-07-14,USDSGD,1.2927
2026-07-15,USDSGD,1.2922
2026-07-16,USDSGD,1.2891
2026-07-17,USDSGD,1.2912
2026-07-20,USDSGD,1.2908
2026-07-21,USDSGD,1.2904
2026-07-22,USDSGD,1.2912
2026-07-23,USDSGD,1.2913
2025-07-18,USDHKD,7.8488
2025-07-21,USDHKD,7.8497
2025-07-22,USDHKD,7.85
2025-07-23,USDHKD,7.85
2025-07-24,USDHKD,7.8499
2025-07-25,USDHKD,7.8495
2025-07-28,USDHKD,7.8499
2025-07-29,USDHKD,7.8499
2025-07-30,USDHKD,7.8499
2025-07-31,USDHKD,7.85
2025-08-01,USDHKD,7.85
2025-08-04,USDHKD,7.85
2025-08-05,USDHKD,7.8497
2025-08-06,USDHKD,7.8499
2025-08-07,USDHKD,7.8496
2025-08-08,USDHKD,7.8499
2025-08-11,USDHKD,7.8499
2025-08-12,USDHKD,7.85
2025-08-13,USDHKD,7.85
2025-08-14,USDHKD,7.8423
2025-08-15,USDHKD,7.8201
2025-08-18,USDHKD,7.8177
2025-08-19,USDHKD,7.8015
2025-08-20,USDHKD,7.8137
2025-08-21,USDHKD,7.8136
2025-08-22,USDHKD,7.8179
2025-08-25,USDHKD,7.8113
2025-08-26,USDHKD,7.8004
2025-08-27,USDHKD,7.7831
2025-08-28,USDHKD,7.7945
2025-08-29,USDHKD,7.7952
2025-09-01,USDHKD,7.7968
2025-09-02,USDHKD,7.8065
2025-09-03,USDHKD,7.8013
2025-09-04,USDHKD,7.7984
2025-09-05,USDHKD,7.8023
2025-09-08,USDHKD,7.7935
2025-09-09,USDHKD,7.7876
2025-09-10,USDHKD,7.7893
2025-09-11,USDHKD,7.7904
2025-09-12,USDHKD,7.7827
2025-09-15,USDHKD,7.7787
2025-09-16,USDHKD,7.7827
2025-09-17,USDHKD,7.776
2025-09-18,USDHKD,7.7771
2025-09-19,USDHKD,7.7757
2025-09-22,USDHKD,7.7708
2025-09-23,USDHKD,7.7755
2025-09-24,USDHKD,7.7766
2025-09-25,USDHKD,7.778
2025-09-26,USDHKD,7.7809
2025-09-29,USDHKD,7.7803
2025-09-30,USDHKD,7.7812
2025-10-01,USDHKD,7.7819
2025-10-02,USDHKD,7.781
2025-10-03,USDHKD,7.7823
2025-10-06,USDHKD,7.7835
2025-10-07,USDHKD,7.7832
2025-10-08,USDHKD,7.7822
2025-10-09,USDHKD,7.78
2025-10-10,USDHKD,7.782
2025-10-13,USDHKD,7.7772
2025-10-14,USDHKD,7.7749
2025-10-15,USDHKD,7.7734
2025-10-16,USDHKD,7.7728
2025-10-17,USDHKD,7.7675
2025-10-20,USDHKD,7.7697
2025-10-21,USDHKD,7.7715
2025-10-22,USDHKD,7.7711
2025-10-23,USDHKD,7.7712
2025-10-24,USDHKD,7.7697
2025-10-27,USDHKD,7.7675
2025-10-28,USDHKD,7.77
2025-10-29,USDHKD,7.7709
2025-10-30,USDHKD,7.7683
2025-10-31,USDHKD,7.7711
2025-11-03,USDHKD,7.7732
2025-11-04,USDHKD,7.7737
2025-11-05,USDHKD,7.7759
2025-11-06,USDHKD,7.7751
2025-11-07,USDHKD,7.7768
2025-11-10,USDHKD,7.7733
2025-11-11,USDHKD,7.7728
2025-11-12,USDHKD,7.7711
2025-11-13,USDHKD,7.7707
2025-11-14,USDHKD,7.771
2025-11-17,USDHKD,7.7737
2025-11-18,USDHKD,7.7854
2025-11-19,USDHKD,7.7869
2025-11-20,USDHKD,7.7857
2025-11-21,USDHKD,7.7846
2025-11-24,USDHKD,7.7657
2025-11-25,USDHKD,7.7762
2025-11-26,USDHKD,7.7777
2025-11-27,USDHKD,7.7782
2025-11-28,USDHKD,7.7832
2025-12-01,USDHKD,7.7883
2025-12-02,USDHKD,7.7858
2025-12-03,USDHKD,7.7842
2025-12-04,USDHKD,7.7834
2025-12-05,USDHKD,7.7846
2025-12-08,USDHKD,7.7804
2025-12-09,USDHKD,7.7821
2025-12-10,USDHKD,7.7817
2025-12-11,USDHKD,7.7816
2025-12-12,USDHKD,7.7855
2025-12-15,USDHKD,7.782
2025-12-16,USDHKD,7.7793
2025-12-17,USDHKD,7.7808
2025-12-18,USDHKD,7.7814
2025-12-19,USDHKD,7.7809
2025-12-22,USDHKD,7.7788
2025-12-23,USDHKD,7.7782
2025-12-24,USDHKD,7.7759
2025-12-29,USDHKD,7.7738
2025-12-30,USDHKD,7.7835
2025-12-31,USDHKD,7.7842
2026-01-02,USDHKD,7.7919
2026-01-05,USDHKD,7.7865
2026-01-06,USDHKD,7.7878
2026-01-07,USDHKD,7.7864
2026-01-08,USDHKD,7.7928
2026-01-09,USDHKD,7.7962
2026-01-12,USDHKD,7.7964
2026-01-13,USDHKD,7.802
2026-01-14,USDHKD,7.7968
2026-01-15,USDHKD,7.7991
2026-01-16,USDHKD,7.8
2026-01-19,USDHKD,7.7968
2026-01-20,USDHKD,7.7981
2026-01-21,USDHKD,7.7973
2026-01-22,USDHKD,7.798
2026-01-23,USDHKD,7.7977
2026-01-26,USDHKD,7.7973
2026-01-27,USDHKD,7.8
2026-01-28,USDHKD,7.8015
2026-01-29,USDHKD,7.8047
2026-01-30,USDHKD,7.8083
2026-02-02,USDHKD,7.8111
2026-02-03,USDHKD,7.813
2026-02-04,USDHKD,7.8117
2026-02-05,USDHKD,7.8124
2026-02-06,USDHKD,7.8135
2026-02-09,USDHKD,7.8149
2026-02-10,USDHKD,7.8176
2026-02-11,USDHKD,7.8162
2026-02-12,USDHKD,7.8167
2026-02-13,USDHKD,7.817
2026-02-16,USDHKD,7.8153
2026-02-17,USDHKD,7.8157
2026-02-18,USDHKD,7.8147
2026-02-19,USDHKD,7.8147
2026-02-20,USDHKD,7.8152
2026-02-23,USDHKD,7.8187
2026-02-24,USDHKD,7.8225
2026-02-25,USDHKD,7.8205
2026-02-26,USDHKD,7.8227
2026-02-27,USDHKD,7.8237
2026-03-02,USDHKD,7.8226
2026-03-03,USDHKD,7.8022
2026-03-04,USDHKD,7.8173
2026-03-05,USDHKD,7.8209
2026-03-06,USDHKD,7.8194
2026-03-09,USDHKD,7.8158
2026-03-10,USDHKD,7.8236
2026-03-11,USDHKD,7.8268
2026-03-12,USDHKD,7.8271
2026-03-13,USDHKD,7.8274
2026-03-16,USDHKD,7.8307
2026-03-17,USDHKD,7.8358
2026-03-18,USDHKD,7.8378
2026-03-19,USDHKD,7.8306
2026-03-20,USDHKD,7.836
2026-03-23,USDHKD,7.8319
2026-03-24,USDHKD,7.8271
2026-03-25,USDHKD,7.8189
2026-03-26,USDHKD,7.824
2026-03-27,USDHKD,7.8339
2026-03-30,USDHKD,7.8343
2026-03-31,USDHKD,7.8393
2026-04-01,USDHKD,7.8376
2026-04-02,USDHKD,7.8373
2026-04-07,USDHKD,7.8363
2026-04-08,USDHKD,7.8323
2026-04-09,USDHKD,7.8349
2026-04-10,USDHKD,7.8327
2026-04-13,USDHKD,7.8318
2026-04-14,USDHKD,7.8328
2026-04-15,USDHKD,7.8344
2026-04-16,USDHKD,7.8251
2026-04-17,USDHKD,7.831
2026-04-20,USDHKD,7.8321
2026-04-21,USDHKD,7.8304
2026-04-22,USDHKD,7.8319
2026-04-23,USDHKD,7.8331
2026-04-24,USDHKD,7.835
2026-04-27,USDHKD,7.8373
2026-04-28,USDHKD,7.8362
2026-04-29,USDHKD,7.8367
2026-04-30,USDHKD,7.833
2026-05-04,USDHKD,7.8331
2026-05-05,USDHKD,7.8365
2026-05-06,USDHKD,7.8357
2026-05-07,USDHKD,7.8318
2026-05-08,USDHKD,7.8282
2026-05-11,USDHKD,7.8293
2026-05-12,USDHKD,7.8282
2026-05-13,USDHKD,7.8306
2026-05-14,USDHKD,7.833
2026-05-15,USDHKD,7.8315
2026-05-18,USDHKD,7.8306
2026-05-19,USDHKD,7.8326
2026-05-20,USDHKD,7.8328
2026-05-21,USDHKD,7.8346
2026-05-22,USDHKD,7.8366
2026-05-25,USDHKD,7.8342
2026-05-26,USDHKD,7.8357
2026-05-27,USDHKD,7.8348
2026-05-28,USDHKD,7.8346
2026-05-29,USDHKD,7.8356
2026-06-01,USDHKD,7.8371
2026-06-02,USDHKD,7.8374
2026-06-03,USDHKD,7.8364
2026-06-04,USDHKD,7.8338
2026-06-05,USDHKD,7.8338
2026-06-08,USDHKD,7.836
2026-06-09,USDHKD,7.8364
2026-06-10,USDHKD,7.8366
2026-06-11,USDHKD,7.8365
2026-06-12,USDHKD,7.8355
2026-06-15,USDHKD,7.8341
2026-06-16,USDHKD,7.8334
2026-06-17,USDHKD,7.8355
2026-06-18,USDHKD,7.8376
2026-06-19,USDHKD,7.8388
2026-06-22,USDHKD,7.8396
2026-06-23,USDHKD,7.84
2026-06-24,USDHKD,7.8404
2026-06-25,USDHKD,7.8406
2026-06-26,USDHKD,7.8421
2026-06-29,USDHKD,7.8423
2026-06-30,USDHKD,7.8418
2026-07-01,USDHKD,7.8439
2026-07-02,USDHKD,7.844
2026-07-03,USDHKD,7.8434
2026-07-06,USDHKD,7.843
2026-07-07,USDHKD,7.8423
2026-07-08,USDHKD,7.8389
2026-07-09,USDHKD,7.836
2026-07-10,USDHKD,7.84
2026-07-13,USDHKD,7.8386
2026-07-14,USDHKD,7.8375
2026-07-15,USDHKD,7.839
2026-07-16,USDHKD,7.8397
2026-07-17,USDHKD,7.8402
2026-07-20,USDHKD,7.8406
2026-07-21,USDHKD,7.8407
2026-07-22,USDHKD,7.8404
2026-07-23,USDHKD,7.8413
2025-07-18,USDTHB,32.35
2025-07-21,USDTHB,32.315
2025-07-22,USDTHB,32.235
2025-07-23,USDTHB,32.155
2025-07-24,USDTHB,32.27
2025-07-25,USDTHB,32.37
2025-07-28,USDTHB,32.395
2025-07-29,USDTHB,32.475
2025-07-30,USDTHB,32.495
2025-07-31,USDTHB,32.675
2025-08-01,USDTHB,32.85
2025-08-04,USDTHB,32.41
2025-08-05,USDTHB,32.435
2025-08-06,USDTHB,32.38
2025-08-07,USDTHB,32.335
2025-08-08,USDTHB,32.37
2025-08-11,USDTHB,32.425
2025-08-12,USDTHB,32.465
2025-08-13,USDTHB,32.29
2025-08-14,USDTHB,32.385
2025-08-15,USDTHB,32.43
2025-08-18,USDTHB,32.475
2025-08-19,USDTHB,32.505
2025-08-20,USDTHB,32.55
2025-08-21,USDTHB,32.635
2025-08-22,USDTHB,32.64
2025-08-25,USDTHB,32.435
2025-08-26,USDTHB,32.45
2025-08-27,USDTHB,32.475
2025-08-28,USDTHB,32.335
2025-08-29,USDTHB,32.39
2025-09-01,USDTHB,32.305
2025-09-02,USDTHB,32.375
2025-09-03,USDTHB,32.325
2025-09-04,USDTHB,32.305
2025-09-05,USDTHB,32.175
2025-09-08,USDTHB,31.775
2025-09-09,USDTHB,31.69
2025-09-10,USDTHB,31.78
2025-09-11,USDTHB,31.825
2025-09-12,USDTHB,31.745
2025-09-15,USDTHB,31.86
2025-09-16,USDTHB,31.715
2025-09-17,USDTHB,31.745
2025-09-18,USDTHB,31.825
2025-09-19,USDTHB,31.885
2025-09-22,USDTHB,31.775
2025-09-23,USDTHB,31.86
2025-09-24,USDTHB,32.025
2025-09-25,USDTHB,32.185
2025-09-26,USDTHB,32.265
2025-09-29,USDTHB,32.235
2025-09-30,USDTHB,32.44
2025-10-01,USDTHB,32.385
2025-10-02,USDTHB,32.31
2025-10-03,USDTHB,32.395
2025-10-06,USDTHB,32.425
2025-10-07,USDTHB,32.512
2025-10-08,USDTHB,32.531
2025-10-09,USDTHB,32.57
2025-10-10,USDTHB,32.705
2025-10-13,USDTHB,32.545
2025-10-14,USDTHB,32.81
2025-10-15,USDTHB,32.565
2025-10-16,USDTHB,32.54
2025-10-17,USDTHB,32.765
2025-10-20,USDTHB,32.695
2025-10-21,USDTHB,32.8
2025-10-22,USDTHB,32.888
2025-10-23,USDTHB,32.803
2025-10-24,USDTHB,32.755
2025-10-27,USDTHB,32.675
2025-10-28,USDTHB,32.465
2025-10-29,USDTHB,32.295
2025-10-30,USDTHB,32.47
2025-10-31,USDTHB,32.325
2025-11-03,USDTHB,32.475
2025-11-04,USDTHB,32.535
2025-11-05,USDTHB,32.52
2025-11-06,USDTHB,32.35
2025-11-07,USDTHB,32.34
2025-11-10,USDTHB,32.335
2025-11-11,USDTHB,32.43
2025-11-12,USDTHB,32.455
2025-11-13,USDTHB,32.31
2025-11-14,USDTHB,32.4
2025-11-17,USDTHB,32.47
2025-11-18,USDTHB,32.415
2025-11-19,USDTHB,32.435
2025-11-20,USDTHB,32.425
2025-11-21,USDTHB,32.45
2025-11-24,USDTHB,32.402
2025-11-25,USDTHB,32.285
2025-11-26,USDTHB,32.215
2025-11-27,USDTHB,32.225
2025-11-28,USDTHB,32.195
2025-12-01,USDTHB,31.93
2025-12-02,USDTHB,32.015
2025-12-03,USDTHB,31.89
2025-12-04,USDTHB,32.055
2025-12-05,USDTHB,31.855
2025-12-08,USDTHB,31.85
2025-12-09,USDTHB,31.855
2025-12-10,USDTHB,31.845
2025-12-11,USDTHB,31.745
2025-12-12,USDTHB,31.54
2025-12-15,USDTHB,31.475
2025-12-16,USDTHB,31.48
2025-12-17,USDTHB,31.515
2025-12-18,USDTHB,31.455
2025-12-19,USDTHB,31.46
2025-12-22,USDTHB,31.15
2025-12-23,USDTHB,31.11
2025-12-24,USDTHB,31.045
2025-12-29,USDTHB,31.44
2025-12-30,USDTHB,31.415
2025-12-31,USDTHB,31.675
2026-01-02,USDTHB,31.39
2026-01-05,USDTHB,31.375
2026-01-06,USDTHB,31.27
2026-01-07,USDTHB,31.33
2026-01-08,USDTHB,31.54
2026-01-09,USDTHB,31.465
2026-01-12,USDTHB,31.225
2026-01-13,USDTHB,31.475
2026-01-14,USDTHB,31.475
2026-01-15,USDTHB,31.395
2026-01-16,USDTHB,31.45
2026-01-19,USDTHB,31.255
2026-01-20,USDTHB,31.085
2026-01-21,USDTHB,31.067
2026-01-22,USDTHB,31.33
2026-01-23,USDTHB,31.165
2026-01-26,USDTHB,31.15
2026-01-27,USDTHB,31.035
2026-01-28,USDTHB,31.11
2026-01-29,USDTHB,31.2
2026-01-30,USDTHB,31.425
2026-02-02,USDTHB,31.615
2026-02-03,USDTHB,31.565
2026-02-04,USDTHB,31.633
2026-02-05,USDTHB,31.775
2026-02-06,USDTHB,31.6
2026-02-09,USDTHB,31.175
2026-02-10,USDTHB,31.235
2026-02-11,USDTHB,31.085
2026-02-12,USDTHB,31
2026-02-13,USDTHB,31.075
2026-02-16,USDTHB,31.095
2026-02-17,USDTHB,31.305
2026-02-18,USDTHB,31.25
2026-02-19,USDTHB,31.245
2026-02-20,USDTHB,31.205
2026-02-23,USDTHB,31.025
2026-02-24,USDTHB,31.055
2026-02-25,USDTHB,31.095
2026-02-26,USDTHB,31.06
2026-02-27,USDTHB,31.085
2026-03-02,USDTHB,31.51
2026-03-03,USDTHB,31.76
2026-03-04,USDTHB,31.48
2026-03-05,USDTHB,31.665
2026-03-06,USDTHB,31.975
2026-03-09,USDTHB,32.07
2026-03-10,USDTHB,31.625
2026-03-11,USDTHB,31.765
2026-03-12,USDTHB,31.935
2026-03-13,USDTHB,32.2
2026-03-16,USDTHB,32.36
2026-03-17,USDTHB,32.32
2026-03-18,USDTHB,32.665
2026-03-19,USDTHB,32.905
2026-03-20,USDTHB,32.76
2026-03-23,USDTHB,32.255
2026-03-24,USDTHB,32.66
2026-03-25,USDTHB,32.59
2026-03-26,USDTHB,32.9
2026-03-27,USDTHB,32.95
2026-03-30,USDTHB,32.855
2026-03-31,USDTHB,32.76
2026-04-01,USDTHB,32.51
2026-04-02,USDTHB,32.765
2026-04-07,USDTHB,32.61
2026-04-08,USDTHB,31.875
2026-04-09,USDTHB,32.095
2026-04-10,USDTHB,32.1
2026-04-13,USDTHB,32.29
2026-04-14,USDTHB,32.045
2026-04-15,USDTHB,32.095
2026-04-16,USDTHB,31.985
2026-04-17,USDTHB,32.075
2026-04-20,USDTHB,32.075
2026-04-21,USDTHB,32.035
2026-04-22,USDTHB,32.205
2026-04-23,USDTHB,32.355
2026-04-24,USDTHB,32.375
2026-04-27,USDTHB,32.297
2026-04-28,USDTHB,32.555
2026-04-29,USDTHB,32.655
2026-04-30,USDTHB,32.545
2026-05-04,USDTHB,32.625
2026-05-05,USDTHB,32.64
2026-05-06,USDTHB,32.185
2026-05-07,USDTHB,32.145
2026-05-08,USDTHB,32.223
2026-05-11,USDTHB,32.415
2026-05-12,USDTHB,32.42
2026-05-13,USDTHB,32.335
2026-05-14,USDTHB,32.315
2026-05-15,USDTHB,32.67
2026-05-18,USDTHB,32.595
2026-05-19,USDTHB,32.66
2026-05-20,USDTHB,32.675
2026-05-21,USDTHB,32.685
2026-05-22,USDTHB,32.665
2026-05-25,USDTHB,32.48
2026-05-26,USDTHB,32.66
2026-05-27,USDTHB,32.62
2026-05-28,USDTHB,32.7
2026-05-29,USDTHB,32.52
2026-06-01,USDTHB,32.555
2026-06-02,USDTHB,32.585
2026-06-03,USDTHB,32.725
2026-06-04,USDTHB,32.602
2026-06-05,USDTHB,32.635
2026-06-08,USDTHB,32.765
2026-06-09,USDTHB,32.83
2026-06-10,USDTHB,32.955
2026-06-11,USDTHB,32.95
2026-06-12,USDTHB,32.745
2026-06-15,USDTHB,32.55
2026-06-16,USDTHB,32.515
2026-06-17,USDTHB,32.615
2026-06-18,USDTHB,32.79
2026-06-19,USDTHB,32.86
2026-06-22,USDTHB,32.91
2026-06-23,USDTHB,33.2
2026-06-24,USDTHB,33.43
2026-06-25,USDTHB,33.4
2026-06-26,USDTHB,33.375
2026-06-29,USDTHB,33.245
2026-06-30,USDTHB,33.23
2026-07-01,USDTHB,33.385
2026-07-02,USDTHB,33.315
2026-07-03,USDTHB,33.135
2026-07-06,USDTHB,33.325
2026-07-07,USDTHB,33.26
2026-07-08,USDTHB,33.445
2026-07-09,USDTHB,33.445
2026-07-10,USDTHB,33.315
2026-07-13,USDTHB,33.385
2026-07-14,USDTHB,33.525
2026-07-15,USDTHB,33.645
2026-07-16,USDTHB,33.565
2026-07-17,USDTHB,33.635
2026-07-20,USDTHB,33.625
2026-07-21,USDTHB,33.665
2026-07-22,USDTHB,33.81
2026-07-23,USDTHB,33.825
2025-07-18,USDIDR,16306
2025-07-21,USDIDR,16314
2025-07-22,USDIDR,16316
2025-07-23,USDIDR,16295
2025-07-24,USDIDR,16294
2025-07-25,USDIDR,16337
2025-07-28,USDIDR,16376
2025-07-29,USDIDR,16412
2025-07-30,USDIDR,16411
2025-07-31,USDIDR,16497
2025-08-01,USDIDR,16520
2025-08-04,USDIDR,16373
2025-08-05,USDIDR,16380
2025-08-06,USDIDR,16358
2025-08-07,USDIDR,16309
2025-08-08,USDIDR,16261
2025-08-11,USDIDR,16310
2025-08-12,USDIDR,16311
2025-08-13,USDIDR,16128
2025-08-14,USDIDR,16104
2025-08-15,USDIDR,16183
2025-08-18,USDIDR,16220
2025-08-19,USDIDR,16256
2025-08-20,USDIDR,16282
2025-08-21,USDIDR,16317
2025-08-22,USDIDR,16374
2025-08-25,USDIDR,16245
2025-08-26,USDIDR,16313
2025-08-27,USDIDR,16423
2025-08-28,USDIDR,16322
2025-08-29,USDIDR,16475
2025-09-01,USDIDR,16431
2025-09-02,USDIDR,16409
2025-09-03,USDIDR,16452
2025-09-04,USDIDR,16445
2025-09-05,USDIDR,16420
2025-09-08,USDIDR,16526
2025-09-09,USDIDR,16423
2025-09-10,USDIDR,16487
2025-09-11,USDIDR,16484
2025-09-12,USDIDR,16439
2025-09-15,USDIDR,16418
2025-09-16,USDIDR,16408
2025-09-17,USDIDR,16463
2025-09-18,USDIDR,16545
2025-09-19,USDIDR,16651
2025-09-22,USDIDR,16583
2025-09-23,USDIDR,16654
2025-09-24,USDIDR,16699
2025-09-25,USDIDR,16784
2025-09-26,USDIDR,16709
2025-09-29,USDIDR,16671
2025-09-30,USDIDR,16676
2025-10-01,USDIDR,16632
2025-10-02,USDIDR,16616
2025-10-03,USDIDR,16565
2025-10-06,USDIDR,16615
2025-10-07,USDIDR,16570
2025-10-08,USDIDR,16595
2025-10-09,USDIDR,16560
2025-10-10,USDIDR,16590
2025-10-13,USDIDR,16582
2025-10-14,USDIDR,16629
2025-10-15,USDIDR,16602
2025-10-16,USDIDR,16607
2025-10-17,USDIDR,16579
2025-10-20,USDIDR,16563
2025-10-21,USDIDR,16605
2025-10-22,USDIDR,16619
2025-10-23,USDIDR,16625
2025-10-24,USDIDR,16608
2025-10-27,USDIDR,16619
2025-10-28,USDIDR,16616
2025-10-29,USDIDR,16562
2025-10-30,USDIDR,16666
2025-10-31,USDIDR,16662
2025-11-03,USDIDR,16710
2025-11-04,USDIDR,16721
2025-11-05,USDIDR,16704
2025-11-06,USDIDR,16677
2025-11-07,USDIDR,16698
2025-11-10,USDIDR,16693
2025-11-11,USDIDR,16727
2025-11-12,USDIDR,16761
2025-11-13,USDIDR,16711
2025-11-14,USDIDR,16702
2025-11-17,USDIDR,16735
2025-11-18,USDIDR,16756
2025-11-19,USDIDR,16718
2025-11-20,USDIDR,16749
2025-11-21,USDIDR,16718
2025-11-24,USDIDR,16633
2025-11-25,USDIDR,16609
2025-11-26,USDIDR,16649
2025-11-27,USDIDR,16640
2025-11-28,USDIDR,16660
2025-12-01,USDIDR,16590
2025-12-02,USDIDR,16625
2025-12-03,USDIDR,16623
2025-12-04,USDIDR,16655
2025-12-05,USDIDR,16672
2025-12-08,USDIDR,16693
2025-12-09,USDIDR,16674
2025-12-10,USDIDR,16683
2025-12-11,USDIDR,16676
2025-12-12,USDIDR,16652
2025-12-15,USDIDR,16683
2025-12-16,USDIDR,16665
2025-12-17,USDIDR,16692
2025-12-18,USDIDR,16717
2025-12-19,USDIDR,16736
2025-12-22,USDIDR,16776
2025-12-23,USDIDR,16787
2025-12-24,USDIDR,16747
2025-12-29,USDIDR,16771
2025-12-30,USDIDR,16765
2025-12-31,USDIDR,16716
2026-01-02,USDIDR,16716
2026-01-05,USDIDR,16740
2026-01-06,USDIDR,16770
2026-01-07,USDIDR,16768
2026-01-08,USDIDR,16836
2026-01-09,USDIDR,16860
2026-01-12,USDIDR,16893
2026-01-13,USDIDR,16864
2026-01-14,USDIDR,16872
2026-01-15,USDIDR,16897
2026-01-16,USDIDR,16918
2026-01-19,USDIDR,16974
2026-01-20,USDIDR,16946
2026-01-21,USDIDR,16911
2026-01-22,USDIDR,16875
2026-01-23,USDIDR,16823
2026-01-26,USDIDR,16778
2026-01-27,USDIDR,16716
2026-01-28,USDIDR,16742
2026-01-29,USDIDR,16782
2026-01-30,USDIDR,16788
2026-02-02,USDIDR,16799
2026-02-03,USDIDR,16770
2026-02-04,USDIDR,16794
2026-02-05,USDIDR,16867
2026-02-06,USDIDR,16873
2026-02-09,USDIDR,16827
2026-02-10,USDIDR,16787
2026-02-11,USDIDR,16800
2026-02-12,USDIDR,16830
2026-02-13,USDIDR,16823
2026-02-16,USDIDR,16818
2026-02-17,USDIDR,16829
2026-02-18,USDIDR,16885
2026-02-19,USDIDR,16918
2026-02-20,USDIDR,16889
2026-02-23,USDIDR,16822
2026-02-24,USDIDR,16833
2026-02-25,USDIDR,16814
2026-02-26,USDIDR,16767
2026-02-27,USDIDR,16801
2026-03-02,USDIDR,16876
2026-03-03,USDIDR,16895
2026-03-04,USDIDR,16855
2026-03-05,USDIDR,16909
2026-03-06,USDIDR,16973
2026-03-09,USDIDR,16942
2026-03-10,USDIDR,16866
2026-03-11,USDIDR,16898
2026-03-12,USDIDR,16886
2026-03-13,USDIDR,16900
2026-03-16,USDIDR,16965
2026-03-17,USDIDR,16958
2026-03-18,USDIDR,16994
2026-03-19,USDIDR,16961
2026-03-20,USDIDR,16925
2026-03-23,USDIDR,16896
2026-03-24,USDIDR,16891
2026-03-25,USDIDR,16858
2026-03-26,USDIDR,16917
2026-03-27,USDIDR,16983
2026-03-30,USDIDR,17018
2026-03-31,USDIDR,16965
2026-04-01,USDIDR,16914
2026-04-02,USDIDR,17011
2026-04-07,USDIDR,17070
2026-04-08,USDIDR,16976
2026-04-09,USDIDR,17097
2026-04-10,USDIDR,17095
2026-04-13,USDIDR,17188
2026-04-14,USDIDR,17131
2026-04-15,USDIDR,17154
2026-04-16,USDIDR,17140
2026-04-17,USDIDR,17180
2026-04-20,USDIDR,17129
2026-04-21,USDIDR,17128
2026-04-22,USDIDR,17199
2026-04-23,USDIDR,17276
2026-04-24,USDIDR,17244
2026-04-27,USDIDR,17209
2026-04-28,USDIDR,17284
2026-04-29,USDIDR,17348
2026-04-30,USDIDR,17346
2026-05-04,USDIDR,17409
2026-05-05,USDIDR,17453
2026-05-06,USDIDR,17328
2026-05-07,USDIDR,17298
2026-05-08,USDIDR,17366
2026-05-11,USDIDR,17425
2026-05-12,USDIDR,17497
2026-05-13,USDIDR,17496
2026-05-14,USDIDR,17465
2026-05-15,USDIDR,17589
2026-05-18,USDIDR,17683
2026-05-19,USDIDR,17743
2026-05-20,USDIDR,17701
2026-05-21,USDIDR,17677
2026-05-22,USDIDR,17695
2026-05-25,USDIDR,17734
2026-05-26,USDIDR,17835
2026-05-27,USDIDR,17837
2026-05-28,USDIDR,17851
2026-05-29,USDIDR,17816
2026-06-01,USDIDR,17835
2026-06-02,USDIDR,17827
2026-06-03,USDIDR,17962
2026-06-04,USDIDR,18026
2026-06-05,USDIDR,18070
2026-06-08,USDIDR,18151
2026-06-09,USDIDR,17950
2026-06-10,USDIDR,17910
2026-06-11,USDIDR,17974
2026-06-12,USDIDR,17788
2026-06-15,USDIDR,17719
2026-06-16,USDIDR,17721
2026-06-17,USDIDR,17803
2026-06-18,USDIDR,17875
2026-06-19,USDIDR,17808
2026-06-22,USDIDR,17838
2026-06-23,USDIDR,17921
2026-06-24,USDIDR,17977
2026-06-25,USDIDR,17982
2026-06-26,USDIDR,17859
2026-06-29,USDIDR,17853
2026-06-30,USDIDR,17903
2026-07-01,USDIDR,17961
2026-07-02,USDIDR,18021
2026-07-03,USDIDR,17964
2026-07-06,USDIDR,18016
2026-07-07,USDIDR,17891
2026-07-08,USDIDR,18089
2026-07-09,USDIDR,18106
2026-07-10,USDIDR,18077
2026-07-13,USDIDR,18048
2026-07-14,USDIDR,18060
2026-07-15,USDIDR,18071
2026-07-16,USDIDR,17986
2026-07-17,USDIDR,17945
2026-07-20,USDIDR,17950
2026-07-21,USDIDR,17898
2026-07-22,USDIDR,17919
2026-07-23,USDIDR,17964
2025-07-18,GBPUSD,1.3459
2025-07-21,GBPUSD,1.3479
2025-07-22,GBPUSD,1.3486
2025-07-23,GBPUSD,1.3533
2025-07-24,GBPUSD,1.3552
2025-07-25,GBPUSD,1.3453
2025-07-28,GBPUSD,1.3428
2025-07-29,GBPUSD,1.3333
2025-07-30,GBPUSD,1.3369
2025-07-31,GBPUSD,1.3234
2025-08-01,GBPUSD,1.3161
2025-08-04,GBPUSD,1.3287
2025-08-05,GBPUSD,1.3282
2025-08-06,GBPUSD,1.3312
2025-08-07,GBPUSD,1.3424
2025-08-08,GBPUSD,1.3433
2025-08-11,GBPUSD,1.3427
2025-08-12,GBPUSD,1.3462
2025-08-13,GBPUSD,1.3569
2025-08-14,GBPUSD,1.3577
2025-08-15,GBPUSD,1.3556
2025-08-18,GBPUSD,1.354
2025-08-19,GBPUSD,1.3521
2025-08-20,GBPUSD,1.3477
2025-08-21,GBPUSD,1.3449
2025-08-22,GBPUSD,1.3415
2025-08-25,GBPUSD,1.3508
2025-08-26,GBPUSD,1.3488
2025-08-27,GBPUSD,1.344
2025-08-28,GBPUSD,1.3519
2025-08-29,GBPUSD,1.3449
2025-09-01,GBPUSD,1.3525
2025-09-02,GBPUSD,1.3383
2025-09-03,GBPUSD,1.3414
2025-09-04,GBPUSD,1.3445
2025-09-05,GBPUSD,1.3479
2025-09-08,GBPUSD,1.3529
2025-09-09,GBPUSD,1.3557
2025-09-10,GBPUSD,1.3534
2025-09-11,GBPUSD,1.3513
2025-09-12,GBPUSD,1.3542
2025-09-15,GBPUSD,1.3616
2025-09-16,GBPUSD,1.364
2025-09-17,GBPUSD,1.3645
2025-09-18,GBPUSD,1.3615
2025-09-19,GBPUSD,1.3477
2025-09-22,GBPUSD,1.3496
2025-09-23,GBPUSD,1.351
2025-09-24,GBPUSD,1.3465
2025-09-25,GBPUSD,1.3419
2025-09-26,GBPUSD,1.3355
2025-09-29,GBPUSD,1.3439
2025-09-30,GBPUSD,1.3443
2025-10-01,GBPUSD,1.347
2025-10-02,GBPUSD,1.3478
2025-10-03,GBPUSD,1.3447
2025-10-06,GBPUSD,1.3431
2025-10-07,GBPUSD,1.3405
2025-10-08,GBPUSD,1.3409
2025-10-09,GBPUSD,1.3372
2025-10-10,GBPUSD,1.3283
2025-10-13,GBPUSD,1.3333
2025-10-14,GBPUSD,1.3261
2025-10-15,GBPUSD,1.3351
2025-10-16,GBPUSD,1.3427
2025-10-17,GBPUSD,1.3434
2025-10-20,GBPUSD,1.341
2025-10-21,GBPUSD,1.3375
2025-10-22,GBPUSD,1.3335
2025-10-23,GBPUSD,1.3339
2025-10-24,GBPUSD,1.3307
2025-10-27,GBPUSD,1.3347
2025-10-28,GBPUSD,1.3276
2025-10-29,GBPUSD,1.3212
2025-10-30,GBPUSD,1.3124
2025-10-31,GBPUSD,1.3106
2025-11-03,GBPUSD,1.3136
2025-11-04,GBPUSD,1.3065
2025-11-05,GBPUSD,1.3044
2025-11-06,GBPUSD,1.3095
2025-11-07,GBPUSD,1.3121
2025-11-10,GBPUSD,1.3182
2025-11-11,GBPUSD,1.3147
2025-11-12,GBPUSD,1.312
2025-11-13,GBPUSD,1.3175
2025-11-14,GBPUSD,1.3168
2025-11-17,GBPUSD,1.3181
2025-11-18,GBPUSD,1.3139
2025-11-19,GBPUSD,1.3122
2025-11-20,GBPUSD,1.3062
2025-11-21,GBPUSD,1.3086
2025-11-24,GBPUSD,1.3112
2025-11-25,GBPUSD,1.3144
2025-11-26,GBPUSD,1.3192
2025-11-27,GBPUSD,1.3235
2025-11-28,GBPUSD,1.3215
2025-12-01,GBPUSD,1.3267
2025-12-02,GBPUSD,1.3204
2025-12-03,GBPUSD,1.3311
2025-12-04,GBPUSD,1.334
2025-12-05,GBPUSD,1.3344
2025-12-08,GBPUSD,1.3326
2025-12-09,GBPUSD,1.3322
2025-12-10,GBPUSD,1.331
2025-12-11,GBPUSD,1.3386
2025-12-12,GBPUSD,1.3381
2025-12-15,GBPUSD,1.3388
2025-12-16,GBPUSD,1.3437
2025-12-17,GBPUSD,1.3343
2025-12-18,GBPUSD,1.3399
2025-12-19,GBPUSD,1.337
2025-12-22,GBPUSD,1.3435
2025-12-23,GBPUSD,1.3502
2025-12-24,GBPUSD,1.3503
2025-12-29,GBPUSD,1.3484
2025-12-30,GBPUSD,1.3495
2025-12-31,GBPUSD,1.3466
2026-01-02,GBPUSD,1.3443
2026-01-05,GBPUSD,1.3444
2026-01-06,GBPUSD,1.3514
2026-01-07,GBPUSD,1.3486
2026-01-08,GBPUSD,1.344
2026-01-09,GBPUSD,1.3417
2026-01-12,GBPUSD,1.3479
2026-01-13,GBPUSD,1.3457
2026-01-14,GBPUSD,1.3441
2026-01-15,GBPUSD,1.3401
2026-01-16,GBPUSD,1.3399
2026-01-19,GBPUSD,1.3414
2026-01-20,GBPUSD,1.3446
2026-01-21,GBPUSD,1.3425
2026-01-22,GBPUSD,1.3421
2026-01-23,GBPUSD,1.3526
2026-01-26,GBPUSD,1.3644
2026-01-27,GBPUSD,1.3738
2026-01-28,GBPUSD,1.3787
2026-01-29,GBPUSD,1.3817
2026-01-30,GBPUSD,1.376
2026-02-02,GBPUSD,1.3675
2026-02-03,GBPUSD,1.3685
2026-02-04,GBPUSD,1.3719
2026-02-05,GBPUSD,1.3575
2026-02-06,GBPUSD,1.3589
2026-02-09,GBPUSD,1.366
2026-02-10,GBPUSD,1.3679
2026-02-11,GBPUSD,1.368
2026-02-12,GBPUSD,1.3631
2026-02-13,GBPUSD,1.3609
2026-02-16,GBPUSD,1.3642
2026-02-17,GBPUSD,1.3542
2026-02-18,GBPUSD,1.3577
2026-02-19,GBPUSD,1.345
2026-02-20,GBPUSD,1.3482
2026-02-23,GBPUSD,1.3492
2026-02-24,GBPUSD,1.3489
2026-02-25,GBPUSD,1.3523
2026-02-26,GBPUSD,1.355
2026-02-27,GBPUSD,1.3471
2026-03-02,GBPUSD,1.3386
2026-03-03,GBPUSD,1.3314
2026-03-04,GBPUSD,1.3382
2026-03-05,GBPUSD,1.3362
2026-03-06,GBPUSD,1.3336
2026-03-09,GBPUSD,1.3354
2026-03-10,GBPUSD,1.3451
2026-03-11,GBPUSD,1.341
2026-03-12,GBPUSD,1.3389
2026-03-13,GBPUSD,1.3267
2026-03-16,GBPUSD,1.3283
2026-03-17,GBPUSD,1.3341
2026-03-18,GBPUSD,1.3311
2026-03-19,GBPUSD,1.3299
2026-03-20,GBPUSD,1.3368
2026-03-23,GBPUSD,1.3418
2026-03-24,GBPUSD,1.3372
2026-03-25,GBPUSD,1.3392
2026-03-26,GBPUSD,1.3338
2026-03-27,GBPUSD,1.3281
2026-03-30,GBPUSD,1.323
2026-03-31,GBPUSD,1.3242
2026-04-01,GBPUSD,1.3322
2026-04-02,GBPUSD,1.3209
2026-04-07,GBPUSD,1.3245
2026-04-08,GBPUSD,1.3472
2026-04-09,GBPUSD,1.3423
2026-04-10,GBPUSD,1.3445
2026-04-13,GBPUSD,1.3421
2026-04-14,GBPUSD,1.3569
2026-04-15,GBPUSD,1.355
2026-04-16,GBPUSD,1.3544
2026-04-17,GBPUSD,1.3534
2026-04-20,GBPUSD,1.351
2026-04-21,GBPUSD,1.352
2026-04-22,GBPUSD,1.3501
2026-04-23,GBPUSD,1.3507
2026-04-24,GBPUSD,1.3493
2026-04-27,GBPUSD,1.357
2026-04-28,GBPUSD,1.3469
2026-04-29,GBPUSD,1.3511
2026-04-30,GBPUSD,1.3509
2026-05-04,GBPUSD,1.3548
2026-05-05,GBPUSD,1.3534
2026-05-06,GBPUSD,1.3618
2026-05-07,GBPUSD,1.3621
2026-05-08,GBPUSD,1.3611
2026-05-11,GBPUSD,1.3603
2026-05-12,GBPUSD,1.3523
2026-05-13,GBPUSD,1.351
2026-05-14,GBPUSD,1.351
2026-05-15,GBPUSD,1.3358
2026-05-18,GBPUSD,1.3385
2026-05-19,GBPUSD,1.3407
2026-05-20,GBPUSD,1.3402
2026-05-21,GBPUSD,1.342
2026-05-22,GBPUSD,1.3417
2026-05-25,GBPUSD,1.3498
2026-05-26,GBPUSD,1.3469
2026-05-27,GBPUSD,1.3435
2026-05-28,GBPUSD,1.3404
2026-05-29,GBPUSD,1.3427
2026-06-01,GBPUSD,1.3465
2026-06-02,GBPUSD,1.3473
2026-06-03,GBPUSD,1.3447
2026-06-04,GBPUSD,1.3458
2026-06-05,GBPUSD,1.3467
2026-06-08,GBPUSD,1.3363
2026-06-09,GBPUSD,1.3404
2026-06-10,GBPUSD,1.3382
2026-06-11,GBPUSD,1.3364
2026-06-12,GBPUSD,1.3402
2026-06-15,GBPUSD,1.3421
2026-06-16,GBPUSD,1.3408
2026-06-17,GBPUSD,1.3406
2026-06-18,GBPUSD,1.3229
2026-06-19,GBPUSD,1.3233
2026-06-22,GBPUSD,1.3249
2026-06-23,GBPUSD,1.3216
2026-06-24,GBPUSD,1.3161
2026-06-25,GBPUSD,1.316
2026-06-26,GBPUSD,1.3218
2026-06-29,GBPUSD,1.323
2026-06-30,GBPUSD,1.3221
2026-07-01,GBPUSD,1.324
2026-07-02,GBPUSD,1.3306
2026-07-03,GBPUSD,1.3355
2026-07-06,GBPUSD,1.3345
2026-07-07,GBPUSD,1.3386
2026-07-08,GBPUSD,1.3348
2026-07-09,GBPUSD,1.3396
2026-07-10,GBPUSD,1.3423
2026-07-13,GBPUSD,1.3388
2026-07-14,GBPUSD,1.3384
2026-07-15,GBPUSD,1.3404
2026-07-16,GBPUSD,1.3511
2026-07-17,GBPUSD,1.3437
2026-07-20,GBPUSD,1.346
2026-07-21,GBPUSD,1.3401
2026-07-22,GBPUSD,1.3368
2026-07-23,GBPUSD,1.3352
2025-07-18,GBPJPY,199.79
2025-07-21,GBPJPY,198.73
2025-07-22,GBPJPY,198.47
2025-07-23,GBPJPY,197.96
2025-07-24,GBPJPY,198.52
2025-07-25,GBPJPY,198.63
2025-07-28,GBPJPY,198.93
2025-07-29,GBPJPY,198.36
2025-07-30,GBPJPY,198.28
2025-07-31,GBPJPY,198.31
2025-08-01,GBPJPY,198.05
2025-08-04,GBPJPY,195.83
2025-08-05,GBPJPY,196.04
2025-08-06,GBPJPY,196.42
2025-08-07,GBPJPY,197.86
2025-08-08,GBPJPY,198.57
2025-08-11,GBPJPY,198.54
2025-08-12,GBPJPY,199.86
2025-08-13,GBPJPY,199.83
2025-08-14,GBPJPY,198.95
2025-08-15,GBPJPY,199.27
2025-08-18,GBPJPY,199.83
2025-08-19,GBPJPY,199.85
2025-08-20,GBPJPY,198.69
2025-08-21,GBPJPY,198.86
2025-08-22,GBPJPY,199.47
2025-08-25,GBPJPY,199.05
2025-08-26,GBPJPY,198.76
2025-08-27,GBPJPY,198.97
2025-08-28,GBPJPY,198.54
2025-08-29,GBPJPY,198.11
2025-09-01,GBPJPY,199.11
2025-09-02,GBPJPY,198.92
2025-09-03,GBPJPY,199.34
2025-09-04,GBPJPY,199.42
2025-09-05,GBPJPY,199.46
2025-09-08,GBPJPY,200.01
2025-09-09,GBPJPY,198.96
2025-09-10,GBPJPY,199.62
2025-09-11,GBPJPY,199.93
2025-09-12,GBPJPY,200.31
2025-09-15,GBPJPY,200.65
2025-09-16,GBPJPY,200.5
2025-09-17,GBPJPY,199.75
2025-09-18,GBPJPY,200.74
2025-09-19,GBPJPY,199.58
2025-09-22,GBPJPY,199.53
2025-09-23,GBPJPY,199.68
2025-09-24,GBPJPY,199.87
2025-09-25,GBPJPY,199.7
2025-09-26,GBPJPY,199.99
2025-09-29,GBPJPY,199.91
2025-09-30,GBPJPY,198.95
2025-10-01,GBPJPY,198.15
2025-10-02,GBPJPY,197.83
2025-10-03,GBPJPY,198.14
2025-10-06,GBPJPY,201.52
2025-10-07,GBPJPY,202.29
2025-10-08,GBPJPY,204.74
2025-10-09,GBPJPY,204.31
2025-10-10,GBPJPY,202.62
2025-10-13,GBPJPY,202.81
2025-10-14,GBPJPY,201.7
2025-10-15,GBPJPY,202.33
2025-10-16,GBPJPY,203.12
2025-10-17,GBPJPY,202.07
2025-10-20,GBPJPY,202.17
2025-10-21,GBPJPY,203.33
2025-10-22,GBPJPY,202.46
2025-10-23,GBPJPY,203.59
2025-10-24,GBPJPY,203.47
2025-10-27,GBPJPY,204.02
2025-10-28,GBPJPY,202.18
2025-10-29,GBPJPY,201.06
2025-10-30,GBPJPY,202.67
2025-10-31,GBPJPY,202.06
2025-11-03,GBPJPY,202.59
2025-11-04,GBPJPY,200.56
2025-11-05,GBPJPY,200.53
2025-11-06,GBPJPY,201.15
2025-11-07,GBPJPY,200.87
2025-11-10,GBPJPY,203.13
2025-11-11,GBPJPY,202.7
2025-11-12,GBPJPY,203.09
2025-11-13,GBPJPY,203.62
2025-11-14,GBPJPY,202.6
2025-11-17,GBPJPY,204.17
2025-11-18,GBPJPY,203.99
2025-11-19,GBPJPY,204.88
2025-11-20,GBPJPY,205.87
2025-11-21,GBPJPY,205.11
2025-11-24,GBPJPY,205.84
2025-11-25,GBPJPY,205.3
2025-11-26,GBPJPY,206.35
2025-11-27,GBPJPY,206.89
2025-11-28,GBPJPY,206.32
2025-12-01,GBPJPY,205.38
2025-12-02,GBPJPY,206.07
2025-12-03,GBPJPY,206.8
2025-12-04,GBPJPY,206.46
2025-12-05,GBPJPY,207.13
2025-12-08,GBPJPY,207.28
2025-12-09,GBPJPY,208.31
2025-12-10,GBPJPY,208.58
2025-12-11,GBPJPY,208.26
2025-12-12,GBPJPY,208.73
2025-12-15,GBPJPY,207.68
2025-12-16,GBPJPY,207.75
2025-12-17,GBPJPY,207.6
2025-12-18,GBPJPY,208.72
2025-12-19,GBPJPY,210.22
2025-12-22,GBPJPY,211.36
2025-12-23,GBPJPY,210.67
2025-12-24,GBPJPY,210.6
2025-12-29,GBPJPY,210.83
2025-12-30,GBPJPY,210.61
2025-12-31,GBPJPY,210.97
2026-01-02,GBPJPY,210.96
2026-01-05,GBPJPY,210.85
2026-01-06,GBPJPY,211.4
2026-01-07,GBPJPY,211.11
2026-01-08,GBPJPY,210.63
2026-01-09,GBPJPY,211.5
2026-01-12,GBPJPY,212.61
2026-01-13,GBPJPY,213.76
2026-01-14,GBPJPY,213.22
2026-01-15,GBPJPY,212.49
2026-01-16,GBPJPY,211.85
2026-01-19,GBPJPY,211.84
2026-01-20,GBPJPY,212.31
2026-01-21,GBPJPY,211.84
2026-01-22,GBPJPY,213.12
2026-01-23,GBPJPY,213.93
2026-01-26,GBPJPY,210.4
2026-01-27,GBPJPY,210.66
2026-01-28,GBPJPY,210.43
2026-01-29,GBPJPY,211.82
2026-01-30,GBPJPY,211.95
2026-02-02,GBPJPY,212.05
2026-02-03,GBPJPY,213.29
2026-02-04,GBPJPY,214.89
2026-02-05,GBPJPY,212.99
2026-02-06,GBPJPY,213.47
2026-02-09,GBPJPY,213.37
2026-02-10,GBPJPY,212.2
2026-02-11,GBPJPY,210.13
2026-02-12,GBPJPY,209.53
2026-02-13,GBPJPY,208.62
2026-02-16,GBPJPY,209.19
2026-02-17,GBPJPY,207.33
2026-02-18,GBPJPY,208.61
2026-02-19,GBPJPY,208.34
2026-02-20,GBPJPY,209.25
2026-02-23,GBPJPY,208.88
2026-02-24,GBPJPY,210.21
2026-02-25,GBPJPY,211.96
2026-02-26,GBPJPY,211.46
2026-02-27,GBPJPY,210.12
2026-03-02,GBPJPY,210.77
2026-03-03,GBPJPY,209.91
2026-03-04,GBPJPY,210.25
2026-03-05,GBPJPY,210.5
2026-03-06,GBPJPY,210.59
2026-03-09,GBPJPY,211.66
2026-03-10,GBPJPY,212.22
2026-03-11,GBPJPY,212.63
2026-03-12,GBPJPY,212.69
2026-03-13,GBPJPY,211.38
2026-03-16,GBPJPY,211.39
2026-03-17,GBPJPY,212.07
2026-03-18,GBPJPY,212.39
2026-03-19,GBPJPY,211.21
2026-03-20,GBPJPY,212.24
2026-03-23,GBPJPY,212.75
2026-03-24,GBPJPY,212.51
2026-03-25,GBPJPY,212.89
2026-03-26,GBPJPY,212.9
2026-03-27,GBPJPY,212.36
2026-03-30,GBPJPY,210.96
2026-03-31,GBPJPY,211.2
2026-04-01,GBPJPY,210.91
2026-04-02,GBPJPY,210.81
2026-04-07,GBPJPY,211.71
2026-04-08,GBPJPY,213.06
2026-04-09,GBPJPY,213.32
2026-04-10,GBPJPY,214.03
2026-04-13,GBPJPY,214.51
2026-04-14,GBPJPY,215.54
2026-04-15,GBPJPY,215.57
2026-04-16,GBPJPY,215.32
2026-04-17,GBPJPY,215.35
2026-04-20,GBPJPY,214.69
2026-04-21,GBPJPY,215.02
2026-04-22,GBPJPY,214.96
2026-04-23,GBPJPY,215.42
2026-04-24,GBPJPY,215.1
2026-04-27,GBPJPY,216.05
2026-04-28,GBPJPY,215.16
2026-04-29,GBPJPY,215.89
2026-04-30,GBPJPY,211.5
2026-05-04,GBPJPY,212.87
2026-05-05,GBPJPY,213.59
2026-05-06,GBPJPY,212.74
2026-05-07,GBPJPY,213.02
2026-05-08,GBPJPY,213.37
2026-05-11,GBPJPY,213.75
2026-05-12,GBPJPY,213.1
2026-05-13,GBPJPY,213.15
2026-05-14,GBPJPY,213.39
2026-05-15,GBPJPY,211.79
2026-05-18,GBPJPY,212.51
2026-05-19,GBPJPY,213.32
2026-05-20,GBPJPY,213.14
2026-05-21,GBPJPY,213.56
2026-05-22,GBPJPY,213.53
2026-05-25,GBPJPY,214.53
2026-05-26,GBPJPY,214.44
2026-05-27,GBPJPY,214.18
2026-05-28,GBPJPY,213.74
2026-05-29,GBPJPY,213.84
2026-06-01,GBPJPY,214.75
2026-06-02,GBPJPY,215.22
2026-06-03,GBPJPY,214.96
2026-06-04,GBPJPY,215.07
2026-06-05,GBPJPY,215.29
2026-06-08,GBPJPY,213.76
2026-06-09,GBPJPY,214.67
2026-06-10,GBPJPY,214.77
2026-06-11,GBPJPY,214.54
2026-06-12,GBPJPY,214.7
2026-06-15,GBPJPY,214.99
2026-06-16,GBPJPY,215.03
2026-06-17,GBPJPY,214.91
2026-06-18,GBPJPY,212.89
2026-06-19,GBPJPY,213.36
2026-06-22,GBPJPY,214.33
2026-06-23,GBPJPY,213.48
2026-06-24,GBPJPY,212.79
2026-06-25,GBPJPY,213
2026-06-26,GBPJPY,213.67
2026-06-29,GBPJPY,214.14
2026-06-30,GBPJPY,214.76
2026-07-01,GBPJPY,215.43
2026-07-02,GBPJPY,215.01
2026-07-03,GBPJPY,215.21
2026-07-06,GBPJPY,216.64
2026-07-07,GBPJPY,216.71
2026-07-08,GBPJPY,216.89
2026-07-09,GBPJPY,217.56
2026-07-10,GBPJPY,217.27
2026-07-13,GBPJPY,217.07
2026-07-14,GBPJPY,217.11
2026-07-15,GBPJPY,217.67
2026-07-16,GBPJPY,219.14
2026-07-17,GBPJPY,218.16
2026-07-20,GBPJPY,218.57
2026-07-21,GBPJPY,218.09
2026-07-22,GBPJPY,217.99
2026-07-23,GBPJPY,218.28
2025-07-18,GBPCHF,1.0772
2025-07-21,GBPCHF,1.0773
2025-07-22,GBPCHF,1.075
2025-07-23,GBPCHF,1.074
2025-07-24,GBPCHF,1.0768
2025-07-25,GBPCHF,1.0721
2025-07-28,GBPCHF,1.0755
2025-07-29,GBPCHF,1.0757
2025-07-30,GBPCHF,1.0788
2025-07-31,GBPCHF,1.0749
2025-08-01,GBPCHF,1.0747
2025-08-04,GBPCHF,1.0735
2025-08-05,GBPCHF,1.0752
2025-08-06,GBPCHF,1.0748
2025-08-07,GBPCHF,1.0853
2025-08-08,GBPCHF,1.0852
2025-08-11,GBPCHF,1.0894
2025-08-12,GBPCHF,1.0924
2025-08-13,GBPCHF,1.0901
2025-08-14,GBPCHF,1.0935
2025-08-15,GBPCHF,1.0923
2025-08-18,GBPCHF,1.093
2025-08-19,GBPCHF,1.089
2025-08-20,GBPCHF,1.0877
2025-08-21,GBPCHF,1.0849
2025-08-22,GBPCHF,1.0844
2025-08-25,GBPCHF,1.0838
2025-08-26,GBPCHF,1.0849
2025-08-27,GBPCHF,1.0839
2025-08-28,GBPCHF,1.0829
2025-08-29,GBPCHF,1.0803
2025-09-01,GBPCHF,1.0832
2025-09-02,GBPCHF,1.0763
2025-09-03,GBPCHF,1.0791
2025-09-04,GBPCHF,1.0831
2025-09-05,GBPCHF,1.082
2025-09-08,GBPCHF,1.076
2025-09-09,GBPCHF,1.0771
2025-09-10,GBPCHF,1.0795
2025-09-11,GBPCHF,1.0808
2025-09-12,GBPCHF,1.0802
2025-09-15,GBPCHF,1.0824
2025-09-16,GBPCHF,1.0786
2025-09-17,GBPCHF,1.074
2025-09-18,GBPCHF,1.075
2025-09-19,GBPCHF,1.073
2025-09-22,GBPCHF,1.0709
2025-09-23,GBPCHF,1.0705
2025-09-24,GBPCHF,1.0692
2025-09-25,GBPCHF,1.0681
2025-09-26,GBPCHF,1.0677
2025-09-29,GBPCHF,1.0727
2025-09-30,GBPCHF,1.0721
2025-10-01,GBPCHF,1.0759
2025-10-02,GBPCHF,1.0721
2025-10-03,GBPCHF,1.0707
2025-10-06,GBPCHF,1.0712
2025-10-07,GBPCHF,1.0702
2025-10-08,GBPCHF,1.0731
2025-10-09,GBPCHF,1.0721
2025-10-10,GBPCHF,1.0706
2025-10-13,GBPCHF,1.0723
2025-10-14,GBPCHF,1.067
2025-10-15,GBPCHF,1.0689
2025-10-16,GBPCHF,1.0722
2025-10-17,GBPCHF,1.0646
2025-10-20,GBPCHF,1.0631
2025-10-21,GBPCHF,1.0636
2025-10-22,GBPCHF,1.062
2025-10-23,GBPCHF,1.0642
2025-10-24,GBPCHF,1.0598
2025-10-27,GBPCHF,1.0623
2025-10-28,GBPCHF,1.0573
2025-10-29,GBPCHF,1.0535
2025-10-30,GBPCHF,1.0545
2025-10-31,GBPCHF,1.0534
2025-11-03,GBPCHF,1.0608
2025-11-04,GBPCHF,1.0569
2025-11-05,GBPCHF,1.0564
2025-11-06,GBPCHF,1.0578
2025-11-07,GBPCHF,1.0569
2025-11-10,GBPCHF,1.0615
2025-11-11,GBPCHF,1.0538
2025-11-12,GBPCHF,1.0484
2025-11-13,GBPCHF,1.0482
2025-11-14,GBPCHF,1.0383
2025-11-17,GBPCHF,1.0489
2025-11-18,GBPCHF,1.0467
2025-11-19,GBPCHF,1.0518
2025-11-20,GBPCHF,1.0543
2025-11-21,GBPCHF,1.0552
2025-11-24,GBPCHF,1.0591
2025-11-25,GBPCHF,1.0634
2025-11-26,GBPCHF,1.0644
2025-11-27,GBPCHF,1.0666
2025-11-28,GBPCHF,1.0647
2025-12-01,GBPCHF,1.0621
2025-12-02,GBPCHF,1.0625
2025-12-03,GBPCHF,1.065
2025-12-04,GBPCHF,1.068
2025-12-05,GBPCHF,1.0731
2025-12-08,GBPCHF,1.0734
2025-12-09,GBPCHF,1.0744
2025-12-10,GBPCHF,1.0704
2025-12-11,GBPCHF,1.0665
2025-12-12,GBPCHF,1.0646
2025-12-15,GBPCHF,1.0656
2025-12-16,GBPCHF,1.067
2025-12-17,GBPCHF,1.0623
2025-12-18,GBPCHF,1.0652
2025-12-19,GBPCHF,1.0637
2025-12-22,GBPCHF,1.0657
2025-12-23,GBPCHF,1.0639
2025-12-24,GBPCHF,1.0636
2025-12-29,GBPCHF,1.065
2025-12-30,GBPCHF,1.0667
2025-12-31,GBPCHF,1.0674
2026-01-02,GBPCHF,1.0662
2026-01-05,GBPCHF,1.0707
2026-01-06,GBPCHF,1.072
2026-01-07,GBPCHF,1.0739
2026-01-08,GBPCHF,1.0719
2026-01-09,GBPCHF,1.0734
2026-01-12,GBPCHF,1.0737
2026-01-13,GBPCHF,1.0752
2026-01-14,GBPCHF,1.0767
2026-01-15,GBPCHF,1.0738
2026-01-16,GBPCHF,1.0742
2026-01-19,GBPCHF,1.0705
2026-01-20,GBPCHF,1.0626
2026-01-21,GBPCHF,1.0599
2026-01-22,GBPCHF,1.0643
2026-01-23,GBPCHF,1.0687
2026-01-26,GBPCHF,1.0632
2026-01-27,GBPCHF,1.0592
2026-01-28,GBPCHF,1.0579
2026-01-29,GBPCHF,1.06
2026-01-30,GBPCHF,1.0571
2026-02-02,GBPCHF,1.0625
2026-02-03,GBPCHF,1.0638
2026-02-04,GBPCHF,1.0641
2026-02-05,GBPCHF,1.0541
2026-02-06,GBPCHF,1.0571
2026-02-09,GBPCHF,1.0516
2026-02-10,GBPCHF,1.0492
2026-02-11,GBPCHF,1.0502
2026-02-12,GBPCHF,1.0495
2026-02-13,GBPCHF,1.0465
2026-02-16,GBPCHF,1.0505
2026-02-17,GBPCHF,1.0439
2026-02-18,GBPCHF,1.0459
2026-02-19,GBPCHF,1.0436
2026-02-20,GBPCHF,1.0463
2026-02-23,GBPCHF,1.0471
2026-02-24,GBPCHF,1.0446
2026-02-25,GBPCHF,1.0477
2026-02-26,GBPCHF,1.0483
2026-02-27,GBPCHF,1.0389
2026-03-02,GBPCHF,1.0433
2026-03-03,GBPCHF,1.0447
2026-03-04,GBPCHF,1.0433
2026-03-05,GBPCHF,1.0424
2026-03-06,GBPCHF,1.0433
2026-03-09,GBPCHF,1.041
2026-03-10,GBPCHF,1.043
2026-03-11,GBPCHF,1.0457
2026-03-12,GBPCHF,1.0468
2026-03-13,GBPCHF,1.0444
2026-03-16,GBPCHF,1.0463
2026-03-17,GBPCHF,1.0492
2026-03-18,GBPCHF,1.0502
2026-03-19,GBPCHF,1.0558
2026-03-20,GBPCHF,1.0523
2026-03-23,GBPCHF,1.0558
2026-03-24,GBPCHF,1.0567
2026-03-25,GBPCHF,1.0574
2026-03-26,GBPCHF,1.0577
2026-03-27,GBPCHF,1.0583
2026-03-30,GBPCHF,1.0584
2026-03-31,GBPCHF,1.0588
2026-04-01,GBPCHF,1.0551
2026-04-02,GBPCHF,1.0559
2026-04-07,GBPCHF,1.0592
2026-04-08,GBPCHF,1.0614
2026-04-09,GBPCHF,1.0614
2026-04-10,GBPCHF,1.0609
2026-04-13,GBPCHF,1.0616
2026-04-14,GBPCHF,1.0597
2026-04-15,GBPCHF,1.0606
2026-04-16,GBPCHF,1.061
2026-04-17,GBPCHF,1.059
2026-04-20,GBPCHF,1.0557
2026-04-21,GBPCHF,1.0538
2026-04-22,GBPCHF,1.0558
2026-04-23,GBPCHF,1.06
2026-04-24,GBPCHF,1.0598
2026-04-27,GBPCHF,1.0638
2026-04-28,GBPCHF,1.0653
2026-04-29,GBPCHF,1.066
2026-04-30,GBPCHF,1.0609
2026-05-04,GBPCHF,1.0622
2026-05-05,GBPCHF,1.0615
2026-05-06,GBPCHF,1.0611
2026-05-07,GBPCHF,1.0597
2026-05-08,GBPCHF,1.0596
2026-05-11,GBPCHF,1.0595
2026-05-12,GBPCHF,1.0566
2026-05-13,GBPCHF,1.0558
2026-05-14,GBPCHF,1.0564
2026-05-15,GBPCHF,1.0504
2026-05-18,GBPCHF,1.0508
2026-05-19,GBPCHF,1.0557
2026-05-20,GBPCHF,1.0589
2026-05-21,GBPCHF,1.058
2026-05-22,GBPCHF,1.0552
2026-05-25,GBPCHF,1.0549
2026-05-26,GBPCHF,1.0577
2026-05-27,GBPCHF,1.0567
2026-05-28,GBPCHF,1.0578
2026-05-29,GBPCHF,1.0506
2026-06-01,GBPCHF,1.0553
2026-06-02,GBPCHF,1.0581
2026-06-03,GBPCHF,1.0614
2026-06-04,GBPCHF,1.06
2026-06-05,GBPCHF,1.0615
2026-06-08,GBPCHF,1.0638
2026-06-09,GBPCHF,1.0662
2026-06-10,GBPCHF,1.0695
2026-06-11,GBPCHF,1.0681
2026-06-12,GBPCHF,1.068
2026-06-15,GBPCHF,1.0652
2026-06-16,GBPCHF,1.0667
2026-06-17,GBPCHF,1.0632
2026-06-18,GBPCHF,1.064
2026-06-19,GBPCHF,1.0672
2026-06-22,GBPCHF,1.0706
2026-06-23,GBPCHF,1.0702
2026-06-24,GBPCHF,1.0696
2026-06-25,GBPCHF,1.0702
2026-06-26,GBPCHF,1.0687
2026-06-29,GBPCHF,1.0697
2026-06-30,GBPCHF,1.0703
2026-07-01,GBPCHF,1.0741
2026-07-02,GBPCHF,1.074
2026-07-03,GBPCHF,1.0721
2026-07-06,GBPCHF,1.0757
2026-07-07,GBPCHF,1.0793
2026-07-08,GBPCHF,1.0794
2026-07-09,GBPCHF,1.0809
2026-07-10,GBPCHF,1.0831
2026-07-13,GBPCHF,1.0844
2026-07-14,GBPCHF,1.0863
2026-07-15,GBPCHF,1.0878
2026-07-16,GBPCHF,1.0899
2026-07-17,GBPCHF,1.0844
2026-07-20,GBPCHF,1.088
2026-07-21,GBPCHF,1.0867
2026-07-22,GBPCHF,1.086
2026-07-23,GBPCHF,1.0895
2025-07-18,GBPCAD,1.8466
2025-07-21,GBPCAD,1.8473
2025-07-22,GBPCAD,1.8436
2025-07-23,GBPCAD,1.8382
2025-07-24,GBPCAD,1.8454
2025-07-25,GBPCAD,1.8399
2025-07-28,GBPCAD,1.8426
2025-07-29,GBPCAD,1.8366
2025-07-30,GBPCAD,1.8441
2025-07-31,GBPCAD,1.8312
2025-08-01,GBPCAD,1.826
2025-08-04,GBPCAD,1.8307
2025-08-05,GBPCAD,1.8323
2025-08-06,GBPCAD,1.8317
2025-08-07,GBPCAD,1.8449
2025-08-08,GBPCAD,1.8456
2025-08-11,GBPCAD,1.8507
2025-08-12,GBPCAD,1.8577
2025-08-13,GBPCAD,1.867
2025-08-14,GBPCAD,1.8714
2025-08-15,GBPCAD,1.8696
2025-08-18,GBPCAD,1.8673
2025-08-19,GBPCAD,1.8672
2025-08-20,GBPCAD,1.8688
2025-08-21,GBPCAD,1.8678
2025-08-22,GBPCAD,1.8665
2025-08-25,GBPCAD,1.8675
2025-08-26,GBPCAD,1.8673
2025-08-27,GBPCAD,1.8613
2025-08-28,GBPCAD,1.8597
2025-08-29,GBPCAD,1.8494
2025-09-01,GBPCAD,1.8593
2025-09-02,GBPCAD,1.8451
2025-09-03,GBPCAD,1.8509
2025-09-04,GBPCAD,1.8578
2025-09-05,GBPCAD,1.8596
2025-09-08,GBPCAD,1.8676
2025-09-09,GBPCAD,1.8723
2025-09-10,GBPCAD,1.8756
2025-09-11,GBPCAD,1.876
2025-09-12,GBPCAD,1.8753
2025-09-15,GBPCAD,1.882
2025-09-16,GBPCAD,1.8753
2025-09-17,GBPCAD,1.8768
2025-09-18,GBPCAD,1.8765
2025-09-19,GBPCAD,1.862
2025-09-22,GBPCAD,1.8641
2025-09-23,GBPCAD,1.8681
2025-09-24,GBPCAD,1.8671
2025-09-25,GBPCAD,1.8644
2025-09-26,GBPCAD,1.8627
2025-09-29,GBPCAD,1.8724
2025-09-30,GBPCAD,1.8715
2025-10-01,GBPCAD,1.877
2025-10-02,GBPCAD,1.879
2025-10-03,GBPCAD,1.878
2025-10-06,GBPCAD,1.8751
2025-10-07,GBPCAD,1.8706
2025-10-08,GBPCAD,1.8694
2025-10-09,GBPCAD,1.8655
2025-10-10,GBPCAD,1.8622
2025-10-13,GBPCAD,1.8678
2025-10-14,GBPCAD,1.8651
2025-10-15,GBPCAD,1.8751
2025-10-16,GBPCAD,1.8868
2025-10-17,GBPCAD,1.8853
2025-10-20,GBPCAD,1.8833
2025-10-21,GBPCAD,1.8784
2025-10-22,GBPCAD,1.8706
2025-10-23,GBPCAD,1.8664
2025-10-24,GBPCAD,1.8664
2025-10-27,GBPCAD,1.8663
2025-10-28,GBPCAD,1.8589
2025-10-29,GBPCAD,1.8402
2025-10-30,GBPCAD,1.8383
2025-10-31,GBPCAD,1.8384
2025-11-03,GBPCAD,1.8448
2025-11-04,GBPCAD,1.8395
2025-11-05,GBPCAD,1.8431
2025-11-06,GBPCAD,1.8454
2025-11-07,GBPCAD,1.8512
2025-11-10,GBPCAD,1.847
2025-11-11,GBPCAD,1.8439
2025-11-12,GBPCAD,1.8379
2025-11-13,GBPCAD,1.8451
2025-11-14,GBPCAD,1.8461
2025-11-17,GBPCAD,1.8499
2025-11-18,GBPCAD,1.843
2025-11-19,GBPCAD,1.8387
2025-11-20,GBPCAD,1.8371
2025-11-21,GBPCAD,1.8432
2025-11-24,GBPCAD,1.849
2025-11-25,GBPCAD,1.8549
2025-11-26,GBPCAD,1.8584
2025-11-27,GBPCAD,1.8589
2025-11-28,GBPCAD,1.8521
2025-12-01,GBPCAD,1.8522
2025-12-02,GBPCAD,1.849
2025-12-03,GBPCAD,1.856
2025-12-04,GBPCAD,1.8638
2025-12-05,GBPCAD,1.8597
2025-12-08,GBPCAD,1.8397
2025-12-09,GBPCAD,1.8448
2025-12-10,GBPCAD,1.8428
2025-12-11,GBPCAD,1.8471
2025-12-12,GBPCAD,1.8409
2025-12-15,GBPCAD,1.8418
2025-12-16,GBPCAD,1.8492
2025-12-17,GBPCAD,1.8401
2025-12-18,GBPCAD,1.8478
2025-12-19,GBPCAD,1.8442
2025-12-22,GBPCAD,1.8495
2025-12-23,GBPCAD,1.8499
2025-12-24,GBPCAD,1.8476
2025-12-29,GBPCAD,1.8457
2025-12-30,GBPCAD,1.8485
2025-12-31,GBPCAD,1.8437
2026-01-02,GBPCAD,1.8462
2026-01-05,GBPCAD,1.8542
2026-01-06,GBPCAD,1.8618
2026-01-07,GBPCAD,1.8623
2026-01-08,GBPCAD,1.8629
2026-01-09,GBPCAD,1.8627
2026-01-12,GBPCAD,1.8698
2026-01-13,GBPCAD,1.8674
2026-01-14,GBPCAD,1.8654
2026-01-15,GBPCAD,1.8633
2026-01-16,GBPCAD,1.861
2026-01-19,GBPCAD,1.8624
2026-01-20,GBPCAD,1.8591
2026-01-21,GBPCAD,1.8518
2026-01-22,GBPCAD,1.854
2026-01-23,GBPCAD,1.8617
2026-01-26,GBPCAD,1.8709
2026-01-27,GBPCAD,1.8791
2026-01-28,GBPCAD,1.8701
2026-01-29,GBPCAD,1.8686
2026-01-30,GBPCAD,1.861
2026-02-02,GBPCAD,1.8661
2026-02-03,GBPCAD,1.869
2026-02-04,GBPCAD,1.873
2026-02-05,GBPCAD,1.8576
2026-02-06,GBPCAD,1.8571
2026-02-09,GBPCAD,1.8589
2026-02-10,GBPCAD,1.8564
2026-02-11,GBPCAD,1.8552
2026-02-12,GBPCAD,1.8515
2026-02-13,GBPCAD,1.8542
2026-02-16,GBPCAD,1.859
2026-02-17,GBPCAD,1.8492
2026-02-18,GBPCAD,1.8528
2026-02-19,GBPCAD,1.8433
2026-02-20,GBPCAD,1.846
2026-02-23,GBPCAD,1.847
2026-02-24,GBPCAD,1.8495
2026-02-25,GBPCAD,1.8514
2026-02-26,GBPCAD,1.8529
2026-02-27,GBPCAD,1.8417
2026-03-02,GBPCAD,1.8298
2026-03-03,GBPCAD,1.8221
2026-03-04,GBPCAD,1.8277
2026-03-05,GBPCAD,1.8204
2026-03-06,GBPCAD,1.8204
2026-03-09,GBPCAD,1.8121
2026-03-10,GBPCAD,1.823
2026-03-11,GBPCAD,1.8228
2026-03-12,GBPCAD,1.8211
2026-03-13,GBPCAD,1.818
2026-03-16,GBPCAD,1.8173
2026-03-17,GBPCAD,1.8285
2026-03-18,GBPCAD,1.8258
2026-03-19,GBPCAD,1.8255
2026-03-20,GBPCAD,1.8336
2026-03-23,GBPCAD,1.8394
2026-03-24,GBPCAD,1.8384
2026-03-25,GBPCAD,1.8458
2026-03-26,GBPCAD,1.8452
2026-03-27,GBPCAD,1.842
2026-03-30,GBPCAD,1.8418
2026-03-31,GBPCAD,1.8452
2026-04-01,GBPCAD,1.8509
2026-04-02,GBPCAD,1.8372
2026-04-07,GBPCAD,1.8426
2026-04-08,GBPCAD,1.8672
2026-04-09,GBPCAD,1.8581
2026-04-10,GBPCAD,1.8583
2026-04-13,GBPCAD,1.8582
2026-04-14,GBPCAD,1.8668
2026-04-15,GBPCAD,1.8675
2026-04-16,GBPCAD,1.8592
2026-04-17,GBPCAD,1.8503
2026-04-20,GBPCAD,1.8502
2026-04-21,GBPCAD,1.8464
2026-04-22,GBPCAD,1.845
2026-04-23,GBPCAD,1.8465
2026-04-24,GBPCAD,1.8459
2026-04-27,GBPCAD,1.8456
2026-04-28,GBPCAD,1.8421
2026-04-29,GBPCAD,1.8475
2026-04-30,GBPCAD,1.8463
2026-05-04,GBPCAD,1.8446
2026-05-05,GBPCAD,1.8427
2026-05-06,GBPCAD,1.8524
2026-05-07,GBPCAD,1.8563
2026-05-08,GBPCAD,1.8589
2026-05-11,GBPCAD,1.8591
2026-05-12,GBPCAD,1.8534
2026-05-13,GBPCAD,1.8497
2026-05-14,GBPCAD,1.8541
2026-05-15,GBPCAD,1.8374
2026-05-18,GBPCAD,1.8393
2026-05-19,GBPCAD,1.8443
2026-05-20,GBPCAD,1.8438
2026-05-21,GBPCAD,1.8479
2026-05-22,GBPCAD,1.8517
2026-05-25,GBPCAD,1.8645
2026-05-26,GBPCAD,1.8604
2026-05-27,GBPCAD,1.8586
2026-05-28,GBPCAD,1.857
2026-05-29,GBPCAD,1.8535
2026-06-01,GBPCAD,1.8621
2026-06-02,GBPCAD,1.8642
2026-06-03,GBPCAD,1.8634
2026-06-04,GBPCAD,1.8703
2026-06-05,GBPCAD,1.8695
2026-06-08,GBPCAD,1.8623
2026-06-09,GBPCAD,1.866
2026-06-10,GBPCAD,1.864
2026-06-11,GBPCAD,1.8681
2026-06-12,GBPCAD,1.8747
2026-06-15,GBPCAD,1.8764
2026-06-16,GBPCAD,1.879
2026-06-17,GBPCAD,1.8784
2026-06-18,GBPCAD,1.8686
2026-06-19,GBPCAD,1.8728
2026-06-22,GBPCAD,1.8762
2026-06-23,GBPCAD,1.8749
2026-06-24,GBPCAD,1.8732
2026-06-25,GBPCAD,1.874
2026-06-26,GBPCAD,1.8746
2026-06-29,GBPCAD,1.8791
2026-06-30,GBPCAD,1.8822
2026-07-01,GBPCAD,1.8833
2026-07-02,GBPCAD,1.8914
2026-07-03,GBPCAD,1.8966
2026-07-06,GBPCAD,1.8981
2026-07-07,GBPCAD,1.9032
2026-07-08,GBPCAD,1.8934
2026-07-09,GBPCAD,1.898
2026-07-10,GBPCAD,1.8997
2026-07-13,GBPCAD,1.8924
2026-07-14,GBPCAD,1.8888
2026-07-15,GBPCAD,1.8865
2026-07-16,GBPCAD,1.8948
2026-07-17,GBPCAD,1.8843
2026-07-20,GBPCAD,1.8886
2026-07-21,GBPCAD,1.8859
2026-07-22,GBPCAD,1.8832
2026-07-23,GBPCAD,1.8793
2025-07-18,GBPAUD,2.0624
2025-07-21,GBPAUD,2.066
2025-07-22,GBPAUD,2.0685
2025-07-23,GBPAUD,2.0515
2025-07-24,GBPAUD,2.0485
2025-07-25,GBPAUD,2.0484
2025-07-28,GBPAUD,2.057
2025-07-29,GBPAUD,2.0524
2025-07-30,GBPAUD,2.0616
2025-07-31,GBPAUD,2.0536
2025-08-01,GBPAUD,2.0492
2025-08-04,GBPAUD,2.0503
2025-08-05,GBPAUD,2.0545
2025-08-06,GBPAUD,2.047
2025-08-07,GBPAUD,2.0583
2025-08-08,GBPAUD,2.0594
2025-08-11,GBPAUD,2.0631
2025-08-12,GBPAUD,2.0748
2025-08-13,GBPAUD,2.0707
2025-08-14,GBPAUD,2.0811
2025-08-15,GBPAUD,2.0815
2025-08-18,GBPAUD,2.0799
2025-08-19,GBPAUD,2.0826
2025-08-20,GBPAUD,2.093
2025-08-21,GBPAUD,2.0936
2025-08-22,GBPAUD,2.0881
2025-08-25,GBPAUD,2.0793
2025-08-26,GBPAUD,2.0778
2025-08-27,GBPAUD,2.077
2025-08-28,GBPAUD,2.0702
2025-08-29,GBPAUD,2.061
2025-09-01,GBPAUD,2.0648
2025-09-02,GBPAUD,2.0567
2025-09-03,GBPAUD,2.0517
2025-09-04,GBPAUD,2.0628
2025-09-05,GBPAUD,2.0592
2025-09-08,GBPAUD,2.0532
2025-09-09,GBPAUD,2.0514
2025-09-10,GBPAUD,2.0486
2025-09-11,GBPAUD,2.0466
2025-09-12,GBPAUD,2.0393
2025-09-15,GBPAUD,2.0436
2025-09-16,GBPAUD,2.0446
2025-09-17,GBPAUD,2.0436
2025-09-18,GBPAUD,2.0485
2025-09-19,GBPAUD,2.0443
2025-09-22,GBPAUD,2.0466
2025-09-23,GBPAUD,2.0454
2025-09-24,GBPAUD,2.0377
2025-09-25,GBPAUD,2.0384
2025-09-26,GBPAUD,2.0459
2025-09-29,GBPAUD,2.0473
2025-09-30,GBPAUD,2.0334
2025-10-01,GBPAUD,2.0383
2025-10-02,GBPAUD,2.0394
2025-10-03,GBPAUD,2.0366
2025-10-06,GBPAUD,2.0354
2025-10-07,GBPAUD,2.0347
2025-10-08,GBPAUD,2.04
2025-10-09,GBPAUD,2.0269
2025-10-10,GBPAUD,2.0266
2025-10-13,GBPAUD,2.0485
2025-10-14,GBPAUD,2.0553
2025-10-15,GBPAUD,2.0493
2025-10-16,GBPAUD,2.0662
2025-10-17,GBPAUD,2.0696
2025-10-20,GBPAUD,2.0671
2025-10-21,GBPAUD,2.061
2025-10-22,GBPAUD,2.0559
2025-10-23,GBPAUD,2.051
2025-10-24,GBPAUD,2.047
2025-10-27,GBPAUD,2.035
2025-10-28,GBPAUD,2.0257
2025-10-29,GBPAUD,2.0019
2025-10-30,GBPAUD,2.008
2025-10-31,GBPAUD,2.0045
2025-11-03,GBPAUD,2.0076
2025-11-04,GBPAUD,2.0115
2025-11-05,GBPAUD,2.0118
2025-11-06,GBPAUD,2.0094
2025-11-07,GBPAUD,2.0245
2025-11-10,GBPAUD,2.0175
2025-11-11,GBPAUD,2.0148
2025-11-12,GBPAUD,2.0057
2025-11-13,GBPAUD,2.0095
2025-11-14,GBPAUD,2.0175
2025-11-17,GBPAUD,2.0236
2025-11-18,GBPAUD,2.0213
2025-11-19,GBPAUD,2.0225
2025-11-20,GBPAUD,2.0162
2025-11-21,GBPAUD,2.0303
2025-11-24,GBPAUD,2.0307
2025-11-25,GBPAUD,2.0343
2025-11-26,GBPAUD,2.0303
2025-11-27,GBPAUD,2.028
2025-11-28,GBPAUD,2.0248
2025-12-01,GBPAUD,2.021
2025-12-02,GBPAUD,2.0149
2025-12-03,GBPAUD,2.0192
2025-12-04,GBPAUD,2.0191
2025-12-05,GBPAUD,2.0105
2025-12-08,GBPAUD,2.0065
2025-12-09,GBPAUD,2.0071
2025-12-10,GBPAUD,2.0035
2025-12-11,GBPAUD,2.0113
2025-12-12,GBPAUD,2.0068
2025-12-15,GBPAUD,2.0126
2025-12-16,GBPAUD,2.0238
2025-12-17,GBPAUD,2.0153
2025-12-18,GBPAUD,2.0277
2025-12-19,GBPAUD,2.025
2025-12-22,GBPAUD,2.0209
2025-12-23,GBPAUD,2.0171
2025-12-24,GBPAUD,2.0148
2025-12-29,GBPAUD,2.015
2025-12-30,GBPAUD,2.0137
2025-12-31,GBPAUD,2.0148
2026-01-02,GBPAUD,2.008
2026-01-05,GBPAUD,2.0161
2026-01-06,GBPAUD,2.0111
2026-01-07,GBPAUD,2.0045
2026-01-08,GBPAUD,2.0068
2026-01-09,GBPAUD,2.01
2026-01-12,GBPAUD,2.007
2026-01-13,GBPAUD,2.0085
2026-01-14,GBPAUD,2.0132
2026-01-15,GBPAUD,2.0039
2026-01-16,GBPAUD,2.0005
2026-01-19,GBPAUD,2
2026-01-20,GBPAUD,1.9972
2026-01-21,GBPAUD,1.9831
2026-01-22,GBPAUD,1.9717
2026-01-23,GBPAUD,1.9703
2026-01-26,GBPAUD,1.975
2026-01-27,GBPAUD,1.9771
2026-01-28,GBPAUD,1.9697
2026-01-29,GBPAUD,1.9551
2026-01-30,GBPAUD,1.9627
2026-02-02,GBPAUD,1.9684
2026-02-03,GBPAUD,1.9518
2026-02-04,GBPAUD,1.9515
2026-02-05,GBPAUD,1.9471
2026-02-06,GBPAUD,1.9449
2026-02-09,GBPAUD,1.9358
2026-02-10,GBPAUD,1.9356
2026-02-11,GBPAUD,1.924
2026-02-12,GBPAUD,1.9146
2026-02-13,GBPAUD,1.9302
2026-02-16,GBPAUD,1.9253
2026-02-17,GBPAUD,1.921
2026-02-18,GBPAUD,1.9198
2026-02-19,GBPAUD,1.911
2026-02-20,GBPAUD,1.913
2026-02-23,GBPAUD,1.9085
2026-02-24,GBPAUD,1.9148
2026-02-25,GBPAUD,1.9069
2026-02-26,GBPAUD,1.903
2026-02-27,GBPAUD,1.8957
2026-03-02,GBPAUD,1.8971
2026-03-03,GBPAUD,1.8968
2026-03-04,GBPAUD,1.8958
2026-03-05,GBPAUD,1.8965
2026-03-06,GBPAUD,1.9034
2026-03-09,GBPAUD,1.9028
2026-03-10,GBPAUD,1.8898
2026-03-11,GBPAUD,1.8752
2026-03-12,GBPAUD,1.8773
2026-03-13,GBPAUD,1.8835
2026-03-16,GBPAUD,1.8832
2026-03-17,GBPAUD,1.8775
2026-03-18,GBPAUD,1.8873
2026-03-19,GBPAUD,1.8988
2026-03-20,GBPAUD,1.8916
2026-03-23,GBPAUD,1.9115
2026-03-24,GBPAUD,1.9242
2026-03-25,GBPAUD,1.9232
2026-03-26,GBPAUD,1.9295
2026-03-27,GBPAUD,1.9293
2026-03-30,GBPAUD,1.9285
2026-03-31,GBPAUD,1.9224
2026-04-01,GBPAUD,1.9158
2026-04-02,GBPAUD,1.9221
2026-04-07,GBPAUD,1.9099
2026-04-08,GBPAUD,1.9091
2026-04-09,GBPAUD,1.9061
2026-04-10,GBPAUD,1.9013
2026-04-13,GBPAUD,1.9079
2026-04-14,GBPAUD,1.9051
2026-04-15,GBPAUD,1.8988
2026-04-16,GBPAUD,1.8881
2026-04-17,GBPAUD,1.8858
2026-04-20,GBPAUD,1.8878
2026-04-21,GBPAUD,1.8869
2026-04-22,GBPAUD,1.8876
2026-04-23,GBPAUD,1.8882
2026-04-24,GBPAUD,1.8885
2026-04-27,GBPAUD,1.8869
2026-04-28,GBPAUD,1.8828
2026-04-29,GBPAUD,1.8864
2026-04-30,GBPAUD,1.8899
2026-05-04,GBPAUD,1.8862
2026-05-05,GBPAUD,1.8877
2026-05-06,GBPAUD,1.8801
2026-05-07,GBPAUD,1.877
2026-05-08,GBPAUD,1.8816
2026-05-11,GBPAUD,1.8788
2026-05-12,GBPAUD,1.8723
2026-05-13,GBPAUD,1.8634
2026-05-14,GBPAUD,1.8659
2026-05-15,GBPAUD,1.8685
2026-05-18,GBPAUD,1.8681
2026-05-19,GBPAUD,1.8838
2026-05-20,GBPAUD,1.8798
2026-05-21,GBPAUD,1.8827
2026-05-22,GBPAUD,1.8842
2026-05-25,GBPAUD,1.8828
2026-05-26,GBPAUD,1.8797
2026-05-27,GBPAUD,1.8843
2026-05-28,GBPAUD,1.8829
2026-05-29,GBPAUD,1.8724
2026-06-01,GBPAUD,1.8769
2026-06-02,GBPAUD,1.876
2026-06-03,GBPAUD,1.8777
2026-06-04,GBPAUD,1.8843
2026-06-05,GBPAUD,1.886
2026-06-08,GBPAUD,1.8887
2026-06-09,GBPAUD,1.8984
2026-06-10,GBPAUD,1.9106
2026-06-11,GBPAUD,1.9098
2026-06-12,GBPAUD,1.9051
2026-06-15,GBPAUD,1.8991
2026-06-16,GBPAUD,1.8979
2026-06-17,GBPAUD,1.8988
2026-06-18,GBPAUD,1.8885
2026-06-19,GBPAUD,1.8866
2026-06-22,GBPAUD,1.8904
2026-06-23,GBPAUD,1.9052
2026-06-24,GBPAUD,1.9075
2026-06-25,GBPAUD,1.9092
2026-06-26,GBPAUD,1.9151
2026-06-29,GBPAUD,1.9174
2026-06-30,GBPAUD,1.9197
2026-07-01,GBPAUD,1.9213
2026-07-02,GBPAUD,1.9315
2026-07-03,GBPAUD,1.9249
2026-07-06,GBPAUD,1.9245
2026-07-07,GBPAUD,1.9266
2026-07-08,GBPAUD,1.9279
2026-07-09,GBPAUD,1.9303
2026-07-10,GBPAUD,1.9314
2026-07-13,GBPAUD,1.9283
2026-07-14,GBPAUD,1.9278
2026-07-15,GBPAUD,1.9197
2026-07-16,GBPAUD,1.9278
2026-07-17,GBPAUD,1.9265
2026-07-20,GBPAUD,1.921
2026-07-21,GBPAUD,1.9102
2026-07-22,GBPAUD,1.9114
2026-07-23,GBPAUD,1.9094
2025-07-18,AUDUSD,0.65259
2025-07-21,AUDUSD,0.65241
2025-07-22,AUDUSD,0.65197
2025-07-23,AUDUSD,0.65965
2025-07-24,AUDUSD,0.66153
2025-07-25,AUDUSD,0.65673
2025-07-28,AUDUSD,0.65278
2025-07-29,AUDUSD,0.64964
2025-07-30,AUDUSD,0.6485
2025-07-31,AUDUSD,0.64441
2025-08-01,AUDUSD,0.64226
2025-08-04,AUDUSD,0.64804
2025-08-05,AUDUSD,0.64647
2025-08-06,AUDUSD,0.6503
2025-08-07,AUDUSD,0.6522
2025-08-08,AUDUSD,0.65229
2025-08-11,AUDUSD,0.6508
2025-08-12,AUDUSD,0.64885
2025-08-13,AUDUSD,0.65527
2025-08-14,AUDUSD,0.65242
2025-08-15,AUDUSD,0.65125
2025-08-18,AUDUSD,0.651
2025-08-19,AUDUSD,0.64922
2025-08-20,AUDUSD,0.64392
2025-08-21,AUDUSD,0.6424
2025-08-22,AUDUSD,0.64246
2025-08-25,AUDUSD,0.64965
2025-08-26,AUDUSD,0.64914
2025-08-27,AUDUSD,0.64708
2025-08-28,AUDUSD,0.65302
2025-08-29,AUDUSD,0.65256
2025-09-01,AUDUSD,0.65502
2025-09-02,AUDUSD,0.65072
2025-09-03,AUDUSD,0.65382
2025-09-04,AUDUSD,0.65176
2025-09-05,AUDUSD,0.65456
2025-09-08,AUDUSD,0.65891
2025-09-09,AUDUSD,0.66085
2025-09-10,AUDUSD,0.66067
2025-09-11,AUDUSD,0.66028
2025-09-12,AUDUSD,0.66406
2025-09-15,AUDUSD,0.66629
2025-09-16,AUDUSD,0.66714
2025-09-17,AUDUSD,0.6677
2025-09-18,AUDUSD,0.66464
2025-09-19,AUDUSD,0.65925
2025-09-22,AUDUSD,0.65945
2025-09-23,AUDUSD,0.66052
2025-09-24,AUDUSD,0.66078
2025-09-25,AUDUSD,0.65831
2025-09-26,AUDUSD,0.65276
2025-09-29,AUDUSD,0.65642
2025-09-30,AUDUSD,0.66109
2025-10-01,AUDUSD,0.66084
2025-10-02,AUDUSD,0.66086
2025-10-03,AUDUSD,0.66029
2025-10-06,AUDUSD,0.65985
2025-10-07,AUDUSD,0.6588
2025-10-08,AUDUSD,0.6573
2025-10-09,AUDUSD,0.65972
2025-10-10,AUDUSD,0.65541
2025-10-13,AUDUSD,0.65086
2025-10-14,AUDUSD,0.6452
2025-10-15,AUDUSD,0.65149
2025-10-16,AUDUSD,0.64984
2025-10-17,AUDUSD,0.64912
2025-10-20,AUDUSD,0.64876
2025-10-21,AUDUSD,0.64898
2025-10-22,AUDUSD,0.64862
2025-10-23,AUDUSD,0.65038
2025-10-24,AUDUSD,0.6501
2025-10-27,AUDUSD,0.65589
2025-10-28,AUDUSD,0.6554
2025-10-29,AUDUSD,0.65997
2025-10-30,AUDUSD,0.65358
2025-10-31,AUDUSD,0.6538
2025-11-03,AUDUSD,0.65432
2025-11-04,AUDUSD,0.64954
2025-11-05,AUDUSD,0.64839
2025-11-06,AUDUSD,0.65169
2025-11-07,AUDUSD,0.64811
2025-11-10,AUDUSD,0.65336
2025-11-11,AUDUSD,0.65255
2025-11-12,AUDUSD,0.65416
2025-11-13,AUDUSD,0.65563
2025-11-14,AUDUSD,0.65266
2025-11-17,AUDUSD,0.65137
2025-11-18,AUDUSD,0.65003
2025-11-19,AUDUSD,0.6488
2025-11-20,AUDUSD,0.64784
2025-11-21,AUDUSD,0.64455
2025-11-24,AUDUSD,0.64571
2025-11-25,AUDUSD,0.64614
2025-11-26,AUDUSD,0.64974
2025-11-27,AUDUSD,0.65262
2025-11-28,AUDUSD,0.65267
2025-12-01,AUDUSD,0.65648
2025-12-02,AUDUSD,0.65531
2025-12-03,AUDUSD,0.65921
2025-12-04,AUDUSD,0.6607
2025-12-05,AUDUSD,0.66368
2025-12-08,AUDUSD,0.66414
2025-12-09,AUDUSD,0.66376
2025-12-10,AUDUSD,0.66431
2025-12-11,AUDUSD,0.66553
2025-12-12,AUDUSD,0.66676
2025-12-15,AUDUSD,0.66518
2025-12-16,AUDUSD,0.66392
2025-12-17,AUDUSD,0.66211
2025-12-18,AUDUSD,0.66082
2025-12-19,AUDUSD,0.66024
2025-12-22,AUDUSD,0.6648
2025-12-23,AUDUSD,0.66939
2025-12-24,AUDUSD,0.67021
2025-12-29,AUDUSD,0.66917
2025-12-30,AUDUSD,0.67018
2025-12-31,AUDUSD,0.66834
2026-01-02,AUDUSD,0.66947
2026-01-05,AUDUSD,0.66682
2026-01-06,AUDUSD,0.67197
2026-01-07,AUDUSD,0.67277
2026-01-08,AUDUSD,0.66971
2026-01-09,AUDUSD,0.66751
2026-01-12,AUDUSD,0.67161
2026-01-13,AUDUSD,0.67
2026-01-14,AUDUSD,0.66768
2026-01-15,AUDUSD,0.66874
2026-01-16,AUDUSD,0.6698
2026-01-19,AUDUSD,0.67068
2026-01-20,AUDUSD,0.67325
2026-01-21,AUDUSD,0.67699
2026-01-22,AUDUSD,0.6807
2026-01-23,AUDUSD,0.68651
2026-01-26,AUDUSD,0.69083
2026-01-27,AUDUSD,0.69488
2026-01-28,AUDUSD,0.69995
2026-01-29,AUDUSD,0.7067
2026-01-30,AUDUSD,0.70108
2026-02-02,AUDUSD,0.69475
2026-02-03,AUDUSD,0.70119
2026-02-04,AUDUSD,0.70299
2026-02-05,AUDUSD,0.6972
2026-02-06,AUDUSD,0.6987
2026-02-09,AUDUSD,0.70569
2026-02-10,AUDUSD,0.70671
2026-02-11,AUDUSD,0.711
2026-02-12,AUDUSD,0.71196
2026-02-13,AUDUSD,0.70506
2026-02-16,AUDUSD,0.70856
2026-02-17,AUDUSD,0.70494
2026-02-18,AUDUSD,0.70725
2026-02-19,AUDUSD,0.70386
2026-02-20,AUDUSD,0.70474
2026-02-23,AUDUSD,0.70694
2026-02-24,AUDUSD,0.70445
2026-02-25,AUDUSD,0.70915
2026-02-26,AUDUSD,0.71203
2026-02-27,AUDUSD,0.71063
2026-03-02,AUDUSD,0.70559
2026-03-03,AUDUSD,0.70195
2026-03-04,AUDUSD,0.70587
2026-03-05,AUDUSD,0.70455
2026-03-06,AUDUSD,0.70062
2026-03-09,AUDUSD,0.70179
2026-03-10,AUDUSD,0.71177
2026-03-11,AUDUSD,0.7151
2026-03-12,AUDUSD,0.71322
2026-03-13,AUDUSD,0.70435
2026-03-16,AUDUSD,0.70538
2026-03-17,AUDUSD,0.71061
2026-03-18,AUDUSD,0.70531
2026-03-19,AUDUSD,0.70042
2026-03-20,AUDUSD,0.70668
2026-03-23,AUDUSD,0.70198
2026-03-24,AUDUSD,0.69493
2026-03-25,AUDUSD,0.69634
2026-03-26,AUDUSD,0.69125
2026-03-27,AUDUSD,0.68836
2026-03-30,AUDUSD,0.68602
2026-03-31,AUDUSD,0.68879
2026-04-01,AUDUSD,0.69537
2026-04-02,AUDUSD,0.6872
2026-04-07,AUDUSD,0.69349
2026-04-08,AUDUSD,0.70565
2026-04-09,AUDUSD,0.70421
2026-04-10,AUDUSD,0.70714
2026-04-13,AUDUSD,0.70343
2026-04-14,AUDUSD,0.71222
2026-04-15,AUDUSD,0.71364
2026-04-16,AUDUSD,0.71732
2026-04-17,AUDUSD,0.71767
2026-04-20,AUDUSD,0.71568
2026-04-21,AUDUSD,0.7165
2026-04-22,AUDUSD,0.71525
2026-04-23,AUDUSD,0.71536
2026-04-24,AUDUSD,0.71445
2026-04-27,AUDUSD,0.71917
2026-04-28,AUDUSD,0.71538
2026-04-29,AUDUSD,0.71623
2026-04-30,AUDUSD,0.7148
2026-05-04,AUDUSD,0.71828
2026-05-05,AUDUSD,0.71698
2026-05-06,AUDUSD,0.72435
2026-05-07,AUDUSD,0.72569
2026-05-08,AUDUSD,0.72335
2026-05-11,AUDUSD,0.72404
2026-05-12,AUDUSD,0.72225
2026-05-13,AUDUSD,0.72503
2026-05-14,AUDUSD,0.72404
2026-05-15,AUDUSD,0.71491
2026-05-18,AUDUSD,0.71654
2026-05-19,AUDUSD,0.7117
2026-05-20,AUDUSD,0.71292
2026-05-21,AUDUSD,0.71278
2026-05-22,AUDUSD,0.71209
2026-05-25,AUDUSD,0.71693
2026-05-26,AUDUSD,0.71656
2026-05-27,AUDUSD,0.71301
2026-05-28,AUDUSD,0.71191
2026-05-29,AUDUSD,0.71708
2026-06-01,AUDUSD,0.71738
2026-06-02,AUDUSD,0.71814
2026-06-03,AUDUSD,0.71612
2026-06-04,AUDUSD,0.71424
2026-06-05,AUDUSD,0.71407
2026-06-08,AUDUSD,0.7075
2026-06-09,AUDUSD,0.70606
2026-06-10,AUDUSD,0.70039
2026-06-11,AUDUSD,0.69976
2026-06-12,AUDUSD,0.7035
2026-06-15,AUDUSD,0.70671
2026-06-16,AUDUSD,0.70648
2026-06-17,AUDUSD,0.70599
2026-06-18,AUDUSD,0.70046
2026-06-19,AUDUSD,0.70143
2026-06-22,AUDUSD,0.70084
2026-06-23,AUDUSD,0.69366
2026-06-24,AUDUSD,0.68995
2026-06-25,AUDUSD,0.68932
2026-06-26,AUDUSD,0.69022
2026-06-29,AUDUSD,0.68998
2026-06-30,AUDUSD,0.68871
2026-07-01,AUDUSD,0.68913
2026-07-02,AUDUSD,0.68893
2026-07-03,AUDUSD,0.69382
2026-07-06,AUDUSD,0.69342
2026-07-07,AUDUSD,0.6948
2026-07-08,AUDUSD,0.69237
2026-07-09,AUDUSD,0.69396
2026-07-10,AUDUSD,0.69496
2026-07-13,AUDUSD,0.6943
2026-07-14,AUDUSD,0.69424
2026-07-15,AUDUSD,0.69826
2026-07-16,AUDUSD,0.70083
2026-07-17,AUDUSD,0.69751
2026-07-20,AUDUSD,0.70068
2026-07-21,AUDUSD,0.70152
2026-07-22,AUDUSD,0.69936
2026-07-23,AUDUSD,0.69928
2025-07-18,AUDJPY,96.87
2025-07-21,AUDJPY,96.19
2025-07-22,AUDJPY,95.95
2025-07-23,AUDJPY,96.5
2025-07-24,AUDJPY,96.91
2025-07-25,AUDJPY,96.97
2025-07-28,AUDJPY,96.71
2025-07-29,AUDJPY,96.65
2025-07-30,AUDJPY,96.18
2025-07-31,AUDJPY,96.57
2025-08-01,AUDJPY,96.65
2025-08-04,AUDJPY,95.51
2025-08-05,AUDJPY,95.42
2025-08-06,AUDJPY,95.95
2025-08-07,AUDJPY,96.12
2025-08-08,AUDJPY,96.42
2025-08-11,AUDJPY,96.24
2025-08-12,AUDJPY,96.33
2025-08-13,AUDJPY,96.5
2025-08-14,AUDJPY,95.6
2025-08-15,AUDJPY,95.73
2025-08-18,AUDJPY,96.07
2025-08-19,AUDJPY,95.96
2025-08-20,AUDJPY,94.93
2025-08-21,AUDJPY,94.98
2025-08-22,AUDJPY,95.53
2025-08-25,AUDJPY,95.73
2025-08-26,AUDJPY,95.66
2025-08-27,AUDJPY,95.8
2025-08-28,AUDJPY,95.91
2025-08-29,AUDJPY,96.12
2025-09-01,AUDJPY,96.43
2025-09-02,AUDJPY,96.72
2025-09-03,AUDJPY,97.16
2025-09-04,AUDJPY,96.68
2025-09-05,AUDJPY,96.86
2025-09-08,AUDJPY,97.42
2025-09-09,AUDJPY,96.99
2025-09-10,AUDJPY,97.44
2025-09-11,AUDJPY,97.69
2025-09-12,AUDJPY,98.23
2025-09-15,AUDJPY,98.18
2025-09-16,AUDJPY,98.06
2025-09-17,AUDJPY,97.74
2025-09-18,AUDJPY,97.99
2025-09-19,AUDJPY,97.62
2025-09-22,AUDJPY,97.49
2025-09-23,AUDJPY,97.63
2025-09-24,AUDJPY,98.09
2025-09-25,AUDJPY,97.97
2025-09-26,AUDJPY,97.75
2025-09-29,AUDJPY,97.64
2025-09-30,AUDJPY,97.84
2025-10-01,AUDJPY,97.22
2025-10-02,AUDJPY,97
2025-10-03,AUDJPY,97.29
2025-10-06,AUDJPY,99.01
2025-10-07,AUDJPY,99.42
2025-10-08,AUDJPY,100.36
2025-10-09,AUDJPY,100.8
2025-10-10,AUDJPY,99.98
2025-10-13,AUDJPY,99
2025-10-14,AUDJPY,98.13
2025-10-15,AUDJPY,98.73
2025-10-16,AUDJPY,98.31
2025-10-17,AUDJPY,97.64
2025-10-20,AUDJPY,97.81
2025-10-21,AUDJPY,98.66
2025-10-22,AUDJPY,98.48
2025-10-23,AUDJPY,99.27
2025-10-24,AUDJPY,99.4
2025-10-27,AUDJPY,100.26
2025-10-28,AUDJPY,99.81
2025-10-29,AUDJPY,100.43
2025-10-30,AUDJPY,100.93
2025-10-31,AUDJPY,100.8
2025-11-03,AUDJPY,100.91
2025-11-04,AUDJPY,99.71
2025-11-05,AUDJPY,99.68
2025-11-06,AUDJPY,100.1
2025-11-07,AUDJPY,99.22
2025-11-10,AUDJPY,100.68
2025-11-11,AUDJPY,100.61
2025-11-12,AUDJPY,101.26
2025-11-13,AUDJPY,101.33
2025-11-14,AUDJPY,100.42
2025-11-17,AUDJPY,100.89
2025-11-18,AUDJPY,100.92
2025-11-19,AUDJPY,101.3
2025-11-20,AUDJPY,102.1
2025-11-21,AUDJPY,101.02
2025-11-24,AUDJPY,101.36
2025-11-25,AUDJPY,100.92
2025-11-26,AUDJPY,101.63
2025-11-27,AUDJPY,102.02
2025-11-28,AUDJPY,101.9
2025-12-01,AUDJPY,101.62
2025-12-02,AUDJPY,102.27
2025-12-03,AUDJPY,102.42
2025-12-04,AUDJPY,102.25
2025-12-05,AUDJPY,103.02
2025-12-08,AUDJPY,103.31
2025-12-09,AUDJPY,103.79
2025-12-10,AUDJPY,104.11
2025-12-11,AUDJPY,103.55
2025-12-12,AUDJPY,104.01
2025-12-15,AUDJPY,103.19
2025-12-16,AUDJPY,102.65
2025-12-17,AUDJPY,103.02
2025-12-18,AUDJPY,102.94
2025-12-19,AUDJPY,103.81
2025-12-22,AUDJPY,104.58
2025-12-23,AUDJPY,104.44
2025-12-24,AUDJPY,104.53
2025-12-29,AUDJPY,104.63
2025-12-30,AUDJPY,104.59
2025-12-31,AUDJPY,104.71
2026-01-02,AUDJPY,105.06
2026-01-05,AUDJPY,104.58
2026-01-06,AUDJPY,105.12
2026-01-07,AUDJPY,105.32
2026-01-08,AUDJPY,104.96
2026-01-09,AUDJPY,105.22
2026-01-12,AUDJPY,105.93
2026-01-13,AUDJPY,106.43
2026-01-14,AUDJPY,105.91
2026-01-15,AUDJPY,106.03
2026-01-16,AUDJPY,105.9
2026-01-19,AUDJPY,105.92
2026-01-20,AUDJPY,106.3
2026-01-21,AUDJPY,106.82
2026-01-22,AUDJPY,108.09
2026-01-23,AUDJPY,108.58
2026-01-26,AUDJPY,106.53
2026-01-27,AUDJPY,106.55
2026-01-28,AUDJPY,106.83
2026-01-29,AUDJPY,108.34
2026-01-30,AUDJPY,107.99
2026-02-02,AUDJPY,107.73
2026-02-03,AUDJPY,109.28
2026-02-04,AUDJPY,110.12
2026-02-05,AUDJPY,109.39
2026-02-06,AUDJPY,109.76
2026-02-09,AUDJPY,110.22
2026-02-10,AUDJPY,109.63
2026-02-11,AUDJPY,109.21
2026-02-12,AUDJPY,109.44
2026-02-13,AUDJPY,108.08
2026-02-16,AUDJPY,108.65
2026-02-17,AUDJPY,107.93
2026-02-18,AUDJPY,108.66
2026-02-19,AUDJPY,109.03
2026-02-20,AUDJPY,109.38
2026-02-23,AUDJPY,109.45
2026-02-24,AUDJPY,109.78
2026-02-25,AUDJPY,111.15
2026-02-26,AUDJPY,111.12
2026-02-27,AUDJPY,110.84
2026-03-02,AUDJPY,111.1
2026-03-03,AUDJPY,110.67
2026-03-04,AUDJPY,110.9
2026-03-05,AUDJPY,110.99
2026-03-06,AUDJPY,110.64
2026-03-09,AUDJPY,111.24
2026-03-10,AUDJPY,112.3
2026-03-11,AUDJPY,113.39
2026-03-12,AUDJPY,113.3
2026-03-13,AUDJPY,112.23
2026-03-16,AUDJPY,112.25
2026-03-17,AUDJPY,112.95
2026-03-18,AUDJPY,112.54
2026-03-19,AUDJPY,111.24
2026-03-20,AUDJPY,112.2
2026-03-23,AUDJPY,111.3
2026-03-24,AUDJPY,110.44
2026-03-25,AUDJPY,110.69
2026-03-26,AUDJPY,110.34
2026-03-27,AUDJPY,110.07
2026-03-30,AUDJPY,109.39
2026-03-31,AUDJPY,109.86
2026-04-01,AUDJPY,110.09
2026-04-02,AUDJPY,109.68
2026-04-07,AUDJPY,110.85
2026-04-08,AUDJPY,111.6
2026-04-09,AUDJPY,111.91
2026-04-10,AUDJPY,112.57
2026-04-13,AUDJPY,112.43
2026-04-14,AUDJPY,113.14
2026-04-15,AUDJPY,113.53
2026-04-16,AUDJPY,114.04
2026-04-17,AUDJPY,114.2
2026-04-20,AUDJPY,113.73
2026-04-21,AUDJPY,113.95
2026-04-22,AUDJPY,113.88
2026-04-23,AUDJPY,114.09
2026-04-24,AUDJPY,113.9
2026-04-27,AUDJPY,114.5
2026-04-28,AUDJPY,114.28
2026-04-29,AUDJPY,114.45
2026-04-30,AUDJPY,111.91
2026-05-04,AUDJPY,112.86
2026-05-05,AUDJPY,113.15
2026-05-06,AUDJPY,113.15
2026-05-07,AUDJPY,113.49
2026-05-08,AUDJPY,113.4
2026-05-11,AUDJPY,113.77
2026-05-12,AUDJPY,113.82
2026-05-13,AUDJPY,114.39
2026-05-14,AUDJPY,114.36
2026-05-15,AUDJPY,113.35
2026-05-18,AUDJPY,113.76
2026-05-19,AUDJPY,113.24
2026-05-20,AUDJPY,113.38
2026-05-21,AUDJPY,113.43
2026-05-22,AUDJPY,113.33
2026-05-25,AUDJPY,113.94
2026-05-26,AUDJPY,114.08
2026-05-27,AUDJPY,113.67
2026-05-28,AUDJPY,113.52
2026-05-29,AUDJPY,114.21
2026-06-01,AUDJPY,114.41
2026-06-02,AUDJPY,114.72
2026-06-03,AUDJPY,114.48
2026-06-04,AUDJPY,114.14
2026-06-05,AUDJPY,114.15
2026-06-08,AUDJPY,113.18
2026-06-09,AUDJPY,113.08
2026-06-10,AUDJPY,112.41
2026-06-11,AUDJPY,112.34
2026-06-12,AUDJPY,112.7
2026-06-15,AUDJPY,113.21
2026-06-16,AUDJPY,113.3
2026-06-17,AUDJPY,113.18
2026-06-18,AUDJPY,112.72
2026-06-19,AUDJPY,113.09
2026-06-22,AUDJPY,113.38
2026-06-23,AUDJPY,112.05
2026-06-24,AUDJPY,111.55
2026-06-25,AUDJPY,111.57
2026-06-26,AUDJPY,111.58
2026-06-29,AUDJPY,111.68
2026-06-30,AUDJPY,111.87
2026-07-01,AUDJPY,112.13
2026-07-02,AUDJPY,111.32
2026-07-03,AUDJPY,111.81
2026-07-06,AUDJPY,112.57
2026-07-07,AUDJPY,112.48
2026-07-08,AUDJPY,112.5
2026-07-09,AUDJPY,112.71
2026-07-10,AUDJPY,112.49
2026-07-13,AUDJPY,112.57
2026-07-14,AUDJPY,112.62
2026-07-15,AUDJPY,113.39
2026-07-16,AUDJPY,113.67
2026-07-17,AUDJPY,113.24
2026-07-20,AUDJPY,113.78
2026-07-21,AUDJPY,114.17
2026-07-22,AUDJPY,114.04
2026-07-23,AUDJPY,114.31
2025-07-18,AUDNZD,1.0919
2025-07-21,AUDNZD,1.0924
2025-07-22,AUDNZD,1.0939
2025-07-23,AUDNZD,1.0919
2025-07-24,AUDNZD,1.0932
2025-07-25,AUDNZD,1.0921
2025-07-28,AUDNZD,1.0915
2025-07-29,AUDNZD,1.0927
2025-07-30,AUDNZD,1.0909
2025-07-31,AUDNZD,1.0908
2025-08-01,AUDNZD,1.0957
2025-08-04,AUDNZD,1.0951
2025-08-05,AUDNZD,1.0965
2025-08-06,AUDNZD,1.0966
2025-08-07,AUDNZD,1.0957
2025-08-08,AUDNZD,1.0955
2025-08-11,AUDNZD,1.0974
2025-08-12,AUDNZD,1.096
2025-08-13,AUDNZD,1.095
2025-08-14,AUDNZD,1.0966
2025-08-15,AUDNZD,1.0986
2025-08-18,AUDNZD,1.0967
2025-08-19,AUDNZD,1.0955
2025-08-20,AUDNZD,1.1044
2025-08-21,AUDNZD,1.1031
2025-08-22,AUDNZD,1.1057
2025-08-25,AUDNZD,1.1068
2025-08-26,AUDNZD,1.1084
2025-08-27,AUDNZD,1.1104
2025-08-28,AUDNZD,1.1114
2025-08-29,AUDNZD,1.1089
2025-09-01,AUDNZD,1.1106
2025-09-02,AUDNZD,1.1115
2025-09-03,AUDNZD,1.1141
2025-09-04,AUDNZD,1.1129
2025-09-05,AUDNZD,1.1137
2025-09-08,AUDNZD,1.1102
2025-09-09,AUDNZD,1.1109
2025-09-10,AUDNZD,1.112
2025-09-11,AUDNZD,1.1139
2025-09-12,AUDNZD,1.1165
2025-09-15,AUDNZD,1.1169
2025-09-16,AUDNZD,1.1165
2025-09-17,AUDNZD,1.1161
2025-09-18,AUDNZD,1.1264
2025-09-19,AUDNZD,1.1251
2025-09-22,AUDNZD,1.1253
2025-09-23,AUDNZD,1.1265
2025-09-24,AUDNZD,1.132
2025-09-25,AUDNZD,1.1328
2025-09-26,AUDNZD,1.1329
2025-09-29,AUDNZD,1.135
2025-09-30,AUDNZD,1.1406
2025-10-01,AUDNZD,1.1377
2025-10-02,AUDNZD,1.1336
2025-10-03,AUDNZD,1.1323
2025-10-06,AUDNZD,1.1335
2025-10-07,AUDNZD,1.1346
2025-10-08,AUDNZD,1.138
2025-10-09,AUDNZD,1.1419
2025-10-10,AUDNZD,1.1394
2025-10-13,AUDNZD,1.1376
2025-10-14,AUDNZD,1.1342
2025-10-15,AUDNZD,1.1385
2025-10-16,AUDNZD,1.1329
2025-10-17,AUDNZD,1.1325
2025-10-20,AUDNZD,1.1327
2025-10-21,AUDNZD,1.1343
2025-10-22,AUDNZD,1.1299
2025-10-23,AUDNZD,1.1323
2025-10-24,AUDNZD,1.1317
2025-10-27,AUDNZD,1.1374
2025-10-28,AUDNZD,1.1369
2025-10-29,AUDNZD,1.1411
2025-10-30,AUDNZD,1.141
2025-10-31,AUDNZD,1.1437
2025-11-03,AUDNZD,1.1454
2025-11-04,AUDNZD,1.1474
2025-11-05,AUDNZD,1.1481
2025-11-06,AUDNZD,1.1501
2025-11-07,AUDNZD,1.1531
2025-11-10,AUDNZD,1.1582
2025-11-11,AUDNZD,1.1545
2025-11-12,AUDNZD,1.1546
2025-11-13,AUDNZD,1.1571
2025-11-14,AUDNZD,1.148
2025-11-17,AUDNZD,1.1498
2025-11-18,AUDNZD,1.1474
2025-11-19,AUDNZD,1.153
2025-11-20,AUDNZD,1.1539
2025-11-21,AUDNZD,1.1503
2025-11-24,AUDNZD,1.1484
2025-11-25,AUDNZD,1.1525
2025-11-26,AUDNZD,1.1446
2025-11-27,AUDNZD,1.1422
2025-11-28,AUDNZD,1.1425
2025-12-01,AUDNZD,1.1419
2025-12-02,AUDNZD,1.1451
2025-12-03,AUDNZD,1.1464
2025-12-04,AUDNZD,1.1461
2025-12-05,AUDNZD,1.1489
2025-12-08,AUDNZD,1.1471
2025-12-09,AUDNZD,1.1471
2025-12-10,AUDNZD,1.1492
2025-12-11,AUDNZD,1.1451
2025-12-12,AUDNZD,1.1475
2025-12-15,AUDNZD,1.1483
2025-12-16,AUDNZD,1.1471
2025-12-17,AUDNZD,1.1463
2025-12-18,AUDNZD,1.146
2025-12-19,AUDNZD,1.1506
2025-12-22,AUDNZD,1.1481
2025-12-23,AUDNZD,1.1466
2025-12-24,AUDNZD,1.1484
2025-12-29,AUDNZD,1.1542
2025-12-30,AUDNZD,1.1559
2025-12-31,AUDNZD,1.1592
2026-01-02,AUDNZD,1.1604
2026-01-05,AUDNZD,1.1603
2026-01-06,AUDNZD,1.1613
2026-01-07,AUDNZD,1.1631
2026-01-08,AUDNZD,1.1652
2026-01-09,AUDNZD,1.1662
2026-01-12,AUDNZD,1.1643
2026-01-13,AUDNZD,1.1631
2026-01-14,AUDNZD,1.1635
2026-01-15,AUDNZD,1.1648
2026-01-16,AUDNZD,1.1635
2026-01-19,AUDNZD,1.1589
2026-01-20,AUDNZD,1.1537
2026-01-21,AUDNZD,1.1545
2026-01-22,AUDNZD,1.1578
2026-01-23,AUDNZD,1.1608
2026-01-26,AUDNZD,1.1602
2026-01-27,AUDNZD,1.1596
2026-01-28,AUDNZD,1.1609
2026-01-29,AUDNZD,1.1626
2026-01-30,AUDNZD,1.1564
2026-02-02,AUDNZD,1.1563
2026-02-03,AUDNZD,1.1605
2026-02-04,AUDNZD,1.1658
2026-02-05,AUDNZD,1.1627
2026-02-06,AUDNZD,1.1655
2026-02-09,AUDNZD,1.1687
2026-02-10,AUDNZD,1.1698
2026-02-11,AUDNZD,1.1733
2026-02-12,AUDNZD,1.1745
2026-02-13,AUDNZD,1.1705
2026-02-16,AUDNZD,1.1729
2026-02-17,AUDNZD,1.1697
2026-02-18,AUDNZD,1.1781
2026-02-19,AUDNZD,1.1815
2026-02-20,AUDNZD,1.1836
2026-02-23,AUDNZD,1.1848
2026-02-24,AUDNZD,1.1833
2026-02-25,AUDNZD,1.1872
2026-02-26,AUDNZD,1.1886
2026-02-27,AUDNZD,1.1878
2026-03-02,AUDNZD,1.1888
2026-03-03,AUDNZD,1.1908
2026-03-04,AUDNZD,1.1921
2026-03-05,AUDNZD,1.19
2026-03-06,AUDNZD,1.1931
2026-03-09,AUDNZD,1.1882
2026-03-10,AUDNZD,1.1982
2026-03-11,AUDNZD,1.2085
2026-03-12,AUDNZD,1.2099
2026-03-13,AUDNZD,1.2086
2026-03-16,AUDNZD,1.2074
2026-03-17,AUDNZD,1.2136
2026-03-18,AUDNZD,1.2121
2026-03-19,AUDNZD,1.2071
2026-03-20,AUDNZD,1.2062
2026-03-23,AUDNZD,1.2008
2026-03-24,AUDNZD,1.1948
2026-03-25,AUDNZD,1.1967
2026-03-26,AUDNZD,1.1956
2026-03-27,AUDNZD,1.1965
2026-03-30,AUDNZD,1.1988
2026-03-31,AUDNZD,1.2018
2026-04-01,AUDNZD,1.2045
2026-04-02,AUDNZD,1.2039
2026-04-07,AUDNZD,1.2161
2026-04-08,AUDNZD,1.2089
2026-04-09,AUDNZD,1.2065
2026-04-10,AUDNZD,1.2097
2026-04-13,AUDNZD,1.209
2026-04-14,AUDNZD,1.2074
2026-04-15,AUDNZD,1.2103
2026-04-16,AUDNZD,1.2168
2026-04-17,AUDNZD,1.2186
2026-04-20,AUDNZD,1.2173
2026-04-21,AUDNZD,1.2121
2026-04-22,AUDNZD,1.211
2026-04-23,AUDNZD,1.215
2026-04-24,AUDNZD,1.2163
2026-04-27,AUDNZD,1.2151
2026-04-28,AUDNZD,1.2191
2026-04-29,AUDNZD,1.2225
2026-04-30,AUDNZD,1.219
2026-05-04,AUDNZD,1.2201
2026-05-05,AUDNZD,1.2195
2026-05-06,AUDNZD,1.214
2026-05-07,AUDNZD,1.2138
2026-05-08,AUDNZD,1.2138
2026-05-11,AUDNZD,1.2176
2026-05-12,AUDNZD,1.2148
2026-05-13,AUDNZD,1.2222
2026-05-14,AUDNZD,1.221
2026-05-15,AUDNZD,1.224
2026-05-18,AUDNZD,1.2216
2026-05-19,AUDNZD,1.2176
2026-05-20,AUDNZD,1.2194
2026-05-21,AUDNZD,1.2169
2026-05-22,AUDNZD,1.217
2026-05-25,AUDNZD,1.2204
2026-05-26,AUDNZD,1.2265
2026-05-27,AUDNZD,1.2116
2026-05-28,AUDNZD,1.2081
2026-05-29,AUDNZD,1.2003
2026-06-01,AUDNZD,1.2048
2026-06-02,AUDNZD,1.2094
2026-06-03,AUDNZD,1.2144
2026-06-04,AUDNZD,1.2144
2026-06-05,AUDNZD,1.215
2026-06-08,AUDNZD,1.2134
2026-06-09,AUDNZD,1.2086
2026-06-10,AUDNZD,1.2066
2026-06-11,AUDNZD,1.2094
2026-06-12,AUDNZD,1.2079
2026-06-15,AUDNZD,1.2105
2026-06-16,AUDNZD,1.213
2026-06-17,AUDNZD,1.2153
2026-06-18,AUDNZD,1.2156
2026-06-19,AUDNZD,1.2214
2026-06-22,AUDNZD,1.223
2026-06-23,AUDNZD,1.2218
2026-06-24,AUDNZD,1.2227
2026-06-25,AUDNZD,1.2225
2026-06-26,AUDNZD,1.2218
2026-06-29,AUDNZD,1.2204
2026-06-30,AUDNZD,1.2171
2026-07-01,AUDNZD,1.215
2026-07-02,AUDNZD,1.2149
2026-07-03,AUDNZD,1.2151
2026-07-06,AUDNZD,1.2197
2026-07-07,AUDNZD,1.2208
2026-07-08,AUDNZD,1.2154
2026-07-09,AUDNZD,1.2086
2026-07-10,AUDNZD,1.2044
2026-07-13,AUDNZD,1.2015
2026-07-14,AUDNZD,1.1969
2026-07-15,AUDNZD,1.2004
2026-07-16,AUDNZD,1.1969
2026-07-17,AUDNZD,1.1961
2026-07-20,AUDNZD,1.197
2026-07-21,AUDNZD,1.2001
2026-07-22,AUDNZD,1.2021
2026-07-23,AUDNZD,1.2086
2025-07-18,NZDUSD,0.59765
2025-07-21,NZDUSD,0.59721
2025-07-22,NZDUSD,0.59601
2025-07-23,NZDUSD,0.60415
2025-07-24,NZDUSD,0.60514
2025-07-25,NZDUSD,0.60135
2025-07-28,NZDUSD,0.59804
2025-07-29,NZDUSD,0.59455
2025-07-30,NZDUSD,0.59445
2025-07-31,NZDUSD,0.59076
2025-08-01,NZDUSD,0.58614
2025-08-04,NZDUSD,0.59174
2025-08-05,NZDUSD,0.58956
2025-08-06,NZDUSD,0.59304
2025-08-07,NZDUSD,0.59525
2025-08-08,NZDUSD,0.59544
2025-08-11,NZDUSD,0.59305
2025-08-12,NZDUSD,0.59199
2025-08-13,NZDUSD,0.59845
2025-08-14,NZDUSD,0.59494
2025-08-15,NZDUSD,0.59279
2025-08-18,NZDUSD,0.59359
2025-08-19,NZDUSD,0.5926
2025-08-20,NZDUSD,0.58305
2025-08-21,NZDUSD,0.58236
2025-08-22,NZDUSD,0.58104
2025-08-25,NZDUSD,0.58696
2025-08-26,NZDUSD,0.58564
2025-08-27,NZDUSD,0.58274
2025-08-28,NZDUSD,0.58759
2025-08-29,NZDUSD,0.58846
2025-09-01,NZDUSD,0.58979
2025-09-02,NZDUSD,0.58546
2025-09-03,NZDUSD,0.58685
2025-09-04,NZDUSD,0.58566
2025-09-05,NZDUSD,0.58776
2025-09-08,NZDUSD,0.59349
2025-09-09,NZDUSD,0.5949
2025-09-10,NZDUSD,0.59414
2025-09-11,NZDUSD,0.59276
2025-09-12,NZDUSD,0.59476
2025-09-15,NZDUSD,0.59656
2025-09-16,NZDUSD,0.59755
2025-09-17,NZDUSD,0.59825
2025-09-18,NZDUSD,0.59004
2025-09-19,NZDUSD,0.58595
2025-09-22,NZDUSD,0.586
2025-09-23,NZDUSD,0.58634
2025-09-24,NZDUSD,0.58374
2025-09-25,NZDUSD,0.58114
2025-09-26,NZDUSD,0.5762
2025-09-29,NZDUSD,0.57834
2025-09-30,NZDUSD,0.5796
2025-10-01,NZDUSD,0.58086
2025-10-02,NZDUSD,0.58295
2025-10-03,NZDUSD,0.58314
2025-10-06,NZDUSD,0.58215
2025-10-07,NZDUSD,0.58066
2025-10-08,NZDUSD,0.5776
2025-10-09,NZDUSD,0.57775
2025-10-10,NZDUSD,0.57524
2025-10-13,NZDUSD,0.57216
2025-10-14,NZDUSD,0.56886
2025-10-15,NZDUSD,0.57226
2025-10-16,NZDUSD,0.57359
2025-10-17,NZDUSD,0.57316
2025-10-20,NZDUSD,0.57276
2025-10-21,NZDUSD,0.57214
2025-10-22,NZDUSD,0.57404
2025-10-23,NZDUSD,0.57437
2025-10-24,NZDUSD,0.57445
2025-10-27,NZDUSD,0.57664
2025-10-28,NZDUSD,0.57646
2025-10-29,NZDUSD,0.57836
2025-10-30,NZDUSD,0.5728
2025-10-31,NZDUSD,0.57164
2025-11-03,NZDUSD,0.57124
2025-11-04,NZDUSD,0.56609
2025-11-05,NZDUSD,0.56475
2025-11-06,NZDUSD,0.56665
2025-11-07,NZDUSD,0.56206
2025-11-10,NZDUSD,0.56414
2025-11-11,NZDUSD,0.56524
2025-11-12,NZDUSD,0.56656
2025-11-13,NZDUSD,0.56659
2025-11-14,NZDUSD,0.5685
2025-11-17,NZDUSD,0.56651
2025-11-18,NZDUSD,0.5665
2025-11-19,NZDUSD,0.56269
2025-11-20,NZDUSD,0.56144
2025-11-21,NZDUSD,0.56031
2025-11-24,NZDUSD,0.56227
2025-11-25,NZDUSD,0.56065
2025-11-26,NZDUSD,0.56764
2025-11-27,NZDUSD,0.57139
2025-11-28,NZDUSD,0.57125
2025-12-01,NZDUSD,0.57491
2025-12-02,NZDUSD,0.57229
2025-12-03,NZDUSD,0.575
2025-12-04,NZDUSD,0.5765
2025-12-05,NZDUSD,0.57769
2025-12-08,NZDUSD,0.57899
2025-12-09,NZDUSD,0.57864
2025-12-10,NZDUSD,0.57806
2025-12-11,NZDUSD,0.5812
2025-12-12,NZDUSD,0.58106
2025-12-15,NZDUSD,0.57925
2025-12-16,NZDUSD,0.57879
2025-12-17,NZDUSD,0.57761
2025-12-18,NZDUSD,0.57661
2025-12-19,NZDUSD,0.57384
2025-12-22,NZDUSD,0.57906
2025-12-23,NZDUSD,0.58378
2025-12-24,NZDUSD,0.5836
2025-12-29,NZDUSD,0.57975
2025-12-30,NZDUSD,0.57979
2025-12-31,NZDUSD,0.57655
2026-01-02,NZDUSD,0.57691
2026-01-05,NZDUSD,0.57469
2026-01-06,NZDUSD,0.57864
2026-01-07,NZDUSD,0.57842
2026-01-08,NZDUSD,0.57476
2026-01-09,NZDUSD,0.5724
2026-01-12,NZDUSD,0.57681
2026-01-13,NZDUSD,0.57605
2026-01-14,NZDUSD,0.57386
2026-01-15,NZDUSD,0.57414
2026-01-16,NZDUSD,0.5757
2026-01-19,NZDUSD,0.57871
2026-01-20,NZDUSD,0.58354
2026-01-21,NZDUSD,0.58639
2026-01-22,NZDUSD,0.58795
2026-01-23,NZDUSD,0.59139
2026-01-26,NZDUSD,0.59546
2026-01-27,NZDUSD,0.59924
2026-01-28,NZDUSD,0.60295
2026-01-29,NZDUSD,0.60785
2026-01-30,NZDUSD,0.60626
2026-02-02,NZDUSD,0.60086
2026-02-03,NZDUSD,0.60419
2026-02-04,NZDUSD,0.603
2026-02-05,NZDUSD,0.59961
2026-02-06,NZDUSD,0.5995
2026-02-09,NZDUSD,0.60381
2026-02-10,NZDUSD,0.60416
2026-02-11,NZDUSD,0.606
2026-02-12,NZDUSD,0.60619
2026-02-13,NZDUSD,0.60235
2026-02-16,NZDUSD,0.60414
2026-02-17,NZDUSD,0.60266
2026-02-18,NZDUSD,0.60035
2026-02-19,NZDUSD,0.59575
2026-02-20,NZDUSD,0.59541
2026-02-23,NZDUSD,0.59666
2026-02-24,NZDUSD,0.59531
2026-02-25,NZDUSD,0.59735
2026-02-26,NZDUSD,0.59906
2026-02-27,NZDUSD,0.5983
2026-03-02,NZDUSD,0.59354
2026-03-03,NZDUSD,0.5895
2026-03-04,NZDUSD,0.5921
2026-03-05,NZDUSD,0.59206
2026-03-06,NZDUSD,0.58724
2026-03-09,NZDUSD,0.59066
2026-03-10,NZDUSD,0.59405
2026-03-11,NZDUSD,0.59174
2026-03-12,NZDUSD,0.58949
2026-03-13,NZDUSD,0.5828
2026-03-16,NZDUSD,0.58421
2026-03-17,NZDUSD,0.58554
2026-03-18,NZDUSD,0.5819
2026-03-19,NZDUSD,0.58025
2026-03-20,NZDUSD,0.58586
2026-03-23,NZDUSD,0.58459
2026-03-24,NZDUSD,0.58165
2026-03-25,NZDUSD,0.5819
2026-03-26,NZDUSD,0.57816
2026-03-27,NZDUSD,0.5753
2026-03-30,NZDUSD,0.57225
2026-03-31,NZDUSD,0.57315
2026-04-01,NZDUSD,0.57731
2026-04-02,NZDUSD,0.5708
2026-04-07,NZDUSD,0.57024
2026-04-08,NZDUSD,0.58369
2026-04-09,NZDUSD,0.5837
2026-04-10,NZDUSD,0.58456
2026-04-13,NZDUSD,0.58184
2026-04-14,NZDUSD,0.58989
2026-04-15,NZDUSD,0.58965
2026-04-16,NZDUSD,0.58951
2026-04-17,NZDUSD,0.58891
2026-04-20,NZDUSD,0.58791
2026-04-21,NZDUSD,0.5911
2026-04-22,NZDUSD,0.59061
2026-04-23,NZDUSD,0.58879
2026-04-24,NZDUSD,0.58739
2026-04-27,NZDUSD,0.59186
2026-04-28,NZDUSD,0.58679
2026-04-29,NZDUSD,0.58586
2026-04-30,NZDUSD,0.58636
2026-05-04,NZDUSD,0.58871
2026-05-05,NZDUSD,0.58795
2026-05-06,NZDUSD,0.59666
2026-05-07,NZDUSD,0.59789
2026-05-08,NZDUSD,0.59595
2026-05-11,NZDUSD,0.59464
2026-05-12,NZDUSD,0.59454
2026-05-13,NZDUSD,0.59319
2026-05-14,NZDUSD,0.59299
2026-05-15,NZDUSD,0.58409
2026-05-18,NZDUSD,0.58656
2026-05-19,NZDUSD,0.58451
2026-05-20,NZDUSD,0.58465
2026-05-21,NZDUSD,0.58575
2026-05-22,NZDUSD,0.5851
2026-05-25,NZDUSD,0.58744
2026-05-26,NZDUSD,0.58424
2026-05-27,NZDUSD,0.5885
2026-05-28,NZDUSD,0.58931
2026-05-29,NZDUSD,0.5974
2026-06-01,NZDUSD,0.59546
2026-06-02,NZDUSD,0.59379
2026-06-03,NZDUSD,0.58969
2026-06-04,NZDUSD,0.58815
2026-06-05,NZDUSD,0.5877
2026-06-08,NZDUSD,0.58306
2026-06-09,NZDUSD,0.5842
2026-06-10,NZDUSD,0.58046
2026-06-11,NZDUSD,0.57859
2026-06-12,NZDUSD,0.58243
2026-06-15,NZDUSD,0.58379
2026-06-16,NZDUSD,0.58244
2026-06-17,NZDUSD,0.58094
2026-06-18,NZDUSD,0.57625
2026-06-19,NZDUSD,0.5743
2026-06-22,NZDUSD,0.57306
2026-06-23,NZDUSD,0.56775
2026-06-24,NZDUSD,0.56429
2026-06-25,NZDUSD,0.56386
2026-06-26,NZDUSD,0.56494
2026-06-29,NZDUSD,0.56535
2026-06-30,NZDUSD,0.56585
2026-07-01,NZDUSD,0.56719
2026-07-02,NZDUSD,0.56709
2026-07-03,NZDUSD,0.571
2026-07-06,NZDUSD,0.5685
2026-07-07,NZDUSD,0.56915
2026-07-08,NZDUSD,0.56966
2026-07-09,NZDUSD,0.57416
2026-07-10,NZDUSD,0.57704
2026-07-13,NZDUSD,0.57785
2026-07-14,NZDUSD,0.58005
2026-07-15,NZDUSD,0.5817
2026-07-16,NZDUSD,0.58556
2026-07-17,NZDUSD,0.58315
2026-07-20,NZDUSD,0.58535
2026-07-21,NZDUSD,0.58455
2026-07-22,NZDUSD,0.5818
2026-07-23,NZDUSD,0.5786
2025-07-18,NZDJPY,88.72
2025-07-21,NZDJPY,88.05
2025-07-22,NZDJPY,87.71
2025-07-23,NZDJPY,88.38
2025-07-24,NZDJPY,88.65
2025-07-25,NZDJPY,88.79
2025-07-28,NZDJPY,88.6
2025-07-29,NZDJPY,88.45
2025-07-30,NZDJPY,88.16
2025-07-31,NZDJPY,88.53
2025-08-01,NZDJPY,88.2
2025-08-04,NZDJPY,87.21
2025-08-05,NZDJPY,87.02
2025-08-06,NZDJPY,87.5
2025-08-07,NZDJPY,87.73
2025-08-08,NZDJPY,88.02
2025-08-11,NZDJPY,87.7
2025-08-12,NZDJPY,87.89
2025-08-13,NZDJPY,88.13
2025-08-14,NZDJPY,87.18
2025-08-15,NZDJPY,87.14
2025-08-18,NZDJPY,87.6
2025-08-19,NZDJPY,87.59
2025-08-20,NZDJPY,85.96
2025-08-21,NZDJPY,86.11
2025-08-22,NZDJPY,86.4
2025-08-25,NZDJPY,86.49
2025-08-26,NZDJPY,86.3
2025-08-27,NZDJPY,86.27
2025-08-28,NZDJPY,86.3
2025-08-29,NZDJPY,86.68
2025-09-01,NZDJPY,86.83
2025-09-02,NZDJPY,87.02
2025-09-03,NZDJPY,87.21
2025-09-04,NZDJPY,86.87
2025-09-05,NZDJPY,86.98
2025-09-08,NZDJPY,87.74
2025-09-09,NZDJPY,87.31
2025-09-10,NZDJPY,87.63
2025-09-11,NZDJPY,87.7
2025-09-12,NZDJPY,87.98
2025-09-15,NZDJPY,87.91
2025-09-16,NZDJPY,87.83
2025-09-17,NZDJPY,87.58
2025-09-18,NZDJPY,86.99
2025-09-19,NZDJPY,86.77
2025-09-22,NZDJPY,86.63
2025-09-23,NZDJPY,86.66
2025-09-24,NZDJPY,86.65
2025-09-25,NZDJPY,86.49
2025-09-26,NZDJPY,86.29
2025-09-29,NZDJPY,86.03
2025-09-30,NZDJPY,85.78
2025-10-01,NZDJPY,85.45
2025-10-02,NZDJPY,85.57
2025-10-03,NZDJPY,85.93
2025-10-06,NZDJPY,87.35
2025-10-07,NZDJPY,87.63
2025-10-08,NZDJPY,88.19
2025-10-09,NZDJPY,88.27
2025-10-10,NZDJPY,87.75
2025-10-13,NZDJPY,87.03
2025-10-14,NZDJPY,86.52
2025-10-15,NZDJPY,86.73
2025-10-16,NZDJPY,86.77
2025-10-17,NZDJPY,86.21
2025-10-20,NZDJPY,86.35
2025-10-21,NZDJPY,86.98
2025-10-22,NZDJPY,87.15
2025-10-23,NZDJPY,87.66
2025-10-24,NZDJPY,87.84
2025-10-27,NZDJPY,88.15
2025-10-28,NZDJPY,87.79
2025-10-29,NZDJPY,88.01
2025-10-30,NZDJPY,88.46
2025-10-31,NZDJPY,88.14
2025-11-03,NZDJPY,88.1
2025-11-04,NZDJPY,86.9
2025-11-05,NZDJPY,86.82
2025-11-06,NZDJPY,87.04
2025-11-07,NZDJPY,86.05
2025-11-10,NZDJPY,86.93
2025-11-11,NZDJPY,87.15
2025-11-12,NZDJPY,87.7
2025-11-13,NZDJPY,87.57
2025-11-14,NZDJPY,87.47
2025-11-17,NZDJPY,87.75
2025-11-18,NZDJPY,87.95
2025-11-19,NZDJPY,87.86
2025-11-20,NZDJPY,88.49
2025-11-21,NZDJPY,87.82
2025-11-24,NZDJPY,88.27
2025-11-25,NZDJPY,87.57
2025-11-26,NZDJPY,88.79
2025-11-27,NZDJPY,89.32
2025-11-28,NZDJPY,89.18
2025-12-01,NZDJPY,89
2025-12-02,NZDJPY,89.32
2025-12-03,NZDJPY,89.34
2025-12-04,NZDJPY,89.22
2025-12-05,NZDJPY,89.67
2025-12-08,NZDJPY,90.06
2025-12-09,NZDJPY,90.48
2025-12-10,NZDJPY,90.59
2025-12-11,NZDJPY,90.42
2025-12-12,NZDJPY,90.64
2025-12-15,NZDJPY,89.86
2025-12-16,NZDJPY,89.49
2025-12-17,NZDJPY,89.87
2025-12-18,NZDJPY,89.82
2025-12-19,NZDJPY,90.23
2025-12-22,NZDJPY,91.1
2025-12-23,NZDJPY,91.08
2025-12-24,NZDJPY,91.02
2025-12-29,NZDJPY,90.65
2025-12-30,NZDJPY,90.48
2025-12-31,NZDJPY,90.33
2026-01-02,NZDJPY,90.54
2026-01-05,NZDJPY,90.13
2026-01-06,NZDJPY,90.52
2026-01-07,NZDJPY,90.55
2026-01-08,NZDJPY,90.08
2026-01-09,NZDJPY,90.23
2026-01-12,NZDJPY,90.98
2026-01-13,NZDJPY,91.5
2026-01-14,NZDJPY,91.03
2026-01-15,NZDJPY,91.04
2026-01-16,NZDJPY,91.02
2026-01-19,NZDJPY,91.4
2026-01-20,NZDJPY,92.14
2026-01-21,NZDJPY,92.53
2026-01-22,NZDJPY,93.36
2026-01-23,NZDJPY,93.53
2026-01-26,NZDJPY,91.82
2026-01-27,NZDJPY,91.89
2026-01-28,NZDJPY,92.03
2026-01-29,NZDJPY,93.19
2026-01-30,NZDJPY,93.38
2026-02-02,NZDJPY,93.17
2026-02-03,NZDJPY,94.16
2026-02-04,NZDJPY,94.45
2026-02-05,NZDJPY,94.08
2026-02-06,NZDJPY,94.17
2026-02-09,NZDJPY,94.31
2026-02-10,NZDJPY,93.72
2026-02-11,NZDJPY,93.08
2026-02-12,NZDJPY,93.18
2026-02-13,NZDJPY,92.33
2026-02-16,NZDJPY,92.64
2026-02-17,NZDJPY,92.27
2026-02-18,NZDJPY,92.24
2026-02-19,NZDJPY,92.28
2026-02-20,NZDJPY,92.41
2026-02-23,NZDJPY,92.37
2026-02-24,NZDJPY,92.77
2026-02-25,NZDJPY,93.63
2026-02-26,NZDJPY,93.49
2026-02-27,NZDJPY,93.32
2026-03-02,NZDJPY,93.45
2026-03-03,NZDJPY,92.94
2026-03-04,NZDJPY,93.03
2026-03-05,NZDJPY,93.27
2026-03-06,NZDJPY,92.74
2026-03-09,NZDJPY,93.62
2026-03-10,NZDJPY,93.73
2026-03-11,NZDJPY,93.83
2026-03-12,NZDJPY,93.64
2026-03-13,NZDJPY,92.86
2026-03-16,NZDJPY,92.97
2026-03-17,NZDJPY,93.07
2026-03-18,NZDJPY,92.85
2026-03-19,NZDJPY,92.15
2026-03-20,NZDJPY,93.02
2026-03-23,NZDJPY,92.69
2026-03-24,NZDJPY,92.44
2026-03-25,NZDJPY,92.5
2026-03-26,NZDJPY,92.29
2026-03-27,NZDJPY,91.99
2026-03-30,NZDJPY,91.25
2026-03-31,NZDJPY,91.42
2026-04-01,NZDJPY,91.4
2026-04-02,NZDJPY,91.1
2026-04-07,NZDJPY,91.15
2026-04-08,NZDJPY,92.31
2026-04-09,NZDJPY,92.76
2026-04-10,NZDJPY,93.06
2026-04-13,NZDJPY,93
2026-04-14,NZDJPY,93.7
2026-04-15,NZDJPY,93.81
2026-04-16,NZDJPY,93.72
2026-04-17,NZDJPY,93.71
2026-04-20,NZDJPY,93.43
2026-04-21,NZDJPY,94.01
2026-04-22,NZDJPY,94.04
2026-04-23,NZDJPY,93.9
2026-04-24,NZDJPY,93.64
2026-04-27,NZDJPY,94.23
2026-04-28,NZDJPY,93.74
2026-04-29,NZDJPY,93.61
2026-04-30,NZDJPY,91.8
2026-05-04,NZDJPY,92.5
2026-05-05,NZDJPY,92.79
2026-05-06,NZDJPY,93.21
2026-05-07,NZDJPY,93.5
2026-05-08,NZDJPY,93.42
2026-05-11,NZDJPY,93.44
2026-05-12,NZDJPY,93.69
2026-05-13,NZDJPY,93.59
2026-05-14,NZDJPY,93.66
2026-05-15,NZDJPY,92.61
2026-05-18,NZDJPY,93.13
2026-05-19,NZDJPY,93
2026-05-20,NZDJPY,92.98
2026-05-21,NZDJPY,93.22
2026-05-22,NZDJPY,93.12
2026-05-25,NZDJPY,93.36
2026-05-26,NZDJPY,93.01
2026-05-27,NZDJPY,93.82
2026-05-28,NZDJPY,93.97
2026-05-29,NZDJPY,95.15
2026-06-01,NZDJPY,94.97
2026-06-02,NZDJPY,94.86
2026-06-03,NZDJPY,94.27
2026-06-04,NZDJPY,93.99
2026-06-05,NZDJPY,93.95
2026-06-08,NZDJPY,93.27
2026-06-09,NZDJPY,93.56
2026-06-10,NZDJPY,93.16
2026-06-11,NZDJPY,92.88
2026-06-12,NZDJPY,93.3
2026-06-15,NZDJPY,93.52
2026-06-16,NZDJPY,93.41
2026-06-17,NZDJPY,93.13
2026-06-18,NZDJPY,92.73
2026-06-19,NZDJPY,92.59
2026-06-22,NZDJPY,92.71
2026-06-23,NZDJPY,91.71
2026-06-24,NZDJPY,91.24
2026-06-25,NZDJPY,91.26
2026-06-26,NZDJPY,91.32
2026-06-29,NZDJPY,91.51
2026-06-30,NZDJPY,91.91
2026-07-01,NZDJPY,92.29
2026-07-02,NZDJPY,91.63
2026-07-03,NZDJPY,92.01
2026-07-06,NZDJPY,92.29
2026-07-07,NZDJPY,92.14
2026-07-08,NZDJPY,92.56
2026-07-09,NZDJPY,93.25
2026-07-10,NZDJPY,93.41
2026-07-13,NZDJPY,93.69
2026-07-14,NZDJPY,94.1
2026-07-15,NZDJPY,94.46
2026-07-16,NZDJPY,94.98
2026-07-17,NZDJPY,94.68
2026-07-20,NZDJPY,95.05
2026-07-21,NZDJPY,95.13
2026-07-22,NZDJPY,94.87
2026-07-23,NZDJPY,94.59
2025-07-18,CADJPY,108.2
2025-07-21,CADJPY,107.58
2025-07-22,CADJPY,107.65
2025-07-23,CADJPY,107.69
2025-07-24,CADJPY,107.58
2025-07-25,CADJPY,107.96
2025-07-28,CADJPY,107.96
2025-07-29,CADJPY,108
2025-07-30,CADJPY,107.52
2025-07-31,CADJPY,108.3
2025-08-01,CADJPY,108.46
2025-08-04,CADJPY,106.97
2025-08-05,CADJPY,106.99
2025-08-06,CADJPY,107.23
2025-08-07,CADJPY,107.24
2025-08-08,CADJPY,107.59
2025-08-11,CADJPY,107.28
2025-08-12,CADJPY,107.59
2025-08-13,CADJPY,107.03
2025-08-14,CADJPY,106.31
2025-08-15,CADJPY,106.58
2025-08-18,CADJPY,107.01
2025-08-19,CADJPY,107.03
2025-08-20,CADJPY,106.32
2025-08-21,CADJPY,106.46
2025-08-22,CADJPY,106.87
2025-08-25,CADJPY,106.59
2025-08-26,CADJPY,106.44
2025-08-27,CADJPY,106.89
2025-08-28,CADJPY,106.76
2025-08-29,CADJPY,107.12
2025-09-01,CADJPY,107.09
2025-09-02,CADJPY,107.81
2025-09-03,CADJPY,107.7
2025-09-04,CADJPY,107.34
2025-09-05,CADJPY,107.26
2025-09-08,CADJPY,107.1
2025-09-09,CADJPY,106.26
2025-09-10,CADJPY,106.43
2025-09-11,CADJPY,106.57
2025-09-12,CADJPY,106.82
2025-09-15,CADJPY,106.62
2025-09-16,CADJPY,106.91
2025-09-17,CADJPY,106.43
2025-09-18,CADJPY,106.97
2025-09-19,CADJPY,107.19
2025-09-22,CADJPY,107.04
2025-09-23,CADJPY,106.89
2025-09-24,CADJPY,107.05
2025-09-25,CADJPY,107.11
2025-09-26,CADJPY,107.36
2025-09-29,CADJPY,106.77
2025-09-30,CADJPY,106.3
2025-10-01,CADJPY,105.57
2025-10-02,CADJPY,105.28
2025-10-03,CADJPY,105.51
2025-10-06,CADJPY,107.47
2025-10-07,CADJPY,108.14
2025-10-08,CADJPY,109.52
2025-10-09,CADJPY,109.52
2025-10-10,CADJPY,108.81
2025-10-13,CADJPY,108.58
2025-10-14,CADJPY,108.14
2025-10-15,CADJPY,107.9
2025-10-16,CADJPY,107.65
2025-10-17,CADJPY,107.18
2025-10-20,CADJPY,107.35
2025-10-21,CADJPY,108.24
2025-10-22,CADJPY,108.23
2025-10-23,CADJPY,109.08
2025-10-24,CADJPY,109.02
2025-10-27,CADJPY,109.32
2025-10-28,CADJPY,108.76
2025-10-29,CADJPY,109.26
2025-10-30,CADJPY,110.25
2025-10-31,CADJPY,109.92
2025-11-03,CADJPY,109.81
2025-11-04,CADJPY,109.03
2025-11-05,CADJPY,108.8
2025-11-06,CADJPY,109
2025-11-07,CADJPY,108.51
2025-11-10,CADJPY,109.98
2025-11-11,CADJPY,109.93
2025-11-12,CADJPY,110.5
2025-11-13,CADJPY,110.36
2025-11-14,CADJPY,109.74
2025-11-17,CADJPY,110.37
2025-11-18,CADJPY,110.68
2025-11-19,CADJPY,111.43
2025-11-20,CADJPY,112.06
2025-11-21,CADJPY,111.28
2025-11-24,CADJPY,111.32
2025-11-25,CADJPY,110.68
2025-11-26,CADJPY,111.04
2025-11-27,CADJPY,111.29
2025-11-28,CADJPY,111.39
2025-12-01,CADJPY,110.88
2025-12-02,CADJPY,111.45
2025-12-03,CADJPY,111.42
2025-12-04,CADJPY,110.77
2025-12-05,CADJPY,111.37
2025-12-08,CADJPY,112.67
2025-12-09,CADJPY,112.92
2025-12-10,CADJPY,113.19
2025-12-11,CADJPY,112.75
2025-12-12,CADJPY,113.38
2025-12-15,CADJPY,112.76
2025-12-16,CADJPY,112.35
2025-12-17,CADJPY,112.82
2025-12-18,CADJPY,112.96
2025-12-19,CADJPY,113.99
2025-12-22,CADJPY,114.28
2025-12-23,CADJPY,113.88
2025-12-24,CADJPY,113.98
2025-12-29,CADJPY,114.22
2025-12-30,CADJPY,113.93
2025-12-31,CADJPY,114.43
2026-01-02,CADJPY,114.27
2026-01-05,CADJPY,113.71
2026-01-06,CADJPY,113.55
2026-01-07,CADJPY,113.36
2026-01-08,CADJPY,113.06
2026-01-09,CADJPY,113.54
2026-01-12,CADJPY,113.71
2026-01-13,CADJPY,114.47
2026-01-14,CADJPY,114.31
2026-01-15,CADJPY,114.04
2026-01-16,CADJPY,113.83
2026-01-19,CADJPY,113.75
2026-01-20,CADJPY,114.2
2026-01-21,CADJPY,114.4
2026-01-22,CADJPY,114.95
2026-01-23,CADJPY,114.91
2026-01-26,CADJPY,112.46
2026-01-27,CADJPY,112.11
2026-01-28,CADJPY,112.52
2026-01-29,CADJPY,113.36
2026-01-30,CADJPY,113.89
2026-02-02,CADJPY,113.63
2026-02-03,CADJPY,114.12
2026-02-04,CADJPY,114.73
2026-02-05,CADJPY,114.66
2026-02-06,CADJPY,114.95
2026-02-09,CADJPY,114.78
2026-02-10,CADJPY,114.31
2026-02-11,CADJPY,113.27
2026-02-12,CADJPY,113.17
2026-02-13,CADJPY,112.51
2026-02-16,CADJPY,112.53
2026-02-17,CADJPY,112.12
2026-02-18,CADJPY,112.59
2026-02-19,CADJPY,113.03
2026-02-20,CADJPY,113.35
2026-02-23,CADJPY,113.09
2026-02-24,CADJPY,113.65
2026-02-25,CADJPY,114.49
2026-02-26,CADJPY,114.13
2026-02-27,CADJPY,114.09
2026-03-02,CADJPY,115.18
2026-03-03,CADJPY,115.2
2026-03-04,CADJPY,115.03
2026-03-05,CADJPY,115.64
2026-03-06,CADJPY,115.68
2026-03-09,CADJPY,116.8
2026-03-10,CADJPY,116.42
2026-03-11,CADJPY,116.65
2026-03-12,CADJPY,116.79
2026-03-13,CADJPY,116.27
2026-03-16,CADJPY,116.32
2026-03-17,CADJPY,115.98
2026-03-18,CADJPY,116.32
2026-03-19,CADJPY,115.7
2026-03-20,CADJPY,115.75
2026-03-23,CADJPY,115.66
2026-03-24,CADJPY,115.59
2026-03-25,CADJPY,115.33
2026-03-26,CADJPY,115.38
2026-03-27,CADJPY,115.29
2026-03-30,CADJPY,114.54
2026-03-31,CADJPY,114.46
2026-04-01,CADJPY,113.95
2026-04-02,CADJPY,114.75
2026-04-07,CADJPY,114.9
2026-04-08,CADJPY,114.1
2026-04-09,CADJPY,114.81
2026-04-10,CADJPY,115.17
2026-04-13,CADJPY,115.44
2026-04-14,CADJPY,115.46
2026-04-15,CADJPY,115.44
2026-04-16,CADJPY,115.81
2026-04-17,CADJPY,116.39
2026-04-20,CADJPY,116.04
2026-04-21,CADJPY,116.45
2026-04-22,CADJPY,116.51
2026-04-23,CADJPY,116.66
2026-04-24,CADJPY,116.53
2026-04-27,CADJPY,117.07
2026-04-28,CADJPY,116.8
2026-04-29,CADJPY,116.86
2026-04-30,CADJPY,114.55
2026-05-04,CADJPY,115.4
2026-05-05,CADJPY,115.91
2026-05-06,CADJPY,114.84
2026-05-07,CADJPY,114.76
2026-05-08,CADJPY,114.78
2026-05-11,CADJPY,114.98
2026-05-12,CADJPY,114.98
2026-05-13,CADJPY,115.24
2026-05-14,CADJPY,115.09
2026-05-15,CADJPY,115.26
2026-05-18,CADJPY,115.54
2026-05-19,CADJPY,115.66
2026-05-20,CADJPY,115.6
2026-05-21,CADJPY,115.57
2026-05-22,CADJPY,115.32
2026-05-25,CADJPY,115.06
2026-05-26,CADJPY,115.27
2026-05-27,CADJPY,115.24
2026-05-28,CADJPY,115.1
2026-05-29,CADJPY,115.37
2026-06-01,CADJPY,115.32
2026-06-02,CADJPY,115.45
2026-06-03,CADJPY,115.36
2026-06-04,CADJPY,114.99
2026-06-05,CADJPY,115.16
2026-06-08,CADJPY,114.78
2026-06-09,CADJPY,115.05
2026-06-10,CADJPY,115.22
2026-06-11,CADJPY,114.84
2026-06-12,CADJPY,114.52
2026-06-15,CADJPY,114.57
2026-06-16,CADJPY,114.44
2026-06-17,CADJPY,114.41
2026-06-18,CADJPY,113.93
2026-06-19,CADJPY,113.93
2026-06-22,CADJPY,114.24
2026-06-23,CADJPY,113.86
2026-06-24,CADJPY,113.6
2026-06-25,CADJPY,113.66
2026-06-26,CADJPY,113.98
2026-06-29,CADJPY,113.96
2026-06-30,CADJPY,114.11
2026-07-01,CADJPY,114.39
2026-07-02,CADJPY,113.68
2026-07-03,CADJPY,113.47
2026-07-06,CADJPY,114.14
2026-07-07,CADJPY,113.87
2026-07-08,CADJPY,114.55
2026-07-09,CADJPY,114.63
2026-07-10,CADJPY,114.37
2026-07-13,CADJPY,114.71
2026-07-14,CADJPY,114.95
2026-07-15,CADJPY,115.38
2026-07-16,CADJPY,115.65
2026-07-17,CADJPY,115.78
2026-07-20,CADJPY,115.73
2026-07-21,CADJPY,115.64
2026-07-22,CADJPY,115.76
2026-07-23,CADJPY,116.15
2025-07-18,CHFJPY,185.48
2025-07-21,CHFJPY,184.47
2025-07-22,CHFJPY,184.61
2025-07-23,CHFJPY,184.32
2025-07-24,CHFJPY,184.37
2025-07-25,CHFJPY,185.28
2025-07-28,CHFJPY,184.97
2025-07-29,CHFJPY,184.4
2025-07-30,CHFJPY,183.81
2025-07-31,CHFJPY,184.49
2025-08-01,CHFJPY,184.29
2025-08-04,CHFJPY,182.42
2025-08-05,CHFJPY,182.33
2025-08-06,CHFJPY,182.75
2025-08-07,CHFJPY,182.3
2025-08-08,CHFJPY,182.98
2025-08-11,CHFJPY,182.25
2025-08-12,CHFJPY,182.95
2025-08-13,CHFJPY,183.3
2025-08-14,CHFJPY,181.94
2025-08-15,CHFJPY,182.43
2025-08-18,CHFJPY,182.82
2025-08-19,CHFJPY,183.52
2025-08-20,CHFJPY,182.68
2025-08-21,CHFJPY,183.29
2025-08-22,CHFJPY,183.95
2025-08-25,CHFJPY,183.65
2025-08-26,CHFJPY,183.2
2025-08-27,CHFJPY,183.56
2025-08-28,CHFJPY,183.34
2025-08-29,CHFJPY,183.38
2025-09-01,CHFJPY,183.81
2025-09-02,CHFJPY,184.82
2025-09-03,CHFJPY,184.73
2025-09-04,CHFJPY,184.12
2025-09-05,CHFJPY,184.33
2025-09-08,CHFJPY,185.88
2025-09-09,CHFJPY,184.72
2025-09-10,CHFJPY,184.91
2025-09-11,CHFJPY,184.98
2025-09-12,CHFJPY,185.44
2025-09-15,CHFJPY,185.37
2025-09-16,CHFJPY,185.89
2025-09-17,CHFJPY,185.98
2025-09-18,CHFJPY,186.73
2025-09-19,CHFJPY,185.99
2025-09-22,CHFJPY,186.32
2025-09-23,CHFJPY,186.54
2025-09-24,CHFJPY,186.94
2025-09-25,CHFJPY,186.96
2025-09-26,CHFJPY,187.3
2025-09-29,CHFJPY,186.36
2025-09-30,CHFJPY,185.56
2025-10-01,CHFJPY,184.16
2025-10-02,CHFJPY,184.52
2025-10-03,CHFJPY,185.06
2025-10-06,CHFJPY,188.13
2025-10-07,CHFJPY,189.02
2025-10-08,CHFJPY,190.79
2025-10-09,CHFJPY,190.57
2025-10-10,CHFJPY,189.25
2025-10-13,CHFJPY,189.14
2025-10-14,CHFJPY,189.03
2025-10-15,CHFJPY,189.29
2025-10-16,CHFJPY,189.45
2025-10-17,CHFJPY,189.8
2025-10-20,CHFJPY,190.18
2025-10-21,CHFJPY,191.17
2025-10-22,CHFJPY,190.64
2025-10-23,CHFJPY,191.31
2025-10-24,CHFJPY,191.99
2025-10-27,CHFJPY,192.07
2025-10-28,CHFJPY,191.22
2025-10-29,CHFJPY,190.85
2025-10-30,CHFJPY,192.19
2025-10-31,CHFJPY,191.82
2025-11-03,CHFJPY,190.98
2025-11-04,CHFJPY,189.77
2025-11-05,CHFJPY,189.82
2025-11-06,CHFJPY,190.16
2025-11-07,CHFJPY,190.07
2025-11-10,CHFJPY,191.36
2025-11-11,CHFJPY,192.35
2025-11-12,CHFJPY,193.72
2025-11-13,CHFJPY,194.26
2025-11-14,CHFJPY,195.12
2025-11-17,CHFJPY,194.66
2025-11-18,CHFJPY,194.89
2025-11-19,CHFJPY,194.8
2025-11-20,CHFJPY,195.26
2025-11-21,CHFJPY,194.38
2025-11-24,CHFJPY,194.36
2025-11-25,CHFJPY,193.07
2025-11-26,CHFJPY,193.87
2025-11-27,CHFJPY,193.97
2025-11-28,CHFJPY,193.79
2025-12-01,CHFJPY,193.37
2025-12-02,CHFJPY,193.94
2025-12-03,CHFJPY,194.17
2025-12-04,CHFJPY,193.31
2025-12-05,CHFJPY,193.02
2025-12-08,CHFJPY,193.11
2025-12-09,CHFJPY,193.88
2025-12-10,CHFJPY,194.87
2025-12-11,CHFJPY,195.27
2025-12-12,CHFJPY,196.07
2025-12-15,CHFJPY,194.89
2025-12-16,CHFJPY,194.71
2025-12-17,CHFJPY,195.44
2025-12-18,CHFJPY,195.95
2025-12-19,CHFJPY,197.63
2025-12-22,CHFJPY,198.34
2025-12-23,CHFJPY,198.01
2025-12-24,CHFJPY,198.01
2025-12-29,CHFJPY,197.97
2025-12-30,CHFJPY,197.44
2025-12-31,CHFJPY,197.65
2026-01-02,CHFJPY,197.87
2026-01-05,CHFJPY,196.93
2026-01-06,CHFJPY,197.2
2026-01-07,CHFJPY,196.59
2026-01-08,CHFJPY,196.49
2026-01-09,CHFJPY,197.04
2026-01-12,CHFJPY,198.02
2026-01-13,CHFJPY,198.82
2026-01-14,CHFJPY,198.03
2026-01-15,CHFJPY,197.88
2026-01-16,CHFJPY,197.22
2026-01-19,CHFJPY,197.9
2026-01-20,CHFJPY,199.81
2026-01-21,CHFJPY,199.86
2026-01-22,CHFJPY,200.24
2026-01-23,CHFJPY,200.18
2026-01-26,CHFJPY,197.9
2026-01-27,CHFJPY,198.89
2026-01-28,CHFJPY,198.91
2026-01-29,CHFJPY,199.83
2026-01-30,CHFJPY,200.49
2026-02-02,CHFJPY,199.58
2026-02-03,CHFJPY,200.5
2026-02-04,CHFJPY,201.95
2026-02-05,CHFJPY,202.06
2026-02-06,CHFJPY,201.93
2026-02-09,CHFJPY,202.9
2026-02-10,CHFJPY,202.25
2026-02-11,CHFJPY,200.08
2026-02-12,CHFJPY,199.65
2026-02-13,CHFJPY,199.35
2026-02-16,CHFJPY,199.13
2026-02-17,CHFJPY,198.62
2026-02-18,CHFJPY,199.46
2026-02-19,CHFJPY,199.64
2026-02-20,CHFJPY,199.99
2026-02-23,CHFJPY,199.5
2026-02-24,CHFJPY,201.24
2026-02-25,CHFJPY,202.3
2026-02-26,CHFJPY,201.72
2026-02-27,CHFJPY,202.25
2026-03-02,CHFJPY,202.03
2026-03-03,CHFJPY,200.92
2026-03-04,CHFJPY,201.52
2026-03-05,CHFJPY,201.93
2026-03-06,CHFJPY,201.85
2026-03-09,CHFJPY,203.32
2026-03-10,CHFJPY,203.47
2026-03-11,CHFJPY,203.33
2026-03-12,CHFJPY,203.18
2026-03-13,CHFJPY,202.4
2026-03-16,CHFJPY,202.04
2026-03-17,CHFJPY,202.13
2026-03-18,CHFJPY,202.24
2026-03-19,CHFJPY,200.04
2026-03-20,CHFJPY,201.69
2026-03-23,CHFJPY,201.51
2026-03-24,CHFJPY,201.1
2026-03-25,CHFJPY,201.32
2026-03-26,CHFJPY,201.28
2026-03-27,CHFJPY,200.65
2026-03-30,CHFJPY,199.33
2026-03-31,CHFJPY,199.47
2026-04-01,CHFJPY,199.9
2026-04-02,CHFJPY,199.65
2026-04-07,CHFJPY,199.88
2026-04-08,CHFJPY,200.73
2026-04-09,CHFJPY,200.97
2026-04-10,CHFJPY,201.74
2026-04-13,CHFJPY,202.07
2026-04-14,CHFJPY,203.4
2026-04-15,CHFJPY,203.26
2026-04-16,CHFJPY,202.94
2026-04-17,CHFJPY,203.36
2026-04-20,CHFJPY,203.37
2026-04-21,CHFJPY,204.03
2026-04-22,CHFJPY,203.61
2026-04-23,CHFJPY,203.23
2026-04-24,CHFJPY,202.97
2026-04-27,CHFJPY,203.11
2026-04-28,CHFJPY,201.97
2026-04-29,CHFJPY,202.52
2026-04-30,CHFJPY,199.36
2026-05-04,CHFJPY,200.4
2026-05-05,CHFJPY,201.22
2026-05-06,CHFJPY,200.48
2026-05-07,CHFJPY,201.02
2026-05-08,CHFJPY,201.37
2026-05-11,CHFJPY,201.76
2026-05-12,CHFJPY,201.68
2026-05-13,CHFJPY,201.89
2026-05-14,CHFJPY,202
2026-05-15,CHFJPY,201.62
2026-05-18,CHFJPY,202.24
2026-05-19,CHFJPY,202.07
2026-05-20,CHFJPY,201.29
2026-05-21,CHFJPY,201.85
2026-05-22,CHFJPY,202.36
2026-05-25,CHFJPY,203.36
2026-05-26,CHFJPY,202.74
2026-05-27,CHFJPY,202.69
2026-05-28,CHFJPY,202.07
2026-05-29,CHFJPY,203.55
2026-06-01,CHFJPY,203.48
2026-06-02,CHFJPY,203.4
2026-06-03,CHFJPY,202.53
2026-06-04,CHFJPY,202.89
2026-06-05,CHFJPY,202.81
2026-06-08,CHFJPY,200.94
2026-06-09,CHFJPY,201.34
2026-06-10,CHFJPY,200.81
2026-06-11,CHFJPY,200.86
2026-06-12,CHFJPY,201.04
2026-06-15,CHFJPY,201.83
2026-06-16,CHFJPY,201.58
2026-06-17,CHFJPY,202.13
2026-06-18,CHFJPY,200.09
2026-06-19,CHFJPY,199.91
2026-06-22,CHFJPY,200.21
2026-06-23,CHFJPY,199.48
2026-06-24,CHFJPY,198.95
2026-06-25,CHFJPY,199.04
2026-06-26,CHFJPY,199.93
2026-06-29,CHFJPY,200.2
2026-06-30,CHFJPY,200.65
2026-07-01,CHFJPY,200.57
2026-07-02,CHFJPY,200.21
2026-07-03,CHFJPY,200.74
2026-07-06,CHFJPY,201.4
2026-07-07,CHFJPY,200.79
2026-07-08,CHFJPY,200.93
2026-07-09,CHFJPY,201.28
2026-07-10,CHFJPY,200.61
2026-07-13,CHFJPY,200.18
2026-07-14,CHFJPY,199.86
2026-07-15,CHFJPY,200.11
2026-07-16,CHFJPY,201.07
2026-07-17,CHFJPY,201.18
2026-07-20,CHFJPY,200.89
2026-07-21,CHFJPY,200.69
2026-07-22,CHFJPY,200.72
2026-07-23,CHFJPY,200.36
