category,label,bls_series,month,index_value
food,Food & beverages,CUUR0000SAF,1990-01,130
food,Food & beverages,CUUR0000SAF,1990-02,130.9
food,Food & beverages,CUUR0000SAF,1990-03,131.2
food,Food & beverages,CUUR0000SAF,1990-04,131
food,Food & beverages,CUUR0000SAF,1990-05,131.1
food,Food & beverages,CUUR0000SAF,1990-06,131.7
food,Food & beverages,CUUR0000SAF,1990-07,132.4
food,Food & beverages,CUUR0000SAF,1990-08,132.7
food,Food & beverages,CUUR0000SAF,1990-09,133
food,Food & beverages,CUUR0000SAF,1990-10,133.4
food,Food & beverages,CUUR0000SAF,1990-11,133.7
food,Food & beverages,CUUR0000SAF,1990-12,133.9
food,Food & beverages,CUUR0000SAF,1991-01,135.9
food,Food & beverages,CUUR0000SAF,1991-02,136
food,Food & beverages,CUUR0000SAF,1991-03,136.3
food,Food & beverages,CUUR0000SAF,1991-04,137.2
food,Food & beverages,CUUR0000SAF,1991-05,137.3
food,Food & beverages,CUUR0000SAF,1991-06,137.7
food,Food & beverages,CUUR0000SAF,1991-07,137.1
food,Food & beverages,CUUR0000SAF,1991-08,136.6
food,Food & beverages,CUUR0000SAF,1991-09,136.7
food,Food & beverages,CUUR0000SAF,1991-10,136.5
food,Food & beverages,CUUR0000SAF,1991-11,136.9
food,Food & beverages,CUUR0000SAF,1991-12,137.3
food,Food & beverages,CUUR0000SAF,1992-01,137.9
food,Food & beverages,CUUR0000SAF,1992-02,138.1
food,Food & beverages,CUUR0000SAF,1992-03,138.8
food,Food & beverages,CUUR0000SAF,1992-04,138.8
food,Food & beverages,CUUR0000SAF,1992-05,138.3
food,Food & beverages,CUUR0000SAF,1992-06,138.3
food,Food & beverages,CUUR0000SAF,1992-07,138.1
food,Food & beverages,CUUR0000SAF,1992-08,138.8
food,Food & beverages,CUUR0000SAF,1992-09,139.3
food,Food & beverages,CUUR0000SAF,1992-10,139.2
food,Food & beverages,CUUR0000SAF,1992-11,139.1
food,Food & beverages,CUUR0000SAF,1992-12,139.5
food,Food & beverages,CUUR0000SAF,1993-01,140.5
food,Food & beverages,CUUR0000SAF,1993-02,140.7
food,Food & beverages,CUUR0000SAF,1993-03,140.9
food,Food & beverages,CUUR0000SAF,1993-04,141.4
food,Food & beverages,CUUR0000SAF,1993-05,141.8
food,Food & beverages,CUUR0000SAF,1993-06,141.1
food,Food & beverages,CUUR0000SAF,1993-07,141.1
food,Food & beverages,CUUR0000SAF,1993-08,141.5
food,Food & beverages,CUUR0000SAF,1993-09,141.8
food,Food & beverages,CUUR0000SAF,1993-10,142.3
food,Food & beverages,CUUR0000SAF,1993-11,142.6
food,Food & beverages,CUUR0000SAF,1993-12,143.3
food,Food & beverages,CUUR0000SAF,1994-01,144.3
food,Food & beverages,CUUR0000SAF,1994-02,143.6
food,Food & beverages,CUUR0000SAF,1994-03,143.9
food,Food & beverages,CUUR0000SAF,1994-04,144
food,Food & beverages,CUUR0000SAF,1994-05,144.1
food,Food & beverages,CUUR0000SAF,1994-06,144.2
food,Food & beverages,CUUR0000SAF,1994-07,144.8
food,Food & beverages,CUUR0000SAF,1994-08,145.3
food,Food & beverages,CUUR0000SAF,1994-09,145.6
food,Food & beverages,CUUR0000SAF,1994-10,145.6
food,Food & beverages,CUUR0000SAF,1994-11,145.9
food,Food & beverages,CUUR0000SAF,1994-12,147.2
food,Food & beverages,CUUR0000SAF,1995-01,147.9
food,Food & beverages,CUUR0000SAF,1995-02,147.8
food,Food & beverages,CUUR0000SAF,1995-03,147.9
food,Food & beverages,CUUR0000SAF,1995-04,148.9
food,Food & beverages,CUUR0000SAF,1995-05,148.7
food,Food & beverages,CUUR0000SAF,1995-06,148.4
food,Food & beverages,CUUR0000SAF,1995-07,148.6
food,Food & beverages,CUUR0000SAF,1995-08,148.9
food,Food & beverages,CUUR0000SAF,1995-09,149.4
food,Food & beverages,CUUR0000SAF,1995-10,149.8
food,Food & beverages,CUUR0000SAF,1995-11,149.8
food,Food & beverages,CUUR0000SAF,1995-12,150.3
food,Food & beverages,CUUR0000SAF,1996-01,151.4
food,Food & beverages,CUUR0000SAF,1996-02,151.3
food,Food & beverages,CUUR0000SAF,1996-03,152.1
food,Food & beverages,CUUR0000SAF,1996-04,152.7
food,Food & beverages,CUUR0000SAF,1996-05,152.5
food,Food & beverages,CUUR0000SAF,1996-06,153.1
food,Food & beverages,CUUR0000SAF,1996-07,153.6
food,Food & beverages,CUUR0000SAF,1996-08,154.2
food,Food & beverages,CUUR0000SAF,1996-09,155
food,Food & beverages,CUUR0000SAF,1996-10,155.8
food,Food & beverages,CUUR0000SAF,1996-11,156.2
food,Food & beverages,CUUR0000SAF,1996-12,156.6
food,Food & beverages,CUUR0000SAF,1997-01,156.9
food,Food & beverages,CUUR0000SAF,1997-02,156.9
food,Food & beverages,CUUR0000SAF,1997-03,157.1
food,Food & beverages,CUUR0000SAF,1997-04,157.1
food,Food & beverages,CUUR0000SAF,1997-05,157.1
food,Food & beverages,CUUR0000SAF,1997-06,157.1
food,Food & beverages,CUUR0000SAF,1997-07,157.5
food,Food & beverages,CUUR0000SAF,1997-08,158.1
food,Food & beverages,CUUR0000SAF,1997-09,158.4
food,Food & beverages,CUUR0000SAF,1997-10,158.7
food,Food & beverages,CUUR0000SAF,1997-11,158.9
food,Food & beverages,CUUR0000SAF,1997-12,159.1
food,Food & beverages,CUUR0000SAF,1998-01,160.3
food,Food & beverages,CUUR0000SAF,1998-02,159.8
food,Food & beverages,CUUR0000SAF,1998-03,160.1
food,Food & beverages,CUUR0000SAF,1998-04,160.2
food,Food & beverages,CUUR0000SAF,1998-05,160.7
food,Food & beverages,CUUR0000SAF,1998-06,160.6
food,Food & beverages,CUUR0000SAF,1998-07,160.9
food,Food & beverages,CUUR0000SAF,1998-08,161.4
food,Food & beverages,CUUR0000SAF,1998-09,161.5
food,Food & beverages,CUUR0000SAF,1998-10,162.4
food,Food & beverages,CUUR0000SAF,1998-11,162.5
food,Food & beverages,CUUR0000SAF,1998-12,162.7
food,Food & beverages,CUUR0000SAF,1999-01,163.9
food,Food & beverages,CUUR0000SAF,1999-02,163.8
food,Food & beverages,CUUR0000SAF,1999-03,163.7
food,Food & beverages,CUUR0000SAF,1999-04,163.9
food,Food & beverages,CUUR0000SAF,1999-05,164.2
food,Food & beverages,CUUR0000SAF,1999-06,164.1
food,Food & beverages,CUUR0000SAF,1999-07,164.2
food,Food & beverages,CUUR0000SAF,1999-08,164.7
food,Food & beverages,CUUR0000SAF,1999-09,165.1
food,Food & beverages,CUUR0000SAF,1999-10,165.5
food,Food & beverages,CUUR0000SAF,1999-11,165.7
food,Food & beverages,CUUR0000SAF,1999-12,165.9
food,Food & beverages,CUUR0000SAF,2000-01,166.6
food,Food & beverages,CUUR0000SAF,2000-02,166.8
food,Food & beverages,CUUR0000SAF,2000-03,167.1
food,Food & beverages,CUUR0000SAF,2000-04,167.2
food,Food & beverages,CUUR0000SAF,2000-05,167.8
food,Food & beverages,CUUR0000SAF,2000-06,167.9
food,Food & beverages,CUUR0000SAF,2000-07,168.7
food,Food & beverages,CUUR0000SAF,2000-08,169.2
food,Food & beverages,CUUR0000SAF,2000-09,169.4
food,Food & beverages,CUUR0000SAF,2000-10,169.6
food,Food & beverages,CUUR0000SAF,2000-11,169.5
food,Food & beverages,CUUR0000SAF,2000-12,170.5
food,Food & beverages,CUUR0000SAF,2001-01,171.4
food,Food & beverages,CUUR0000SAF,2001-02,171.8
food,Food & beverages,CUUR0000SAF,2001-03,172.2
food,Food & beverages,CUUR0000SAF,2001-04,172.4
food,Food & beverages,CUUR0000SAF,2001-05,172.9
food,Food & beverages,CUUR0000SAF,2001-06,173.4
food,Food & beverages,CUUR0000SAF,2001-07,174
food,Food & beverages,CUUR0000SAF,2001-08,174.4
food,Food & beverages,CUUR0000SAF,2001-09,174.6
food,Food & beverages,CUUR0000SAF,2001-10,175.3
food,Food & beverages,CUUR0000SAF,2001-11,175.2
food,Food & beverages,CUUR0000SAF,2001-12,175.2
food,Food & beverages,CUUR0000SAF,2002-01,176.2
food,Food & beverages,CUUR0000SAF,2002-02,176.4
food,Food & beverages,CUUR0000SAF,2002-03,176.6
food,Food & beverages,CUUR0000SAF,2002-04,176.7
food,Food & beverages,CUUR0000SAF,2002-05,176.4
food,Food & beverages,CUUR0000SAF,2002-06,176.4
food,Food & beverages,CUUR0000SAF,2002-07,176.6
food,Food & beverages,CUUR0000SAF,2002-08,176.6
food,Food & beverages,CUUR0000SAF,2002-09,176.9
food,Food & beverages,CUUR0000SAF,2002-10,177.1
food,Food & beverages,CUUR0000SAF,2002-11,177.4
food,Food & beverages,CUUR0000SAF,2002-12,177.8
food,Food & beverages,CUUR0000SAF,2003-01,178.1
food,Food & beverages,CUUR0000SAF,2003-02,178.9
food,Food & beverages,CUUR0000SAF,2003-03,179.2
food,Food & beverages,CUUR0000SAF,2003-04,179
food,Food & beverages,CUUR0000SAF,2003-05,179.4
food,Food & beverages,CUUR0000SAF,2003-06,180.2
food,Food & beverages,CUUR0000SAF,2003-07,180.3
food,Food & beverages,CUUR0000SAF,2003-08,180.9
food,Food & beverages,CUUR0000SAF,2003-09,181.3
food,Food & beverages,CUUR0000SAF,2003-10,182.2
food,Food & beverages,CUUR0000SAF,2003-11,182.9
food,Food & beverages,CUUR0000SAF,2003-12,184.1
food,Food & beverages,CUUR0000SAF,2004-01,184.3
food,Food & beverages,CUUR0000SAF,2004-02,184.5
food,Food & beverages,CUUR0000SAF,2004-03,184.9
food,Food & beverages,CUUR0000SAF,2004-04,185
food,Food & beverages,CUUR0000SAF,2004-05,186.5
food,Food & beverages,CUUR0000SAF,2004-06,186.8
food,Food & beverages,CUUR0000SAF,2004-07,187.2
food,Food & beverages,CUUR0000SAF,2004-08,187.3
food,Food & beverages,CUUR0000SAF,2004-09,187.2
food,Food & beverages,CUUR0000SAF,2004-10,188.4
food,Food & beverages,CUUR0000SAF,2004-11,188.6
food,Food & beverages,CUUR0000SAF,2004-12,188.9
food,Food & beverages,CUUR0000SAF,2005-01,189.5
food,Food & beverages,CUUR0000SAF,2005-02,189.3
food,Food & beverages,CUUR0000SAF,2005-03,189.6
food,Food & beverages,CUUR0000SAF,2005-04,190.7
food,Food & beverages,CUUR0000SAF,2005-05,191.1
food,Food & beverages,CUUR0000SAF,2005-06,190.9
food,Food & beverages,CUUR0000SAF,2005-07,191.3
food,Food & beverages,CUUR0000SAF,2005-08,191.3
food,Food & beverages,CUUR0000SAF,2005-09,191.8
food,Food & beverages,CUUR0000SAF,2005-10,192.5
food,Food & beverages,CUUR0000SAF,2005-11,192.8
food,Food & beverages,CUUR0000SAF,2005-12,193.2
food,Food & beverages,CUUR0000SAF,2006-01,194.5
food,Food & beverages,CUUR0000SAF,2006-02,194.4
food,Food & beverages,CUUR0000SAF,2006-03,194.5
food,Food & beverages,CUUR0000SAF,2006-04,194.2
food,Food & beverages,CUUR0000SAF,2006-05,194.7
food,Food & beverages,CUUR0000SAF,2006-06,195.1
food,Food & beverages,CUUR0000SAF,2006-07,195.6
food,Food & beverages,CUUR0000SAF,2006-08,196
food,Food & beverages,CUUR0000SAF,2006-09,196.7
food,Food & beverages,CUUR0000SAF,2006-10,197.5
food,Food & beverages,CUUR0000SAF,2006-11,197.2
food,Food & beverages,CUUR0000SAF,2006-12,197.4
food,Food & beverages,CUUR0000SAF,2007-01,199.198
food,Food & beverages,CUUR0000SAF,2007-02,200.402
food,Food & beverages,CUUR0000SAF,2007-03,200.869
food,Food & beverages,CUUR0000SAF,2007-04,201.292
food,Food & beverages,CUUR0000SAF,2007-05,202.225
food,Food & beverages,CUUR0000SAF,2007-06,202.885
food,Food & beverages,CUUR0000SAF,2007-07,203.533
food,Food & beverages,CUUR0000SAF,2007-08,204.289
food,Food & beverages,CUUR0000SAF,2007-09,205.279
food,Food & beverages,CUUR0000SAF,2007-10,206.124
food,Food & beverages,CUUR0000SAF,2007-11,206.563
food,Food & beverages,CUUR0000SAF,2007-12,206.936
food,Food & beverages,CUUR0000SAF,2008-01,208.837
food,Food & beverages,CUUR0000SAF,2008-02,209.462
food,Food & beverages,CUUR0000SAF,2008-03,209.692
food,Food & beverages,CUUR0000SAF,2008-04,211.365
food,Food & beverages,CUUR0000SAF,2008-05,212.251
food,Food & beverages,CUUR0000SAF,2008-06,213.383
food,Food & beverages,CUUR0000SAF,2008-07,215.326
food,Food & beverages,CUUR0000SAF,2008-08,216.419
food,Food & beverages,CUUR0000SAF,2008-09,217.672
food,Food & beverages,CUUR0000SAF,2008-10,218.705
food,Food & beverages,CUUR0000SAF,2008-11,218.752
food,Food & beverages,CUUR0000SAF,2008-12,218.839
food,Food & beverages,CUUR0000SAF,2009-01,219.729
food,Food & beverages,CUUR0000SAF,2009-02,219.333
food,Food & beverages,CUUR0000SAF,2009-03,218.794
food,Food & beverages,CUUR0000SAF,2009-04,218.364
food,Food & beverages,CUUR0000SAF,2009-05,218.076
food,Food & beverages,CUUR0000SAF,2009-06,218.03
food,Food & beverages,CUUR0000SAF,2009-07,217.608
food,Food & beverages,CUUR0000SAF,2009-08,217.701
food,Food & beverages,CUUR0000SAF,2009-09,217.617
food,Food & beverages,CUUR0000SAF,2009-10,217.957
food,Food & beverages,CUUR0000SAF,2009-11,217.733
food,Food & beverages,CUUR0000SAF,2009-12,218.049
food,Food & beverages,CUUR0000SAF,2010-01,219.223
food,Food & beverages,CUUR0000SAF,2010-02,219.14
food,Food & beverages,CUUR0000SAF,2010-03,219.378
food,Food & beverages,CUUR0000SAF,2010-04,219.536
food,Food & beverages,CUUR0000SAF,2010-05,219.693
food,Food & beverages,CUUR0000SAF,2010-06,219.562
food,Food & beverages,CUUR0000SAF,2010-07,219.539
food,Food & beverages,CUUR0000SAF,2010-08,219.877
food,Food & beverages,CUUR0000SAF,2010-09,220.586
food,Food & beverages,CUUR0000SAF,2010-10,221.005
food,Food & beverages,CUUR0000SAF,2010-11,220.991
food,Food & beverages,CUUR0000SAF,2010-12,221.278
food,Food & beverages,CUUR0000SAF,2011-01,223.16
food,Food & beverages,CUUR0000SAF,2011-02,224.039
food,Food & beverages,CUUR0000SAF,2011-03,225.479
food,Food & beverages,CUUR0000SAF,2011-04,226.248
food,Food & beverages,CUUR0000SAF,2011-05,227.082
food,Food & beverages,CUUR0000SAF,2011-06,227.451
food,Food & beverages,CUUR0000SAF,2011-07,228.323
food,Food & beverages,CUUR0000SAF,2011-08,229.49
food,Food & beverages,CUUR0000SAF,2011-09,230.448
food,Food & beverages,CUUR0000SAF,2011-10,230.885
food,Food & beverages,CUUR0000SAF,2011-11,230.656
food,Food & beverages,CUUR0000SAF,2011-12,231.13
food,Food & beverages,CUUR0000SAF,2012-01,232.559
food,Food & beverages,CUUR0000SAF,2012-02,232.453
food,Food & beverages,CUUR0000SAF,2012-03,232.708
food,Food & beverages,CUUR0000SAF,2012-04,233.116
food,Food & beverages,CUUR0000SAF,2012-05,233.257
food,Food & beverages,CUUR0000SAF,2012-06,233.509
food,Food & beverages,CUUR0000SAF,2012-07,233.557
food,Food & beverages,CUUR0000SAF,2012-08,234.017
food,Food & beverages,CUUR0000SAF,2012-09,234.172
food,Food & beverages,CUUR0000SAF,2012-10,234.718
food,Food & beverages,CUUR0000SAF,2012-11,234.742
food,Food & beverages,CUUR0000SAF,2012-12,235.23
food,Food & beverages,CUUR0000SAF,2013-01,236.183
food,Food & beverages,CUUR0000SAF,2013-02,236.23
food,Food & beverages,CUUR0000SAF,2013-03,236.267
food,Food & beverages,CUUR0000SAF,2013-04,236.761
food,Food & beverages,CUUR0000SAF,2013-05,236.474
food,Food & beverages,CUUR0000SAF,2013-06,236.726
food,Food & beverages,CUUR0000SAF,2013-07,236.957
food,Food & beverages,CUUR0000SAF,2013-08,237.348
food,Food & beverages,CUUR0000SAF,2013-09,237.444
food,Food & beverages,CUUR0000SAF,2013-10,237.794
food,Food & beverages,CUUR0000SAF,2013-11,237.585
food,Food & beverages,CUUR0000SAF,2013-12,237.82
food,Food & beverages,CUUR0000SAF,2014-01,238.792
food,Food & beverages,CUUR0000SAF,2014-02,239.476
food,Food & beverages,CUUR0000SAF,2014-03,240.226
food,Food & beverages,CUUR0000SAF,2014-04,241.103
food,Food & beverages,CUUR0000SAF,2014-05,242.065
food,Food & beverages,CUUR0000SAF,2014-06,242.027
food,Food & beverages,CUUR0000SAF,2014-07,242.674
food,Food & beverages,CUUR0000SAF,2014-08,243.497
food,Food & beverages,CUUR0000SAF,2014-09,244.26
food,Food & beverages,CUUR0000SAF,2014-10,244.775
food,Food & beverages,CUUR0000SAF,2014-11,244.902
food,Food & beverages,CUUR0000SAF,2014-12,245.585
food,Food & beverages,CUUR0000SAF,2015-01,246.1
food,Food & beverages,CUUR0000SAF,2015-02,246.269
food,Food & beverages,CUUR0000SAF,2015-03,245.689
food,Food & beverages,CUUR0000SAF,2015-04,245.746
food,Food & beverages,CUUR0000SAF,2015-05,245.846
food,Food & beverages,CUUR0000SAF,2015-06,246.245
food,Food & beverages,CUUR0000SAF,2015-07,246.558
food,Food & beverages,CUUR0000SAF,2015-08,247.196
food,Food & beverages,CUUR0000SAF,2015-09,248.09
food,Food & beverages,CUUR0000SAF,2015-10,248.575
food,Food & beverages,CUUR0000SAF,2015-11,247.87
food,Food & beverages,CUUR0000SAF,2015-12,247.468
food,Food & beverages,CUUR0000SAF,2016-01,248.241
food,Food & beverages,CUUR0000SAF,2016-02,248.459
food,Food & beverages,CUUR0000SAF,2016-03,247.677
food,Food & beverages,CUUR0000SAF,2016-04,248.095
food,Food & beverages,CUUR0000SAF,2016-05,247.58
food,Food & beverages,CUUR0000SAF,2016-06,247.207
food,Food & beverages,CUUR0000SAF,2016-07,247.267
food,Food & beverages,CUUR0000SAF,2016-08,247.42
food,Food & beverages,CUUR0000SAF,2016-09,247.645
food,Food & beverages,CUUR0000SAF,2016-10,247.861
food,Food & beverages,CUUR0000SAF,2016-11,247.246
food,Food & beverages,CUUR0000SAF,2016-12,247.134
food,Food & beverages,CUUR0000SAF,2017-01,248.074
food,Food & beverages,CUUR0000SAF,2017-02,248.595
food,Food & beverages,CUUR0000SAF,2017-03,248.967
food,Food & beverages,CUUR0000SAF,2017-04,249.538
food,Food & beverages,CUUR0000SAF,2017-05,249.749
food,Food & beverages,CUUR0000SAF,2017-06,249.398
food,Food & beverages,CUUR0000SAF,2017-07,249.93
food,Food & beverages,CUUR0000SAF,2017-08,250.212
food,Food & beverages,CUUR0000SAF,2017-09,250.735
food,Food & beverages,CUUR0000SAF,2017-10,251.13
food,Food & beverages,CUUR0000SAF,2017-11,250.694
food,Food & beverages,CUUR0000SAF,2017-12,251.024
food,Food & beverages,CUUR0000SAF,2018-01,252.109
food,Food & beverages,CUUR0000SAF,2018-02,252.076
food,Food & beverages,CUUR0000SAF,2018-03,252.182
food,Food & beverages,CUUR0000SAF,2018-04,252.999
food,Food & beverages,CUUR0000SAF,2018-05,252.848
food,Food & beverages,CUUR0000SAF,2018-06,253.022
food,Food & beverages,CUUR0000SAF,2018-07,253.476
food,Food & beverages,CUUR0000SAF,2018-08,253.779
food,Food & beverages,CUUR0000SAF,2018-09,254.178
food,Food & beverages,CUUR0000SAF,2018-10,254.203
food,Food & beverages,CUUR0000SAF,2018-11,254.262
food,Food & beverages,CUUR0000SAF,2018-12,255.023
food,Food & beverages,CUUR0000SAF,2019-01,256.185
food,Food & beverages,CUUR0000SAF,2019-02,256.997
food,Food & beverages,CUUR0000SAF,2019-03,257.43
food,Food & beverages,CUUR0000SAF,2019-04,257.393
food,Food & beverages,CUUR0000SAF,2019-05,257.791
food,Food & beverages,CUUR0000SAF,2019-06,257.778
food,Food & beverages,CUUR0000SAF,2019-07,258.015
food,Food & beverages,CUUR0000SAF,2019-08,258.154
food,Food & beverages,CUUR0000SAF,2019-09,258.646
food,Food & beverages,CUUR0000SAF,2019-10,259.284
food,Food & beverages,CUUR0000SAF,2019-11,259.08
food,Food & beverages,CUUR0000SAF,2019-12,259.403
food,Food & beverages,CUUR0000SAF,2020-01,260.638
food,Food & beverages,CUUR0000SAF,2020-02,261.487
food,Food & beverages,CUUR0000SAF,2020-03,262.32
food,Food & beverages,CUUR0000SAF,2020-04,266.137
food,Food & beverages,CUUR0000SAF,2020-05,267.792
food,Food & beverages,CUUR0000SAF,2020-06,269.051
food,Food & beverages,CUUR0000SAF,2020-07,268.132
food,Food & beverages,CUUR0000SAF,2020-08,268.383
food,Food & beverages,CUUR0000SAF,2020-09,268.465
food,Food & beverages,CUUR0000SAF,2020-10,269.169
food,Food & beverages,CUUR0000SAF,2020-11,268.539
food,Food & beverages,CUUR0000SAF,2020-12,269.383
food,Food & beverages,CUUR0000SAF,2021-01,270.26
food,Food & beverages,CUUR0000SAF,2021-02,270.672
food,Food & beverages,CUUR0000SAF,2021-03,271.135
food,Food & beverages,CUUR0000SAF,2021-04,272.367
food,Food & beverages,CUUR0000SAF,2021-05,273.441
food,Food & beverages,CUUR0000SAF,2021-06,275.38
food,Food & beverages,CUUR0000SAF,2021-07,277.187
food,Food & beverages,CUUR0000SAF,2021-08,278.201
food,Food & beverages,CUUR0000SAF,2021-09,280.452
food,Food & beverages,CUUR0000SAF,2021-10,282.943
food,Food & beverages,CUUR0000SAF,2021-11,284.168
food,Food & beverages,CUUR0000SAF,2021-12,285.556
food,Food & beverages,CUUR0000SAF,2022-01,288.264
food,Food & beverages,CUUR0000SAF,2022-02,291.244
food,Food & beverages,CUUR0000SAF,2022-03,294.064
food,Food & beverages,CUUR0000SAF,2022-04,296.915
food,Food & beverages,CUUR0000SAF,2022-05,300.081
food,Food & beverages,CUUR0000SAF,2022-06,302.967
food,Food & beverages,CUUR0000SAF,2022-07,306.278
food,Food & beverages,CUUR0000SAF,2022-08,308.55
food,Food & beverages,CUUR0000SAF,2022-09,310.678
food,Food & beverages,CUUR0000SAF,2022-10,312.86
food,Food & beverages,CUUR0000SAF,2022-11,313.467
food,Food & beverages,CUUR0000SAF,2022-12,314.459
food,Food & beverages,CUUR0000SAF,2023-01,316.705
food,Food & beverages,CUUR0000SAF,2023-02,318.05
food,Food & beverages,CUUR0000SAF,2023-03,318.338
food,Food & beverages,CUUR0000SAF,2023-04,319.085
food,Food & beverages,CUUR0000SAF,2023-05,319.811
food,Food & beverages,CUUR0000SAF,2023-06,320.12
food,Food & beverages,CUUR0000SAF,2023-07,321.02
food,Food & beverages,CUUR0000SAF,2023-08,321.578
food,Food & beverages,CUUR0000SAF,2023-09,322.249
food,Food & beverages,CUUR0000SAF,2023-10,323.262
food,Food & beverages,CUUR0000SAF,2023-11,322.703
food,Food & beverages,CUUR0000SAF,2023-12,322.933
food,Food & beverages,CUUR0000SAF,2024-01,324.782
food,Food & beverages,CUUR0000SAF,2024-02,325.19
food,Food & beverages,CUUR0000SAF,2024-03,325.491
food,Food & beverages,CUUR0000SAF,2024-04,326.107
food,Food & beverages,CUUR0000SAF,2024-05,326.545
food,Food & beverages,CUUR0000SAF,2024-06,327.144
food,Food & beverages,CUUR0000SAF,2024-07,327.956
food,Food & beverages,CUUR0000SAF,2024-08,328.156
food,Food & beverages,CUUR0000SAF,2024-09,329.417
food,Food & beverages,CUUR0000SAF,2024-10,330.051
food,Food & beverages,CUUR0000SAF,2024-11,330.26
food,Food & beverages,CUUR0000SAF,2024-12,330.812
food,Food & beverages,CUUR0000SAF,2025-01,332.696
food,Food & beverages,CUUR0000SAF,2025-02,333.498
food,Food & beverages,CUUR0000SAF,2025-03,334.92
food,Food & beverages,CUUR0000SAF,2025-04,334.918
food,Food & beverages,CUUR0000SAF,2025-05,335.687
food,Food & beverages,CUUR0000SAF,2025-06,336.555
food,Food & beverages,CUUR0000SAF,2025-07,337.077
food,Food & beverages,CUUR0000SAF,2025-08,338.366
food,Food & beverages,CUUR0000SAF,2025-09,339.443
food,Food & beverages,CUUR0000SAF,2025-11,338.857
food,Food & beverages,CUUR0000SAF,2025-12,340.78
food,Food & beverages,CUUR0000SAF,2026-01,342.096
food,Food & beverages,CUUR0000SAF,2026-02,343.424
food,Food & beverages,CUUR0000SAF,2026-03,343.691
food,Food & beverages,CUUR0000SAF,2026-04,345.336
food,Food & beverages,CUUR0000SAF,2026-05,345.846
food,Food & beverages,CUUR0000SAF,2026-06,346.505
food,Food & beverages,CUUR0000SAF,2026-07,346.945
housing,Housing,CUUR0000SAH,1990-01,125.9
housing,Housing,CUUR0000SAH,1990-02,126.1
housing,Housing,CUUR0000SAH,1990-03,126.8
housing,Housing,CUUR0000SAH,1990-04,126.8
housing,Housing,CUUR0000SAH,1990-05,127.1
housing,Housing,CUUR0000SAH,1990-06,128.3
housing,Housing,CUUR0000SAH,1990-07,129.2
housing,Housing,CUUR0000SAH,1990-08,130.2
housing,Housing,CUUR0000SAH,1990-09,130.5
housing,Housing,CUUR0000SAH,1990-10,130.6
housing,Housing,CUUR0000SAH,1990-11,130.4
housing,Housing,CUUR0000SAH,1990-12,130.5
housing,Housing,CUUR0000SAH,1991-01,131.8
housing,Housing,CUUR0000SAH,1991-02,132.4
housing,Housing,CUUR0000SAH,1991-03,132.6
housing,Housing,CUUR0000SAH,1991-04,132.5
housing,Housing,CUUR0000SAH,1991-05,132.8
housing,Housing,CUUR0000SAH,1991-06,133.4
housing,Housing,CUUR0000SAH,1991-07,134.2
housing,Housing,CUUR0000SAH,1991-08,134.5
housing,Housing,CUUR0000SAH,1991-09,134.7
housing,Housing,CUUR0000SAH,1991-10,134.7
housing,Housing,CUUR0000SAH,1991-11,134.7
housing,Housing,CUUR0000SAH,1991-12,135
housing,Housing,CUUR0000SAH,1992-01,135.7
housing,Housing,CUUR0000SAH,1992-02,136.1
housing,Housing,CUUR0000SAH,1992-03,136.6
housing,Housing,CUUR0000SAH,1992-04,136.5
housing,Housing,CUUR0000SAH,1992-05,136.7
housing,Housing,CUUR0000SAH,1992-06,137.7
housing,Housing,CUUR0000SAH,1992-07,138.3
housing,Housing,CUUR0000SAH,1992-08,138.6
housing,Housing,CUUR0000SAH,1992-09,138.4
housing,Housing,CUUR0000SAH,1992-10,138.5
housing,Housing,CUUR0000SAH,1992-11,138.5
housing,Housing,CUUR0000SAH,1992-12,138.5
housing,Housing,CUUR0000SAH,1993-01,139.3
housing,Housing,CUUR0000SAH,1993-02,139.7
housing,Housing,CUUR0000SAH,1993-03,140.2
housing,Housing,CUUR0000SAH,1993-04,140.4
housing,Housing,CUUR0000SAH,1993-05,140.5
housing,Housing,CUUR0000SAH,1993-06,141.5
housing,Housing,CUUR0000SAH,1993-07,141.9
housing,Housing,CUUR0000SAH,1993-08,142.3
housing,Housing,CUUR0000SAH,1993-09,142.3
housing,Housing,CUUR0000SAH,1993-10,142.2
housing,Housing,CUUR0000SAH,1993-11,142
housing,Housing,CUUR0000SAH,1993-12,142.3
housing,Housing,CUUR0000SAH,1994-01,142.9
housing,Housing,CUUR0000SAH,1994-02,143.7
housing,Housing,CUUR0000SAH,1994-03,144.1
housing,Housing,CUUR0000SAH,1994-04,143.9
housing,Housing,CUUR0000SAH,1994-05,144.1
housing,Housing,CUUR0000SAH,1994-06,144.9
housing,Housing,CUUR0000SAH,1994-07,145.4
housing,Housing,CUUR0000SAH,1994-08,145.9
housing,Housing,CUUR0000SAH,1994-09,145.8
housing,Housing,CUUR0000SAH,1994-10,145.7
housing,Housing,CUUR0000SAH,1994-11,145.5
housing,Housing,CUUR0000SAH,1994-12,145.4
housing,Housing,CUUR0000SAH,1995-01,146.4
housing,Housing,CUUR0000SAH,1995-02,147
housing,Housing,CUUR0000SAH,1995-03,147.4
housing,Housing,CUUR0000SAH,1995-04,147.4
housing,Housing,CUUR0000SAH,1995-05,147.6
housing,Housing,CUUR0000SAH,1995-06,148.5
housing,Housing,CUUR0000SAH,1995-07,149.2
housing,Housing,CUUR0000SAH,1995-08,149.6
housing,Housing,CUUR0000SAH,1995-09,149.5
housing,Housing,CUUR0000SAH,1995-10,149.7
housing,Housing,CUUR0000SAH,1995-11,149.4
housing,Housing,CUUR0000SAH,1995-12,149.7
housing,Housing,CUUR0000SAH,1996-01,150.6
housing,Housing,CUUR0000SAH,1996-02,151.2
housing,Housing,CUUR0000SAH,1996-03,151.7
housing,Housing,CUUR0000SAH,1996-04,151.8
housing,Housing,CUUR0000SAH,1996-05,152
housing,Housing,CUUR0000SAH,1996-06,152.7
housing,Housing,CUUR0000SAH,1996-07,153.6
housing,Housing,CUUR0000SAH,1996-08,154
housing,Housing,CUUR0000SAH,1996-09,153.9
housing,Housing,CUUR0000SAH,1996-10,154
housing,Housing,CUUR0000SAH,1996-11,153.9
housing,Housing,CUUR0000SAH,1996-12,154
housing,Housing,CUUR0000SAH,1997-01,155.1
housing,Housing,CUUR0000SAH,1997-02,155.8
housing,Housing,CUUR0000SAH,1997-03,155.9
housing,Housing,CUUR0000SAH,1997-04,155.8
housing,Housing,CUUR0000SAH,1997-05,155.9
housing,Housing,CUUR0000SAH,1997-06,156.9
housing,Housing,CUUR0000SAH,1997-07,157.5
housing,Housing,CUUR0000SAH,1997-08,157.6
housing,Housing,CUUR0000SAH,1997-09,157.7
housing,Housing,CUUR0000SAH,1997-10,157.7
housing,Housing,CUUR0000SAH,1997-11,157.7
housing,Housing,CUUR0000SAH,1997-12,157.7
housing,Housing,CUUR0000SAH,1998-01,158.3
housing,Housing,CUUR0000SAH,1998-02,158.8
housing,Housing,CUUR0000SAH,1998-03,159.2
housing,Housing,CUUR0000SAH,1998-04,159.5
housing,Housing,CUUR0000SAH,1998-05,159.7
housing,Housing,CUUR0000SAH,1998-06,160.6
housing,Housing,CUUR0000SAH,1998-07,161.2
housing,Housing,CUUR0000SAH,1998-08,161.5
housing,Housing,CUUR0000SAH,1998-09,161.5
housing,Housing,CUUR0000SAH,1998-10,161.4
housing,Housing,CUUR0000SAH,1998-11,161.3
housing,Housing,CUUR0000SAH,1998-12,161.3
housing,Housing,CUUR0000SAH,1999-01,161.8
housing,Housing,CUUR0000SAH,1999-02,162.3
housing,Housing,CUUR0000SAH,1999-03,162.8
housing,Housing,CUUR0000SAH,1999-04,163
housing,Housing,CUUR0000SAH,1999-05,163
housing,Housing,CUUR0000SAH,1999-06,164.1
housing,Housing,CUUR0000SAH,1999-07,164.7
housing,Housing,CUUR0000SAH,1999-08,165
housing,Housing,CUUR0000SAH,1999-09,165.2
housing,Housing,CUUR0000SAH,1999-10,165
housing,Housing,CUUR0000SAH,1999-11,164.9
housing,Housing,CUUR0000SAH,1999-12,164.8
housing,Housing,CUUR0000SAH,2000-01,166
housing,Housing,CUUR0000SAH,2000-02,167.1
housing,Housing,CUUR0000SAH,2000-03,167.8
housing,Housing,CUUR0000SAH,2000-04,167.9
housing,Housing,CUUR0000SAH,2000-05,168.1
housing,Housing,CUUR0000SAH,2000-06,169.6
housing,Housing,CUUR0000SAH,2000-07,170.6
housing,Housing,CUUR0000SAH,2000-08,170.9
housing,Housing,CUUR0000SAH,2000-09,171.4
housing,Housing,CUUR0000SAH,2000-10,171.7
housing,Housing,CUUR0000SAH,2000-11,171.6
housing,Housing,CUUR0000SAH,2000-12,171.9
housing,Housing,CUUR0000SAH,2001-01,174.1
housing,Housing,CUUR0000SAH,2001-02,174.7
housing,Housing,CUUR0000SAH,2001-03,175.4
housing,Housing,CUUR0000SAH,2001-04,175.4
housing,Housing,CUUR0000SAH,2001-05,175.9
housing,Housing,CUUR0000SAH,2001-06,177.3
housing,Housing,CUUR0000SAH,2001-07,177.6
housing,Housing,CUUR0000SAH,2001-08,178
housing,Housing,CUUR0000SAH,2001-09,177.4
housing,Housing,CUUR0000SAH,2001-10,176.7
housing,Housing,CUUR0000SAH,2001-11,176.9
housing,Housing,CUUR0000SAH,2001-12,176.9
housing,Housing,CUUR0000SAH,2002-01,177.6
housing,Housing,CUUR0000SAH,2002-02,178.5
housing,Housing,CUUR0000SAH,2002-03,179.1
housing,Housing,CUUR0000SAH,2002-04,179.5
housing,Housing,CUUR0000SAH,2002-05,179.7
housing,Housing,CUUR0000SAH,2002-06,180.7
housing,Housing,CUUR0000SAH,2002-07,181.2
housing,Housing,CUUR0000SAH,2002-08,181.7
housing,Housing,CUUR0000SAH,2002-09,181.5
housing,Housing,CUUR0000SAH,2002-10,181.4
housing,Housing,CUUR0000SAH,2002-11,181.2
housing,Housing,CUUR0000SAH,2002-12,181.1
housing,Housing,CUUR0000SAH,2003-01,182.3
housing,Housing,CUUR0000SAH,2003-02,183.2
housing,Housing,CUUR0000SAH,2003-03,184.3
housing,Housing,CUUR0000SAH,2003-04,184.1
housing,Housing,CUUR0000SAH,2003-05,184.5
housing,Housing,CUUR0000SAH,2003-06,185.3
housing,Housing,CUUR0000SAH,2003-07,185.9
housing,Housing,CUUR0000SAH,2003-08,186.1
housing,Housing,CUUR0000SAH,2003-09,185.8
housing,Housing,CUUR0000SAH,2003-10,185.7
housing,Housing,CUUR0000SAH,2003-11,185.1
housing,Housing,CUUR0000SAH,2003-12,185.1
housing,Housing,CUUR0000SAH,2004-01,186.3
housing,Housing,CUUR0000SAH,2004-02,187
housing,Housing,CUUR0000SAH,2004-03,187.9
housing,Housing,CUUR0000SAH,2004-04,188.4
housing,Housing,CUUR0000SAH,2004-05,188.9
housing,Housing,CUUR0000SAH,2004-06,190.3
housing,Housing,CUUR0000SAH,2004-07,190.9
housing,Housing,CUUR0000SAH,2004-08,191.2
housing,Housing,CUUR0000SAH,2004-09,191
housing,Housing,CUUR0000SAH,2004-10,191
housing,Housing,CUUR0000SAH,2004-11,190.8
housing,Housing,CUUR0000SAH,2004-12,190.7
housing,Housing,CUUR0000SAH,2005-01,191.8
housing,Housing,CUUR0000SAH,2005-02,192.7
housing,Housing,CUUR0000SAH,2005-03,194.1
housing,Housing,CUUR0000SAH,2005-04,194.4
housing,Housing,CUUR0000SAH,2005-05,194.5
housing,Housing,CUUR0000SAH,2005-06,195.5
housing,Housing,CUUR0000SAH,2005-07,196.6
housing,Housing,CUUR0000SAH,2005-08,196.9
housing,Housing,CUUR0000SAH,2005-09,197
housing,Housing,CUUR0000SAH,2005-10,198.4
housing,Housing,CUUR0000SAH,2005-11,198.5
housing,Housing,CUUR0000SAH,2005-12,198.3
housing,Housing,CUUR0000SAH,2006-01,200
housing,Housing,CUUR0000SAH,2006-02,200.5
housing,Housing,CUUR0000SAH,2006-03,201.3
housing,Housing,CUUR0000SAH,2006-04,201.7
housing,Housing,CUUR0000SAH,2006-05,202.2
housing,Housing,CUUR0000SAH,2006-06,203.7
housing,Housing,CUUR0000SAH,2006-07,204.7
housing,Housing,CUUR0000SAH,2006-08,205.1
housing,Housing,CUUR0000SAH,2006-09,205
housing,Housing,CUUR0000SAH,2006-10,204.4
housing,Housing,CUUR0000SAH,2006-11,204.5
housing,Housing,CUUR0000SAH,2006-12,204.8
housing,Housing,CUUR0000SAH,2007-01,206.057
housing,Housing,CUUR0000SAH,2007-02,207.177
housing,Housing,CUUR0000SAH,2007-03,208.08
housing,Housing,CUUR0000SAH,2007-04,208.541
housing,Housing,CUUR0000SAH,2007-05,208.902
housing,Housing,CUUR0000SAH,2007-06,210.649
housing,Housing,CUUR0000SAH,2007-07,211.286
housing,Housing,CUUR0000SAH,2007-08,211.098
housing,Housing,CUUR0000SAH,2007-09,210.865
housing,Housing,CUUR0000SAH,2007-10,210.701
housing,Housing,CUUR0000SAH,2007-11,210.745
housing,Housing,CUUR0000SAH,2007-12,210.933
housing,Housing,CUUR0000SAH,2008-01,212.244
housing,Housing,CUUR0000SAH,2008-02,213.026
housing,Housing,CUUR0000SAH,2008-03,214.389
housing,Housing,CUUR0000SAH,2008-04,214.89
housing,Housing,CUUR0000SAH,2008-05,215.809
housing,Housing,CUUR0000SAH,2008-06,217.941
housing,Housing,CUUR0000SAH,2008-07,219.61
housing,Housing,CUUR0000SAH,2008-08,219.148
housing,Housing,CUUR0000SAH,2008-09,218.184
housing,Housing,CUUR0000SAH,2008-10,217.383
housing,Housing,CUUR0000SAH,2008-11,216.467
housing,Housing,CUUR0000SAH,2008-12,216.073
housing,Housing,CUUR0000SAH,2009-01,216.928
housing,Housing,CUUR0000SAH,2009-02,217.18
housing,Housing,CUUR0000SAH,2009-03,217.374
housing,Housing,CUUR0000SAH,2009-04,217.126
housing,Housing,CUUR0000SAH,2009-05,216.971
housing,Housing,CUUR0000SAH,2009-06,218.071
housing,Housing,CUUR0000SAH,2009-07,218.085
housing,Housing,CUUR0000SAH,2009-08,217.827
housing,Housing,CUUR0000SAH,2009-09,217.178
housing,Housing,CUUR0000SAH,2009-10,216.612
housing,Housing,CUUR0000SAH,2009-11,215.808
housing,Housing,CUUR0000SAH,2009-12,215.523
housing,Housing,CUUR0000SAH,2010-01,215.925
housing,Housing,CUUR0000SAH,2010-02,215.841
housing,Housing,CUUR0000SAH,2010-03,216.023
housing,Housing,CUUR0000SAH,2010-04,215.798
housing,Housing,CUUR0000SAH,2010-05,215.981
housing,Housing,CUUR0000SAH,2010-06,216.778
housing,Housing,CUUR0000SAH,2010-07,217.076
housing,Housing,CUUR0000SAH,2010-08,216.976
housing,Housing,CUUR0000SAH,2010-09,216.602
housing,Housing,CUUR0000SAH,2010-10,216.1
housing,Housing,CUUR0000SAH,2010-11,215.83
housing,Housing,CUUR0000SAH,2010-12,216.142
housing,Housing,CUUR0000SAH,2011-01,216.739
housing,Housing,CUUR0000SAH,2011-02,217.259
housing,Housing,CUUR0000SAH,2011-03,217.707
housing,Housing,CUUR0000SAH,2011-04,217.901
housing,Housing,CUUR0000SAH,2011-05,218.484
housing,Housing,CUUR0000SAH,2011-06,219.553
housing,Housing,CUUR0000SAH,2011-07,220.23
housing,Housing,CUUR0000SAH,2011-08,220.506
housing,Housing,CUUR0000SAH,2011-09,220.54
housing,Housing,CUUR0000SAH,2011-10,220.138
housing,Housing,CUUR0000SAH,2011-11,219.969
housing,Housing,CUUR0000SAH,2011-12,220.193
housing,Housing,CUUR0000SAH,2012-01,220.805
housing,Housing,CUUR0000SAH,2012-02,221.117
housing,Housing,CUUR0000SAH,2012-03,221.487
housing,Housing,CUUR0000SAH,2012-04,221.682
housing,Housing,CUUR0000SAH,2012-05,221.971
housing,Housing,CUUR0000SAH,2012-06,223.051
housing,Housing,CUUR0000SAH,2012-07,223.316
housing,Housing,CUUR0000SAH,2012-08,223.699
housing,Housing,CUUR0000SAH,2012-09,223.901
housing,Housing,CUUR0000SAH,2012-10,223.708
housing,Housing,CUUR0000SAH,2012-11,223.814
housing,Housing,CUUR0000SAH,2012-12,224.032
housing,Housing,CUUR0000SAH,2013-01,224.79
housing,Housing,CUUR0000SAH,2013-02,225.382
housing,Housing,CUUR0000SAH,2013-03,225.643
housing,Housing,CUUR0000SAH,2013-04,225.986
housing,Housing,CUUR0000SAH,2013-05,226.896
housing,Housing,CUUR0000SAH,2013-06,228.068
housing,Housing,CUUR0000SAH,2013-07,228.374
housing,Housing,CUUR0000SAH,2013-08,228.564
housing,Housing,CUUR0000SAH,2013-09,228.808
housing,Housing,CUUR0000SAH,2013-10,228.362
housing,Housing,CUUR0000SAH,2013-11,228.449
housing,Housing,CUUR0000SAH,2013-12,228.892
housing,Housing,CUUR0000SAH,2014-01,230.256
housing,Housing,CUUR0000SAH,2014-02,230.905
housing,Housing,CUUR0000SAH,2014-03,231.968
housing,Housing,CUUR0000SAH,2014-04,231.689
housing,Housing,CUUR0000SAH,2014-05,232.744
housing,Housing,CUUR0000SAH,2014-06,233.894
housing,Housing,CUUR0000SAH,2014-07,234.475
housing,Housing,CUUR0000SAH,2014-08,234.571
housing,Housing,CUUR0000SAH,2014-09,234.675
housing,Housing,CUUR0000SAH,2014-10,234.434
housing,Housing,CUUR0000SAH,2014-11,234.315
housing,Housing,CUUR0000SAH,2014-12,234.658
housing,Housing,CUUR0000SAH,2015-01,235.485
housing,Housing,CUUR0000SAH,2015-02,236.016
housing,Housing,CUUR0000SAH,2015-03,236.435
housing,Housing,CUUR0000SAH,2015-04,236.777
housing,Housing,CUUR0000SAH,2015-05,237.175
housing,Housing,CUUR0000SAH,2015-06,238.568
housing,Housing,CUUR0000SAH,2015-07,239.085
housing,Housing,CUUR0000SAH,2015-08,239.298
housing,Housing,CUUR0000SAH,2015-09,239.651
housing,Housing,CUUR0000SAH,2015-10,239.395
housing,Housing,CUUR0000SAH,2015-11,239.325
housing,Housing,CUUR0000SAH,2015-12,239.514
housing,Housing,CUUR0000SAH,2016-01,240.424
housing,Housing,CUUR0000SAH,2016-02,241.015
housing,Housing,CUUR0000SAH,2016-03,241.485
housing,Housing,CUUR0000SAH,2016-04,241.79
housing,Housing,CUUR0000SAH,2016-05,242.811
housing,Housing,CUUR0000SAH,2016-06,244.28
housing,Housing,CUUR0000SAH,2016-07,244.936
housing,Housing,CUUR0000SAH,2016-08,245.472
housing,Housing,CUUR0000SAH,2016-09,246.127
housing,Housing,CUUR0000SAH,2016-10,246.264
housing,Housing,CUUR0000SAH,2016-11,246.271
housing,Housing,CUUR0000SAH,2016-12,246.795
housing,Housing,CUUR0000SAH,2017-01,247.942
housing,Housing,CUUR0000SAH,2017-02,248.693
housing,Housing,CUUR0000SAH,2017-03,248.978
housing,Housing,CUUR0000SAH,2017-04,249.514
housing,Housing,CUUR0000SAH,2017-05,250.376
housing,Housing,CUUR0000SAH,2017-06,251.629
housing,Housing,CUUR0000SAH,2017-07,251.87
housing,Housing,CUUR0000SAH,2017-08,252.615
housing,Housing,CUUR0000SAH,2017-09,252.984
housing,Housing,CUUR0000SAH,2017-10,253.125
housing,Housing,CUUR0000SAH,2017-11,253.177
housing,Housing,CUUR0000SAH,2017-12,253.845
housing,Housing,CUUR0000SAH,2018-01,254.857
housing,Housing,CUUR0000SAH,2018-02,255.713
housing,Housing,CUUR0000SAH,2018-03,256.388
housing,Housing,CUUR0000SAH,2018-04,256.969
housing,Housing,CUUR0000SAH,2018-05,257.907
housing,Housing,CUUR0000SAH,2018-06,258.71
housing,Housing,CUUR0000SAH,2018-07,259.268
housing,Housing,CUUR0000SAH,2018-08,259.884
housing,Housing,CUUR0000SAH,2018-09,259.941
housing,Housing,CUUR0000SAH,2018-10,260.268
housing,Housing,CUUR0000SAH,2018-11,260.473
housing,Housing,CUUR0000SAH,2018-12,261.36
housing,Housing,CUUR0000SAH,2019-01,262.284
housing,Housing,CUUR0000SAH,2019-02,263.057
housing,Housing,CUUR0000SAH,2019-03,263.886
housing,Housing,CUUR0000SAH,2019-04,264.452
housing,Housing,CUUR0000SAH,2019-05,265.137
housing,Housing,CUUR0000SAH,2019-06,266.461
housing,Housing,CUUR0000SAH,2019-07,267.101
housing,Housing,CUUR0000SAH,2019-08,267.263
housing,Housing,CUUR0000SAH,2019-09,267.822
housing,Housing,CUUR0000SAH,2019-10,267.794
housing,Housing,CUUR0000SAH,2019-11,267.925
housing,Housing,CUUR0000SAH,2019-12,268.236
housing,Housing,CUUR0000SAH,2020-01,269.468
housing,Housing,CUUR0000SAH,2020-02,270.281
housing,Housing,CUUR0000SAH,2020-03,270.273
housing,Housing,CUUR0000SAH,2020-04,270.184
housing,Housing,CUUR0000SAH,2020-05,270.823
housing,Housing,CUUR0000SAH,2020-06,271.831
housing,Housing,CUUR0000SAH,2020-07,272.445
housing,Housing,CUUR0000SAH,2020-08,272.866
housing,Housing,CUUR0000SAH,2020-09,273.116
housing,Housing,CUUR0000SAH,2020-10,273.014
housing,Housing,CUUR0000SAH,2020-11,273.29
housing,Housing,CUUR0000SAH,2020-12,273.684
housing,Housing,CUUR0000SAH,2021-01,274.336
housing,Housing,CUUR0000SAH,2021-02,275.137
housing,Housing,CUUR0000SAH,2021-03,276.028
housing,Housing,CUUR0000SAH,2021-04,277.258
housing,Housing,CUUR0000SAH,2021-05,278.648
housing,Housing,CUUR0000SAH,2021-06,280.366
housing,Housing,CUUR0000SAH,2021-07,281.604
housing,Housing,CUUR0000SAH,2021-08,282.391
housing,Housing,CUUR0000SAH,2021-09,283.744
housing,Housing,CUUR0000SAH,2021-10,285.31
housing,Housing,CUUR0000SAH,2021-11,286.308
housing,Housing,CUUR0000SAH,2021-12,287.511
housing,Housing,CUUR0000SAH,2022-01,289.889
housing,Housing,CUUR0000SAH,2022-02,291.504
housing,Housing,CUUR0000SAH,2022-03,293.577
housing,Housing,CUUR0000SAH,2022-04,295.259
housing,Housing,CUUR0000SAH,2022-05,297.868
housing,Housing,CUUR0000SAH,2022-06,300.927
housing,Housing,CUUR0000SAH,2022-07,302.327
housing,Housing,CUUR0000SAH,2022-08,304.506
housing,Housing,CUUR0000SAH,2022-09,306.521
housing,Housing,CUUR0000SAH,2022-10,307.816
housing,Housing,CUUR0000SAH,2022-11,308.72
housing,Housing,CUUR0000SAH,2022-12,310.725
housing,Housing,CUUR0000SAH,2023-01,313.747
housing,Housing,CUUR0000SAH,2023-02,315.431
housing,Housing,CUUR0000SAH,2023-03,316.514
housing,Housing,CUUR0000SAH,2023-04,317.278
housing,Housing,CUUR0000SAH,2023-05,318.205
housing,Housing,CUUR0000SAH,2023-06,320.002
housing,Housing,CUUR0000SAH,2023-07,321.087
housing,Housing,CUUR0000SAH,2023-08,321.894
housing,Housing,CUUR0000SAH,2023-09,323.563
housing,Housing,CUUR0000SAH,2023-10,323.964
housing,Housing,CUUR0000SAH,2023-11,324.735
housing,Housing,CUUR0000SAH,2023-12,325.64
housing,Housing,CUUR0000SAH,2024-01,328.222
housing,Housing,CUUR0000SAH,2024-02,329.704
housing,Housing,CUUR0000SAH,2024-03,331.247
housing,Housing,CUUR0000SAH,2024-04,331.688
housing,Housing,CUUR0000SAH,2024-05,332.777
housing,Housing,CUUR0000SAH,2024-06,334.087
housing,Housing,CUUR0000SAH,2024-07,335.056
housing,Housing,CUUR0000SAH,2024-08,335.931
housing,Housing,CUUR0000SAH,2024-09,336.776
housing,Housing,CUUR0000SAH,2024-10,337.47
housing,Housing,CUUR0000SAH,2024-11,338.048
housing,Housing,CUUR0000SAH,2024-12,338.883
housing,Housing,CUUR0000SAH,2025-01,340.875
housing,Housing,CUUR0000SAH,2025-02,342.398
housing,Housing,CUUR0000SAH,2025-03,343.512
housing,Housing,CUUR0000SAH,2025-04,344.801
housing,Housing,CUUR0000SAH,2025-05,345.938
housing,Housing,CUUR0000SAH,2025-06,347.593
housing,Housing,CUUR0000SAH,2025-07,348.21
housing,Housing,CUUR0000SAH,2025-08,349.277
housing,Housing,CUUR0000SAH,2025-09,349.773
housing,Housing,CUUR0000SAH,2025-11,349.973
housing,Housing,CUUR0000SAH,2025-12,351.072
housing,Housing,CUUR0000SAH,2026-01,352.54
housing,Housing,CUUR0000SAH,2026-02,353.737
housing,Housing,CUUR0000SAH,2026-03,355.096
housing,Housing,CUUR0000SAH,2026-04,357.345
housing,Housing,CUUR0000SAH,2026-05,358.388
housing,Housing,CUUR0000SAH,2026-06,359.189
housing,Housing,CUUR0000SAH,2026-07,359.556
apparel,Apparel,CUUR0000SAA,1990-01,116.7
apparel,Apparel,CUUR0000SAA,1990-02,120.4
apparel,Apparel,CUUR0000SAA,1990-03,125.4
apparel,Apparel,CUUR0000SAA,1990-04,126.7
apparel,Apparel,CUUR0000SAA,1990-05,125.5
apparel,Apparel,CUUR0000SAA,1990-06,123.3
apparel,Apparel,CUUR0000SAA,1990-07,120.8
apparel,Apparel,CUUR0000SAA,1990-08,122.2
apparel,Apparel,CUUR0000SAA,1990-09,126.8
apparel,Apparel,CUUR0000SAA,1990-10,128.4
apparel,Apparel,CUUR0000SAA,1990-11,127.5
apparel,Apparel,CUUR0000SAA,1990-12,125.3
apparel,Apparel,CUUR0000SAA,1991-01,123.8
apparel,Apparel,CUUR0000SAA,1991-02,126.2
apparel,Apparel,CUUR0000SAA,1991-03,128.8
apparel,Apparel,CUUR0000SAA,1991-04,130.1
apparel,Apparel,CUUR0000SAA,1991-05,129.4
apparel,Apparel,CUUR0000SAA,1991-06,126.9
apparel,Apparel,CUUR0000SAA,1991-07,125.2
apparel,Apparel,CUUR0000SAA,1991-08,127.6
apparel,Apparel,CUUR0000SAA,1991-09,131.3
apparel,Apparel,CUUR0000SAA,1991-10,132.7
apparel,Apparel,CUUR0000SAA,1991-11,132.9
apparel,Apparel,CUUR0000SAA,1991-12,129.6
apparel,Apparel,CUUR0000SAA,1992-01,127.9
apparel,Apparel,CUUR0000SAA,1992-02,130.2
apparel,Apparel,CUUR0000SAA,1992-03,133.4
apparel,Apparel,CUUR0000SAA,1992-04,133.3
apparel,Apparel,CUUR0000SAA,1992-05,133.1
apparel,Apparel,CUUR0000SAA,1992-06,131
apparel,Apparel,CUUR0000SAA,1992-07,129.2
apparel,Apparel,CUUR0000SAA,1992-08,130.2
apparel,Apparel,CUUR0000SAA,1992-09,133.3
apparel,Apparel,CUUR0000SAA,1992-10,135
apparel,Apparel,CUUR0000SAA,1992-11,134.5
apparel,Apparel,CUUR0000SAA,1992-12,131.4
apparel,Apparel,CUUR0000SAA,1993-01,129.7
apparel,Apparel,CUUR0000SAA,1993-02,133.4
apparel,Apparel,CUUR0000SAA,1993-03,136.2
apparel,Apparel,CUUR0000SAA,1993-04,136.9
apparel,Apparel,CUUR0000SAA,1993-05,135
apparel,Apparel,CUUR0000SAA,1993-06,131.9
apparel,Apparel,CUUR0000SAA,1993-07,129.4
apparel,Apparel,CUUR0000SAA,1993-08,131.9
apparel,Apparel,CUUR0000SAA,1993-09,134.6
apparel,Apparel,CUUR0000SAA,1993-10,136.1
apparel,Apparel,CUUR0000SAA,1993-11,136.2
apparel,Apparel,CUUR0000SAA,1993-12,132.6
apparel,Apparel,CUUR0000SAA,1994-01,130.4
apparel,Apparel,CUUR0000SAA,1994-02,132.4
apparel,Apparel,CUUR0000SAA,1994-03,136.1
apparel,Apparel,CUUR0000SAA,1994-04,136.4
apparel,Apparel,CUUR0000SAA,1994-05,135.6
apparel,Apparel,CUUR0000SAA,1994-06,133.8
apparel,Apparel,CUUR0000SAA,1994-07,130.9
apparel,Apparel,CUUR0000SAA,1994-08,131.1
apparel,Apparel,CUUR0000SAA,1994-09,134.2
apparel,Apparel,CUUR0000SAA,1994-10,135.2
apparel,Apparel,CUUR0000SAA,1994-11,134.2
apparel,Apparel,CUUR0000SAA,1994-12,130.5
apparel,Apparel,CUUR0000SAA,1995-01,129.4
apparel,Apparel,CUUR0000SAA,1995-02,131.1
apparel,Apparel,CUUR0000SAA,1995-03,134.4
apparel,Apparel,CUUR0000SAA,1995-04,134.8
apparel,Apparel,CUUR0000SAA,1995-05,133.4
apparel,Apparel,CUUR0000SAA,1995-06,130.5
apparel,Apparel,CUUR0000SAA,1995-07,128.3
apparel,Apparel,CUUR0000SAA,1995-08,130.1
apparel,Apparel,CUUR0000SAA,1995-09,132.7
apparel,Apparel,CUUR0000SAA,1995-10,134.5
apparel,Apparel,CUUR0000SAA,1995-11,133.7
apparel,Apparel,CUUR0000SAA,1995-12,130.6
apparel,Apparel,CUUR0000SAA,1996-01,130
apparel,Apparel,CUUR0000SAA,1996-02,131.2
apparel,Apparel,CUUR0000SAA,1996-03,134.8
apparel,Apparel,CUUR0000SAA,1996-04,134.9
apparel,Apparel,CUUR0000SAA,1996-05,133.7
apparel,Apparel,CUUR0000SAA,1996-06,130.8
apparel,Apparel,CUUR0000SAA,1996-07,128.3
apparel,Apparel,CUUR0000SAA,1996-08,128.1
apparel,Apparel,CUUR0000SAA,1996-09,131.5
apparel,Apparel,CUUR0000SAA,1996-10,133.4
apparel,Apparel,CUUR0000SAA,1996-11,133.4
apparel,Apparel,CUUR0000SAA,1996-12,130.3
apparel,Apparel,CUUR0000SAA,1997-01,129.6
apparel,Apparel,CUUR0000SAA,1997-02,131.9
apparel,Apparel,CUUR0000SAA,1997-03,134.5
apparel,Apparel,CUUR0000SAA,1997-04,136.1
apparel,Apparel,CUUR0000SAA,1997-05,135.3
apparel,Apparel,CUUR0000SAA,1997-06,132.4
apparel,Apparel,CUUR0000SAA,1997-07,130.2
apparel,Apparel,CUUR0000SAA,1997-08,130
apparel,Apparel,CUUR0000SAA,1997-09,133
apparel,Apparel,CUUR0000SAA,1997-10,134.9
apparel,Apparel,CUUR0000SAA,1997-11,134.7
apparel,Apparel,CUUR0000SAA,1997-12,131.6
apparel,Apparel,CUUR0000SAA,1998-01,129.8
apparel,Apparel,CUUR0000SAA,1998-02,131.9
apparel,Apparel,CUUR0000SAA,1998-03,134.9
apparel,Apparel,CUUR0000SAA,1998-04,135.8
apparel,Apparel,CUUR0000SAA,1998-05,135.3
apparel,Apparel,CUUR0000SAA,1998-06,132.5
apparel,Apparel,CUUR0000SAA,1998-07,129.6
apparel,Apparel,CUUR0000SAA,1998-08,131.6
apparel,Apparel,CUUR0000SAA,1998-09,133.6
apparel,Apparel,CUUR0000SAA,1998-10,135.6
apparel,Apparel,CUUR0000SAA,1998-11,135
apparel,Apparel,CUUR0000SAA,1998-12,130.7
apparel,Apparel,CUUR0000SAA,1999-01,127.9
apparel,Apparel,CUUR0000SAA,1999-02,129.7
apparel,Apparel,CUUR0000SAA,1999-03,132.7
apparel,Apparel,CUUR0000SAA,1999-04,135.2
apparel,Apparel,CUUR0000SAA,1999-05,134.2
apparel,Apparel,CUUR0000SAA,1999-06,130.9
apparel,Apparel,CUUR0000SAA,1999-07,127.3
apparel,Apparel,CUUR0000SAA,1999-08,127.5
apparel,Apparel,CUUR0000SAA,1999-09,131.8
apparel,Apparel,CUUR0000SAA,1999-10,134.6
apparel,Apparel,CUUR0000SAA,1999-11,133.6
apparel,Apparel,CUUR0000SAA,1999-12,130.1
apparel,Apparel,CUUR0000SAA,2000-01,126.8
apparel,Apparel,CUUR0000SAA,2000-02,129.2
apparel,Apparel,CUUR0000SAA,2000-03,132.5
apparel,Apparel,CUUR0000SAA,2000-04,133.3
apparel,Apparel,CUUR0000SAA,2000-05,132.2
apparel,Apparel,CUUR0000SAA,2000-06,128.3
apparel,Apparel,CUUR0000SAA,2000-07,124.5
apparel,Apparel,CUUR0000SAA,2000-08,125.3
apparel,Apparel,CUUR0000SAA,2000-09,130.4
apparel,Apparel,CUUR0000SAA,2000-10,132.8
apparel,Apparel,CUUR0000SAA,2000-11,131.8
apparel,Apparel,CUUR0000SAA,2000-12,127.8
apparel,Apparel,CUUR0000SAA,2001-01,125.4
apparel,Apparel,CUUR0000SAA,2001-02,128.4
apparel,Apparel,CUUR0000SAA,2001-03,132.2
apparel,Apparel,CUUR0000SAA,2001-04,131.9
apparel,Apparel,CUUR0000SAA,2001-05,129.8
apparel,Apparel,CUUR0000SAA,2001-06,126.3
apparel,Apparel,CUUR0000SAA,2001-07,122.6
apparel,Apparel,CUUR0000SAA,2001-08,122.6
apparel,Apparel,CUUR0000SAA,2001-09,126.8
apparel,Apparel,CUUR0000SAA,2001-10,129.5
apparel,Apparel,CUUR0000SAA,2001-11,128
apparel,Apparel,CUUR0000SAA,2001-12,123.7
apparel,Apparel,CUUR0000SAA,2002-01,120.4
apparel,Apparel,CUUR0000SAA,2002-02,123.5
apparel,Apparel,CUUR0000SAA,2002-03,128.2
apparel,Apparel,CUUR0000SAA,2002-04,128.8
apparel,Apparel,CUUR0000SAA,2002-05,127.1
apparel,Apparel,CUUR0000SAA,2002-06,122.7
apparel,Apparel,CUUR0000SAA,2002-07,118.7
apparel,Apparel,CUUR0000SAA,2002-08,120.5
apparel,Apparel,CUUR0000SAA,2002-09,124.6
apparel,Apparel,CUUR0000SAA,2002-10,126.8
apparel,Apparel,CUUR0000SAA,2002-11,125.5
apparel,Apparel,CUUR0000SAA,2002-12,121.5
apparel,Apparel,CUUR0000SAA,2003-01,118.1
apparel,Apparel,CUUR0000SAA,2003-02,120.6
apparel,Apparel,CUUR0000SAA,2003-03,123.6
apparel,Apparel,CUUR0000SAA,2003-04,123.9
apparel,Apparel,CUUR0000SAA,2003-05,122.5
apparel,Apparel,CUUR0000SAA,2003-06,119.5
apparel,Apparel,CUUR0000SAA,2003-07,116.2
apparel,Apparel,CUUR0000SAA,2003-08,117.2
apparel,Apparel,CUUR0000SAA,2003-09,122
apparel,Apparel,CUUR0000SAA,2003-10,124.8
apparel,Apparel,CUUR0000SAA,2003-11,123.1
apparel,Apparel,CUUR0000SAA,2003-12,119
apparel,Apparel,CUUR0000SAA,2004-01,115.8
apparel,Apparel,CUUR0000SAA,2004-02,118.6
apparel,Apparel,CUUR0000SAA,2004-03,123.5
apparel,Apparel,CUUR0000SAA,2004-04,124.3
apparel,Apparel,CUUR0000SAA,2004-05,123.4
apparel,Apparel,CUUR0000SAA,2004-06,120.1
apparel,Apparel,CUUR0000SAA,2004-07,115.9
apparel,Apparel,CUUR0000SAA,2004-08,116.5
apparel,Apparel,CUUR0000SAA,2004-09,121.2
apparel,Apparel,CUUR0000SAA,2004-10,124.1
apparel,Apparel,CUUR0000SAA,2004-11,123
apparel,Apparel,CUUR0000SAA,2004-12,118.8
apparel,Apparel,CUUR0000SAA,2005-01,116.1
apparel,Apparel,CUUR0000SAA,2005-02,118.7
apparel,Apparel,CUUR0000SAA,2005-03,123.5
apparel,Apparel,CUUR0000SAA,2005-04,123.7
apparel,Apparel,CUUR0000SAA,2005-05,122.4
apparel,Apparel,CUUR0000SAA,2005-06,118.3
apparel,Apparel,CUUR0000SAA,2005-07,113.8
apparel,Apparel,CUUR0000SAA,2005-08,115.8
apparel,Apparel,CUUR0000SAA,2005-09,120.5
apparel,Apparel,CUUR0000SAA,2005-10,122.7
apparel,Apparel,CUUR0000SAA,2005-11,121.5
apparel,Apparel,CUUR0000SAA,2005-12,117.5
apparel,Apparel,CUUR0000SAA,2006-01,114.9
apparel,Apparel,CUUR0000SAA,2006-02,116.6
apparel,Apparel,CUUR0000SAA,2006-03,122
apparel,Apparel,CUUR0000SAA,2006-04,123.4
apparel,Apparel,CUUR0000SAA,2006-05,122.4
apparel,Apparel,CUUR0000SAA,2006-06,118.9
apparel,Apparel,CUUR0000SAA,2006-07,113.8
apparel,Apparel,CUUR0000SAA,2006-08,116.1
apparel,Apparel,CUUR0000SAA,2006-09,121.7
apparel,Apparel,CUUR0000SAA,2006-10,123.3
apparel,Apparel,CUUR0000SAA,2006-11,121.7
apparel,Apparel,CUUR0000SAA,2006-12,118.6
apparel,Apparel,CUUR0000SAA,2007-01,115.988
apparel,Apparel,CUUR0000SAA,2007-02,119.017
apparel,Apparel,CUUR0000SAA,2007-03,122.582
apparel,Apparel,CUUR0000SAA,2007-04,122.934
apparel,Apparel,CUUR0000SAA,2007-05,121.452
apparel,Apparel,CUUR0000SAA,2007-06,117.225
apparel,Apparel,CUUR0000SAA,2007-07,113.5
apparel,Apparel,CUUR0000SAA,2007-08,114.439
apparel,Apparel,CUUR0000SAA,2007-09,119.535
apparel,Apparel,CUUR0000SAA,2007-10,121.846
apparel,Apparel,CUUR0000SAA,2007-11,121.204
apparel,Apparel,CUUR0000SAA,2007-12,118.257
apparel,Apparel,CUUR0000SAA,2008-01,115.795
apparel,Apparel,CUUR0000SAA,2008-02,117.839
apparel,Apparel,CUUR0000SAA,2008-03,120.881
apparel,Apparel,CUUR0000SAA,2008-04,122.113
apparel,Apparel,CUUR0000SAA,2008-05,120.752
apparel,Apparel,CUUR0000SAA,2008-06,117.019
apparel,Apparel,CUUR0000SAA,2008-07,114.357
apparel,Apparel,CUUR0000SAA,2008-08,116.376
apparel,Apparel,CUUR0000SAA,2008-09,121.168
apparel,Apparel,CUUR0000SAA,2008-10,122.243
apparel,Apparel,CUUR0000SAA,2008-11,121.262
apparel,Apparel,CUUR0000SAA,2008-12,117.078
apparel,Apparel,CUUR0000SAA,2009-01,114.764
apparel,Apparel,CUUR0000SAA,2009-02,118.825
apparel,Apparel,CUUR0000SAA,2009-03,122.545
apparel,Apparel,CUUR0000SAA,2009-04,123.208
apparel,Apparel,CUUR0000SAA,2009-05,121.751
apparel,Apparel,CUUR0000SAA,2009-06,118.799
apparel,Apparel,CUUR0000SAA,2009-07,115.62
apparel,Apparel,CUUR0000SAA,2009-08,117.13
apparel,Apparel,CUUR0000SAA,2009-09,122.476
apparel,Apparel,CUUR0000SAA,2009-10,123.998
apparel,Apparel,CUUR0000SAA,2009-11,122.465
apparel,Apparel,CUUR0000SAA,2009-12,119.357
apparel,Apparel,CUUR0000SAA,2010-01,116.678
apparel,Apparel,CUUR0000SAA,2010-02,118.869
apparel,Apparel,CUUR0000SAA,2010-03,122.073
apparel,Apparel,CUUR0000SAA,2010-04,122.143
apparel,Apparel,CUUR0000SAA,2010-05,121.006
apparel,Apparel,CUUR0000SAA,2010-06,118.319
apparel,Apparel,CUUR0000SAA,2010-07,115.248
apparel,Apparel,CUUR0000SAA,2010-08,116.667
apparel,Apparel,CUUR0000SAA,2010-09,121.011
apparel,Apparel,CUUR0000SAA,2010-10,122.454
apparel,Apparel,CUUR0000SAA,2010-11,121.498
apparel,Apparel,CUUR0000SAA,2010-12,118.071
apparel,Apparel,CUUR0000SAA,2011-01,116.664
apparel,Apparel,CUUR0000SAA,2011-02,118.369
apparel,Apparel,CUUR0000SAA,2011-03,121.286
apparel,Apparel,CUUR0000SAA,2011-04,122.226
apparel,Apparel,CUUR0000SAA,2011-05,122.271
apparel,Apparel,CUUR0000SAA,2011-06,120.578
apparel,Apparel,CUUR0000SAA,2011-07,118.77
apparel,Apparel,CUUR0000SAA,2011-08,121.547
apparel,Apparel,CUUR0000SAA,2011-09,125.272
apparel,Apparel,CUUR0000SAA,2011-10,127.59
apparel,Apparel,CUUR0000SAA,2011-11,127.285
apparel,Apparel,CUUR0000SAA,2011-12,123.47
apparel,Apparel,CUUR0000SAA,2012-01,122.105
apparel,Apparel,CUUR0000SAA,2012-02,123.312
apparel,Apparel,CUUR0000SAA,2012-03,127.258
apparel,Apparel,CUUR0000SAA,2012-04,128.485
apparel,Apparel,CUUR0000SAA,2012-05,127.688
apparel,Apparel,CUUR0000SAA,2012-06,125.241
apparel,Apparel,CUUR0000SAA,2012-07,122.3
apparel,Apparel,CUUR0000SAA,2012-08,123.568
apparel,Apparel,CUUR0000SAA,2012-09,128.63
apparel,Apparel,CUUR0000SAA,2012-10,131.359
apparel,Apparel,CUUR0000SAA,2012-11,129.573
apparel,Apparel,CUUR0000SAA,2012-12,125.656
apparel,Apparel,CUUR0000SAA,2013-01,124.687
apparel,Apparel,CUUR0000SAA,2013-02,126.303
apparel,Apparel,CUUR0000SAA,2013-03,128.279
apparel,Apparel,CUUR0000SAA,2013-04,128.861
apparel,Apparel,CUUR0000SAA,2013-05,127.952
apparel,Apparel,CUUR0000SAA,2013-06,126.205
apparel,Apparel,CUUR0000SAA,2013-07,124.215
apparel,Apparel,CUUR0000SAA,2013-08,125.767
apparel,Apparel,CUUR0000SAA,2013-09,129.701
apparel,Apparel,CUUR0000SAA,2013-10,131.07
apparel,Apparel,CUUR0000SAA,2013-11,129.435
apparel,Apparel,CUUR0000SAA,2013-12,126.461
apparel,Apparel,CUUR0000SAA,2014-01,124.275
apparel,Apparel,CUUR0000SAA,2014-02,125.493
apparel,Apparel,CUUR0000SAA,2014-03,128.888
apparel,Apparel,CUUR0000SAA,2014-04,129.629
apparel,Apparel,CUUR0000SAA,2014-05,128.963
apparel,Apparel,CUUR0000SAA,2014-06,127.302
apparel,Apparel,CUUR0000SAA,2014-07,124.645
apparel,Apparel,CUUR0000SAA,2014-08,125.726
apparel,Apparel,CUUR0000SAA,2014-09,130.324
apparel,Apparel,CUUR0000SAA,2014-10,131.961
apparel,Apparel,CUUR0000SAA,2014-11,129.023
apparel,Apparel,CUUR0000SAA,2014-12,123.942
apparel,Apparel,CUUR0000SAA,2015-01,122.527
apparel,Apparel,CUUR0000SAA,2015-02,124.457
apparel,Apparel,CUUR0000SAA,2015-03,128.245
apparel,Apparel,CUUR0000SAA,2015-04,128.593
apparel,Apparel,CUUR0000SAA,2015-05,127.083
apparel,Apparel,CUUR0000SAA,2015-06,124.954
apparel,Apparel,CUUR0000SAA,2015-07,122.607
apparel,Apparel,CUUR0000SAA,2015-08,124.547
apparel,Apparel,CUUR0000SAA,2015-09,128.54
apparel,Apparel,CUUR0000SAA,2015-10,129.446
apparel,Apparel,CUUR0000SAA,2015-11,127.039
apparel,Apparel,CUUR0000SAA,2015-12,122.792
apparel,Apparel,CUUR0000SAA,2016-01,121.878
apparel,Apparel,CUUR0000SAA,2016-02,125.567
apparel,Apparel,CUUR0000SAA,2016-03,127.427
apparel,Apparel,CUUR0000SAA,2016-04,127.77
apparel,Apparel,CUUR0000SAA,2016-05,127.758
apparel,Apparel,CUUR0000SAA,2016-06,125.472
apparel,Apparel,CUUR0000SAA,2016-07,123.03
apparel,Apparel,CUUR0000SAA,2016-08,124.871
apparel,Apparel,CUUR0000SAA,2016-09,128.429
apparel,Apparel,CUUR0000SAA,2016-10,130.328
apparel,Apparel,CUUR0000SAA,2016-11,127.377
apparel,Apparel,CUUR0000SAA,2016-12,122.637
apparel,Apparel,CUUR0000SAA,2017-01,123.088
apparel,Apparel,CUUR0000SAA,2017-02,126.1
apparel,Apparel,CUUR0000SAA,2017-03,128.25
apparel,Apparel,CUUR0000SAA,2017-04,128.349
apparel,Apparel,CUUR0000SAA,2017-05,126.563
apparel,Apparel,CUUR0000SAA,2017-06,124.63
apparel,Apparel,CUUR0000SAA,2017-07,122.485
apparel,Apparel,CUUR0000SAA,2017-08,124.147
apparel,Apparel,CUUR0000SAA,2017-09,128.15
apparel,Apparel,CUUR0000SAA,2017-10,129.57
apparel,Apparel,CUUR0000SAA,2017-11,125.398
apparel,Apparel,CUUR0000SAA,2017-12,120.614
apparel,Apparel,CUUR0000SAA,2018-01,122.266
apparel,Apparel,CUUR0000SAA,2018-02,126.587
apparel,Apparel,CUUR0000SAA,2018-03,128.604
apparel,Apparel,CUUR0000SAA,2018-04,129.365
apparel,Apparel,CUUR0000SAA,2018-05,128.362
apparel,Apparel,CUUR0000SAA,2018-06,125.382
apparel,Apparel,CUUR0000SAA,2018-07,122.831
apparel,Apparel,CUUR0000SAA,2018-08,122.447
apparel,Apparel,CUUR0000SAA,2018-09,127.44
apparel,Apparel,CUUR0000SAA,2018-10,129.108
apparel,Apparel,CUUR0000SAA,2018-11,124.935
apparel,Apparel,CUUR0000SAA,2018-12,120.526
apparel,Apparel,CUUR0000SAA,2019-01,122.422
apparel,Apparel,CUUR0000SAA,2019-02,125.631
apparel,Apparel,CUUR0000SAA,2019-03,125.785
apparel,Apparel,CUUR0000SAA,2019-04,125.542
apparel,Apparel,CUUR0000SAA,2019-05,124.429
apparel,Apparel,CUUR0000SAA,2019-06,123.749
apparel,Apparel,CUUR0000SAA,2019-07,122.161
apparel,Apparel,CUUR0000SAA,2019-08,123.641
apparel,Apparel,CUUR0000SAA,2019-09,127.009
apparel,Apparel,CUUR0000SAA,2019-10,126.154
apparel,Apparel,CUUR0000SAA,2019-11,122.986
apparel,Apparel,CUUR0000SAA,2019-12,119.111
apparel,Apparel,CUUR0000SAA,2020-01,120.853
apparel,Apparel,CUUR0000SAA,2020-02,124.438
apparel,Apparel,CUUR0000SAA,2020-03,123.815
apparel,Apparel,CUUR0000SAA,2020-04,118.394
apparel,Apparel,CUUR0000SAA,2020-05,114.582
apparel,Apparel,CUUR0000SAA,2020-06,114.734
apparel,Apparel,CUUR0000SAA,2020-07,114.267
apparel,Apparel,CUUR0000SAA,2020-08,116.299
apparel,Apparel,CUUR0000SAA,2020-09,119.354
apparel,Apparel,CUUR0000SAA,2020-10,119.172
apparel,Apparel,CUUR0000SAA,2020-11,116.602
apparel,Apparel,CUUR0000SAA,2020-12,114.434
apparel,Apparel,CUUR0000SAA,2021-01,117.785
apparel,Apparel,CUUR0000SAA,2021-02,119.998
apparel,Apparel,CUUR0000SAA,2021-03,120.746
apparel,Apparel,CUUR0000SAA,2021-04,120.656
apparel,Apparel,CUUR0000SAA,2021-05,120.951
apparel,Apparel,CUUR0000SAA,2021-06,120.324
apparel,Apparel,CUUR0000SAA,2021-07,119.078
apparel,Apparel,CUUR0000SAA,2021-08,121.194
apparel,Apparel,CUUR0000SAA,2021-09,123.406
apparel,Apparel,CUUR0000SAA,2021-10,124.323
apparel,Apparel,CUUR0000SAA,2021-11,122.383
apparel,Apparel,CUUR0000SAA,2021-12,121.068
apparel,Apparel,CUUR0000SAA,2022-01,124.079
apparel,Apparel,CUUR0000SAA,2022-02,127.868
apparel,Apparel,CUUR0000SAA,2022-03,128.919
apparel,Apparel,CUUR0000SAA,2022-04,127.126
apparel,Apparel,CUUR0000SAA,2022-05,126.97
apparel,Apparel,CUUR0000SAA,2022-06,126.619
apparel,Apparel,CUUR0000SAA,2022-07,125.188
apparel,Apparel,CUUR0000SAA,2022-08,127.328
apparel,Apparel,CUUR0000SAA,2022-09,130.143
apparel,Apparel,CUUR0000SAA,2022-10,129.414
apparel,Apparel,CUUR0000SAA,2022-11,126.728
apparel,Apparel,CUUR0000SAA,2022-12,124.587
apparel,Apparel,CUUR0000SAA,2023-01,127.875
apparel,Apparel,CUUR0000SAA,2023-02,132.039
apparel,Apparel,CUUR0000SAA,2023-03,133.112
apparel,Apparel,CUUR0000SAA,2023-04,131.762
apparel,Apparel,CUUR0000SAA,2023-05,131.382
apparel,Apparel,CUUR0000SAA,2023-06,130.51
apparel,Apparel,CUUR0000SAA,2023-07,129.172
apparel,Apparel,CUUR0000SAA,2023-08,131.262
apparel,Apparel,CUUR0000SAA,2023-09,133.157
apparel,Apparel,CUUR0000SAA,2023-10,132.786
apparel,Apparel,CUUR0000SAA,2023-11,128.093
apparel,Apparel,CUUR0000SAA,2023-12,125.794
apparel,Apparel,CUUR0000SAA,2024-01,127.946
apparel,Apparel,CUUR0000SAA,2024-02,131.985
apparel,Apparel,CUUR0000SAA,2024-03,133.64
apparel,Apparel,CUUR0000SAA,2024-04,133.502
apparel,Apparel,CUUR0000SAA,2024-05,132.433
apparel,Apparel,CUUR0000SAA,2024-06,131.525
apparel,Apparel,CUUR0000SAA,2024-07,129.466
apparel,Apparel,CUUR0000SAA,2024-08,131.683
apparel,Apparel,CUUR0000SAA,2024-09,135.537
apparel,Apparel,CUUR0000SAA,2024-10,133.179
apparel,Apparel,CUUR0000SAA,2024-11,129.542
apparel,Apparel,CUUR0000SAA,2024-12,127.354
apparel,Apparel,CUUR0000SAA,2025-01,128.464
apparel,Apparel,CUUR0000SAA,2025-02,132.774
apparel,Apparel,CUUR0000SAA,2025-03,134.082
apparel,Apparel,CUUR0000SAA,2025-04,132.544
apparel,Apparel,CUUR0000SAA,2025-05,131.223
apparel,Apparel,CUUR0000SAA,2025-06,130.844
apparel,Apparel,CUUR0000SAA,2025-07,129.19
apparel,Apparel,CUUR0000SAA,2025-08,131.989
apparel,Apparel,CUUR0000SAA,2025-09,135.424
apparel,Apparel,CUUR0000SAA,2025-11,129.763
apparel,Apparel,CUUR0000SAA,2025-12,128.122
apparel,Apparel,CUUR0000SAA,2026-01,130.685
apparel,Apparel,CUUR0000SAA,2026-02,136.132
apparel,Apparel,CUUR0000SAA,2026-03,138.582
apparel,Apparel,CUUR0000SAA,2026-04,138.074
apparel,Apparel,CUUR0000SAA,2026-05,137.51
apparel,Apparel,CUUR0000SAA,2026-06,135.917
apparel,Apparel,CUUR0000SAA,2026-07,134.182
transportation,Transportation,CUUR0000SAT,1990-01,117.2
transportation,Transportation,CUUR0000SAT,1990-02,117.1
transportation,Transportation,CUUR0000SAT,1990-03,116.8
transportation,Transportation,CUUR0000SAT,1990-04,117.3
transportation,Transportation,CUUR0000SAT,1990-05,117.7
transportation,Transportation,CUUR0000SAT,1990-06,118.2
transportation,Transportation,CUUR0000SAT,1990-07,118.4
transportation,Transportation,CUUR0000SAT,1990-08,120.6
transportation,Transportation,CUUR0000SAT,1990-09,123
transportation,Transportation,CUUR0000SAT,1990-10,125.8
transportation,Transportation,CUUR0000SAT,1990-11,126.9
transportation,Transportation,CUUR0000SAT,1990-12,127.2
transportation,Transportation,CUUR0000SAT,1991-01,125.5
transportation,Transportation,CUUR0000SAT,1991-02,123.7
transportation,Transportation,CUUR0000SAT,1991-03,122.3
transportation,Transportation,CUUR0000SAT,1991-04,122.2
transportation,Transportation,CUUR0000SAT,1991-05,123.3
transportation,Transportation,CUUR0000SAT,1991-06,123.7
transportation,Transportation,CUUR0000SAT,1991-07,123.4
transportation,Transportation,CUUR0000SAT,1991-08,123.8
transportation,Transportation,CUUR0000SAT,1991-09,123.8
transportation,Transportation,CUUR0000SAT,1991-10,124
transportation,Transportation,CUUR0000SAT,1991-11,125
transportation,Transportation,CUUR0000SAT,1991-12,125.3
transportation,Transportation,CUUR0000SAT,1992-01,124.5
transportation,Transportation,CUUR0000SAT,1992-02,124.1
transportation,Transportation,CUUR0000SAT,1992-03,124.4
transportation,Transportation,CUUR0000SAT,1992-04,125.2
transportation,Transportation,CUUR0000SAT,1992-05,126.3
transportation,Transportation,CUUR0000SAT,1992-06,126.9
transportation,Transportation,CUUR0000SAT,1992-07,127.2
transportation,Transportation,CUUR0000SAT,1992-08,126.9
transportation,Transportation,CUUR0000SAT,1992-09,126.8
transportation,Transportation,CUUR0000SAT,1992-10,128
transportation,Transportation,CUUR0000SAT,1992-11,129.2
transportation,Transportation,CUUR0000SAT,1992-12,129
transportation,Transportation,CUUR0000SAT,1993-01,129.1
transportation,Transportation,CUUR0000SAT,1993-02,129.2
transportation,Transportation,CUUR0000SAT,1993-03,129
transportation,Transportation,CUUR0000SAT,1993-04,129.4
transportation,Transportation,CUUR0000SAT,1993-05,130.2
transportation,Transportation,CUUR0000SAT,1993-06,130.3
transportation,Transportation,CUUR0000SAT,1993-07,130.3
transportation,Transportation,CUUR0000SAT,1993-08,130.2
transportation,Transportation,CUUR0000SAT,1993-09,130.1
transportation,Transportation,CUUR0000SAT,1993-10,131.8
transportation,Transportation,CUUR0000SAT,1993-11,132.6
transportation,Transportation,CUUR0000SAT,1993-12,132.1
transportation,Transportation,CUUR0000SAT,1994-01,131.6
transportation,Transportation,CUUR0000SAT,1994-02,131.9
transportation,Transportation,CUUR0000SAT,1994-03,132.2
transportation,Transportation,CUUR0000SAT,1994-04,132.6
transportation,Transportation,CUUR0000SAT,1994-05,132.8
transportation,Transportation,CUUR0000SAT,1994-06,133.8
transportation,Transportation,CUUR0000SAT,1994-07,134.6
transportation,Transportation,CUUR0000SAT,1994-08,135.9
transportation,Transportation,CUUR0000SAT,1994-09,135.9
transportation,Transportation,CUUR0000SAT,1994-10,136.1
transportation,Transportation,CUUR0000SAT,1994-11,137.1
transportation,Transportation,CUUR0000SAT,1994-12,137.1
transportation,Transportation,CUUR0000SAT,1995-01,137.3
transportation,Transportation,CUUR0000SAT,1995-02,137.5
transportation,Transportation,CUUR0000SAT,1995-03,138
transportation,Transportation,CUUR0000SAT,1995-04,139.1
transportation,Transportation,CUUR0000SAT,1995-05,140.3
transportation,Transportation,CUUR0000SAT,1995-06,141.1
transportation,Transportation,CUUR0000SAT,1995-07,140.1
transportation,Transportation,CUUR0000SAT,1995-08,139.2
transportation,Transportation,CUUR0000SAT,1995-09,138.8
transportation,Transportation,CUUR0000SAT,1995-10,139.4
transportation,Transportation,CUUR0000SAT,1995-11,139.4
transportation,Transportation,CUUR0000SAT,1995-12,139.1
transportation,Transportation,CUUR0000SAT,1996-01,139.9
transportation,Transportation,CUUR0000SAT,1996-02,140.4
transportation,Transportation,CUUR0000SAT,1996-03,141.2
transportation,Transportation,CUUR0000SAT,1996-04,143.1
transportation,Transportation,CUUR0000SAT,1996-05,144.4
transportation,Transportation,CUUR0000SAT,1996-06,144
transportation,Transportation,CUUR0000SAT,1996-07,143.5
transportation,Transportation,CUUR0000SAT,1996-08,142.8
transportation,Transportation,CUUR0000SAT,1996-09,143.2
transportation,Transportation,CUUR0000SAT,1996-10,143.9
transportation,Transportation,CUUR0000SAT,1996-11,144.8
transportation,Transportation,CUUR0000SAT,1996-12,145.2
transportation,Transportation,CUUR0000SAT,1997-01,145
transportation,Transportation,CUUR0000SAT,1997-02,144.8
transportation,Transportation,CUUR0000SAT,1997-03,144.9
transportation,Transportation,CUUR0000SAT,1997-04,144.8
transportation,Transportation,CUUR0000SAT,1997-05,144.4
transportation,Transportation,CUUR0000SAT,1997-06,144
transportation,Transportation,CUUR0000SAT,1997-07,143.7
transportation,Transportation,CUUR0000SAT,1997-08,143.8
transportation,Transportation,CUUR0000SAT,1997-09,144.3
transportation,Transportation,CUUR0000SAT,1997-10,144.5
transportation,Transportation,CUUR0000SAT,1997-11,143.9
transportation,Transportation,CUUR0000SAT,1997-12,143.2
transportation,Transportation,CUUR0000SAT,1998-01,142.7
transportation,Transportation,CUUR0000SAT,1998-02,142.1
transportation,Transportation,CUUR0000SAT,1998-03,141.4
transportation,Transportation,CUUR0000SAT,1998-04,141.5
transportation,Transportation,CUUR0000SAT,1998-05,142
transportation,Transportation,CUUR0000SAT,1998-06,141.7
transportation,Transportation,CUUR0000SAT,1998-07,141.8
transportation,Transportation,CUUR0000SAT,1998-08,141.2
transportation,Transportation,CUUR0000SAT,1998-09,140.7
transportation,Transportation,CUUR0000SAT,1998-10,141.3
transportation,Transportation,CUUR0000SAT,1998-11,141.5
transportation,Transportation,CUUR0000SAT,1998-12,140.7
transportation,Transportation,CUUR0000SAT,1999-01,140.4
transportation,Transportation,CUUR0000SAT,1999-02,139.8
transportation,Transportation,CUUR0000SAT,1999-03,140.6
transportation,Transportation,CUUR0000SAT,1999-04,144.3
transportation,Transportation,CUUR0000SAT,1999-05,144.2
transportation,Transportation,CUUR0000SAT,1999-06,143.4
transportation,Transportation,CUUR0000SAT,1999-07,144.7
transportation,Transportation,CUUR0000SAT,1999-08,145.7
transportation,Transportation,CUUR0000SAT,1999-09,146.5
transportation,Transportation,CUUR0000SAT,1999-10,147.3
transportation,Transportation,CUUR0000SAT,1999-11,147.6
transportation,Transportation,CUUR0000SAT,1999-12,148.3
transportation,Transportation,CUUR0000SAT,2000-01,148.3
transportation,Transportation,CUUR0000SAT,2000-02,149.7
transportation,Transportation,CUUR0000SAT,2000-03,153.4
transportation,Transportation,CUUR0000SAT,2000-04,152.9
transportation,Transportation,CUUR0000SAT,2000-05,153.1
transportation,Transportation,CUUR0000SAT,2000-06,155.7
transportation,Transportation,CUUR0000SAT,2000-07,155
transportation,Transportation,CUUR0000SAT,2000-08,153.2
transportation,Transportation,CUUR0000SAT,2000-09,154.7
transportation,Transportation,CUUR0000SAT,2000-10,154.4
transportation,Transportation,CUUR0000SAT,2000-11,155.2
transportation,Transportation,CUUR0000SAT,2000-12,154.4
transportation,Transportation,CUUR0000SAT,2001-01,154.4
transportation,Transportation,CUUR0000SAT,2001-02,154.9
transportation,Transportation,CUUR0000SAT,2001-03,153.9
transportation,Transportation,CUUR0000SAT,2001-04,156.1
transportation,Transportation,CUUR0000SAT,2001-05,159.2
transportation,Transportation,CUUR0000SAT,2001-06,158.3
transportation,Transportation,CUUR0000SAT,2001-07,154.4
transportation,Transportation,CUUR0000SAT,2001-08,153.3
transportation,Transportation,CUUR0000SAT,2001-09,155.5
transportation,Transportation,CUUR0000SAT,2001-10,152.3
transportation,Transportation,CUUR0000SAT,2001-11,150.2
transportation,Transportation,CUUR0000SAT,2001-12,148.5
transportation,Transportation,CUUR0000SAT,2002-01,148.6
transportation,Transportation,CUUR0000SAT,2002-02,148.4
transportation,Transportation,CUUR0000SAT,2002-03,150.5
transportation,Transportation,CUUR0000SAT,2002-04,153.7
transportation,Transportation,CUUR0000SAT,2002-05,153.8
transportation,Transportation,CUUR0000SAT,2002-06,153.4
transportation,Transportation,CUUR0000SAT,2002-07,153.7
transportation,Transportation,CUUR0000SAT,2002-08,153.9
transportation,Transportation,CUUR0000SAT,2002-09,154
transportation,Transportation,CUUR0000SAT,2002-10,154.9
transportation,Transportation,CUUR0000SAT,2002-11,155.2
transportation,Transportation,CUUR0000SAT,2002-12,154.2
transportation,Transportation,CUUR0000SAT,2003-01,155.5
transportation,Transportation,CUUR0000SAT,2003-02,158.9
transportation,Transportation,CUUR0000SAT,2003-03,161
transportation,Transportation,CUUR0000SAT,2003-04,159.3
transportation,Transportation,CUUR0000SAT,2003-05,157.2
transportation,Transportation,CUUR0000SAT,2003-06,156.8
transportation,Transportation,CUUR0000SAT,2003-07,156.8
transportation,Transportation,CUUR0000SAT,2003-08,158.3
transportation,Transportation,CUUR0000SAT,2003-09,159.4
transportation,Transportation,CUUR0000SAT,2003-10,157.1
transportation,Transportation,CUUR0000SAT,2003-11,155.7
transportation,Transportation,CUUR0000SAT,2003-12,154.7
transportation,Transportation,CUUR0000SAT,2004-01,157
transportation,Transportation,CUUR0000SAT,2004-02,158.8
transportation,Transportation,CUUR0000SAT,2004-03,160.5
transportation,Transportation,CUUR0000SAT,2004-04,161.8
transportation,Transportation,CUUR0000SAT,2004-05,165.2
transportation,Transportation,CUUR0000SAT,2004-06,165.7
transportation,Transportation,CUUR0000SAT,2004-07,164
transportation,Transportation,CUUR0000SAT,2004-08,162.9
transportation,Transportation,CUUR0000SAT,2004-09,162.9
transportation,Transportation,CUUR0000SAT,2004-10,166.4
transportation,Transportation,CUUR0000SAT,2004-11,167.2
transportation,Transportation,CUUR0000SAT,2004-12,164.8
transportation,Transportation,CUUR0000SAT,2005-01,164
transportation,Transportation,CUUR0000SAT,2005-02,166.1
transportation,Transportation,CUUR0000SAT,2005-03,168.8
transportation,Transportation,CUUR0000SAT,2005-04,173.2
transportation,Transportation,CUUR0000SAT,2005-05,172.1
transportation,Transportation,CUUR0000SAT,2005-06,171.8
transportation,Transportation,CUUR0000SAT,2005-07,174.4
transportation,Transportation,CUUR0000SAT,2005-08,177.7
transportation,Transportation,CUUR0000SAT,2005-09,186.5
transportation,Transportation,CUUR0000SAT,2005-10,184
transportation,Transportation,CUUR0000SAT,2005-11,175.6
transportation,Transportation,CUUR0000SAT,2005-12,172.7
transportation,Transportation,CUUR0000SAT,2006-01,175.9
transportation,Transportation,CUUR0000SAT,2006-02,175.8
transportation,Transportation,CUUR0000SAT,2006-03,177.4
transportation,Transportation,CUUR0000SAT,2006-04,184.1
transportation,Transportation,CUUR0000SAT,2006-05,187.6
transportation,Transportation,CUUR0000SAT,2006-06,187.3
transportation,Transportation,CUUR0000SAT,2006-07,189
transportation,Transportation,CUUR0000SAT,2006-08,188.5
transportation,Transportation,CUUR0000SAT,2006-09,180.6
transportation,Transportation,CUUR0000SAT,2006-10,174.8
transportation,Transportation,CUUR0000SAT,2006-11,173.9
transportation,Transportation,CUUR0000SAT,2006-12,175.4
transportation,Transportation,CUUR0000SAT,2007-01,174.463
transportation,Transportation,CUUR0000SAT,2007-02,174.799
transportation,Transportation,CUUR0000SAT,2007-03,180.346
transportation,Transportation,CUUR0000SAT,2007-04,185.231
transportation,Transportation,CUUR0000SAT,2007-05,189.961
transportation,Transportation,CUUR0000SAT,2007-06,189.064
transportation,Transportation,CUUR0000SAT,2007-07,187.69
transportation,Transportation,CUUR0000SAT,2007-08,184.48
transportation,Transportation,CUUR0000SAT,2007-09,184.532
transportation,Transportation,CUUR0000SAT,2007-10,184.952
transportation,Transportation,CUUR0000SAT,2007-11,190.677
transportation,Transportation,CUUR0000SAT,2007-12,189.984
transportation,Transportation,CUUR0000SAT,2008-01,190.839
transportation,Transportation,CUUR0000SAT,2008-02,190.52
transportation,Transportation,CUUR0000SAT,2008-03,195.189
transportation,Transportation,CUUR0000SAT,2008-04,198.608
transportation,Transportation,CUUR0000SAT,2008-05,205.262
transportation,Transportation,CUUR0000SAT,2008-06,211.787
transportation,Transportation,CUUR0000SAT,2008-07,212.806
transportation,Transportation,CUUR0000SAT,2008-08,206.739
transportation,Transportation,CUUR0000SAT,2008-09,203.861
transportation,Transportation,CUUR0000SAT,2008-10,192.709
transportation,Transportation,CUUR0000SAT,2008-11,173.644
transportation,Transportation,CUUR0000SAT,2008-12,164.628
transportation,Transportation,CUUR0000SAT,2009-01,166.738
transportation,Transportation,CUUR0000SAT,2009-02,169.542
transportation,Transportation,CUUR0000SAT,2009-03,169.647
transportation,Transportation,CUUR0000SAT,2009-04,171.987
transportation,Transportation,CUUR0000SAT,2009-05,175.997
transportation,Transportation,CUUR0000SAT,2009-06,183.735
transportation,Transportation,CUUR0000SAT,2009-07,182.798
transportation,Transportation,CUUR0000SAT,2009-08,184.386
transportation,Transportation,CUUR0000SAT,2009-09,183.932
transportation,Transportation,CUUR0000SAT,2009-10,185.362
transportation,Transportation,CUUR0000SAT,2009-11,188.587
transportation,Transportation,CUUR0000SAT,2009-12,188.318
transportation,Transportation,CUUR0000SAT,2010-01,190.512
transportation,Transportation,CUUR0000SAT,2010-02,189.577
transportation,Transportation,CUUR0000SAT,2010-03,192.13
transportation,Transportation,CUUR0000SAT,2010-04,193.994
transportation,Transportation,CUUR0000SAT,2010-05,194.761
transportation,Transportation,CUUR0000SAT,2010-06,192.651
transportation,Transportation,CUUR0000SAT,2010-07,193.038
transportation,Transportation,CUUR0000SAT,2010-08,193.454
transportation,Transportation,CUUR0000SAT,2010-09,192.412
transportation,Transportation,CUUR0000SAT,2010-10,194.283
transportation,Transportation,CUUR0000SAT,2010-11,195.659
transportation,Transportation,CUUR0000SAT,2010-12,198.28
transportation,Transportation,CUUR0000SAT,2011-01,200.835
transportation,Transportation,CUUR0000SAT,2011-02,203.037
transportation,Transportation,CUUR0000SAT,2011-03,211.014
transportation,Transportation,CUUR0000SAT,2011-04,216.867
transportation,Transportation,CUUR0000SAT,2011-05,220.27
transportation,Transportation,CUUR0000SAT,2011-06,216.88
transportation,Transportation,CUUR0000SAT,2011-07,216.164
transportation,Transportation,CUUR0000SAT,2011-08,216.057
transportation,Transportation,CUUR0000SAT,2011-09,215.198
transportation,Transportation,CUUR0000SAT,2011-10,212.127
transportation,Transportation,CUUR0000SAT,2011-11,211.358
transportation,Transportation,CUUR0000SAT,2011-12,208.585
transportation,Transportation,CUUR0000SAT,2012-01,210.799
transportation,Transportation,CUUR0000SAT,2012-02,214.429
transportation,Transportation,CUUR0000SAT,2012-03,220.842
transportation,Transportation,CUUR0000SAT,2012-04,223.083
transportation,Transportation,CUUR0000SAT,2012-05,220.768
transportation,Transportation,CUUR0000SAT,2012-06,216.369
transportation,Transportation,CUUR0000SAT,2012-07,214.294
transportation,Transportation,CUUR0000SAT,2012-08,219.11
transportation,Transportation,CUUR0000SAT,2012-09,221.745
transportation,Transportation,CUUR0000SAT,2012-10,220.232
transportation,Transportation,CUUR0000SAT,2012-11,214.525
transportation,Transportation,CUUR0000SAT,2012-12,211.853
transportation,Transportation,CUUR0000SAT,2013-01,212.299
transportation,Transportation,CUUR0000SAT,2013-02,219.491
transportation,Transportation,CUUR0000SAT,2013-03,221.08
transportation,Transportation,CUUR0000SAT,2013-04,218.592
transportation,Transportation,CUUR0000SAT,2013-05,219.438
transportation,Transportation,CUUR0000SAT,2013-06,220.044
transportation,Transportation,CUUR0000SAT,2013-07,219.992
transportation,Transportation,CUUR0000SAT,2013-08,219.217
transportation,Transportation,CUUR0000SAT,2013-09,218.088
transportation,Transportation,CUUR0000SAT,2013-10,214.943
transportation,Transportation,CUUR0000SAT,2013-11,212.844
transportation,Transportation,CUUR0000SAT,2013-12,212.911
transportation,Transportation,CUUR0000SAT,2014-01,213.45
transportation,Transportation,CUUR0000SAT,2014-02,214.673
transportation,Transportation,CUUR0000SAT,2014-03,218.435
transportation,Transportation,CUUR0000SAT,2014-04,221.972
transportation,Transportation,CUUR0000SAT,2014-05,223.392
transportation,Transportation,CUUR0000SAT,2014-06,223.543
transportation,Transportation,CUUR0000SAT,2014-07,221.867
transportation,Transportation,CUUR0000SAT,2014-08,218.279
transportation,Transportation,CUUR0000SAT,2014-09,216.383
transportation,Transportation,CUUR0000SAT,2014-10,212.626
transportation,Transportation,CUUR0000SAT,2014-11,206.874
transportation,Transportation,CUUR0000SAT,2014-12,199.777
transportation,Transportation,CUUR0000SAT,2015-01,190.871
transportation,Transportation,CUUR0000SAT,2015-02,193.944
transportation,Transportation,CUUR0000SAT,2015-03,199.363
transportation,Transportation,CUUR0000SAT,2015-04,200.245
transportation,Transportation,CUUR0000SAT,2015-05,206.386
transportation,Transportation,CUUR0000SAT,2015-06,208.012
transportation,Transportation,CUUR0000SAT,2015-07,207.218
transportation,Transportation,CUUR0000SAT,2015-08,203.377
transportation,Transportation,CUUR0000SAT,2015-09,197.593
transportation,Transportation,CUUR0000SAT,2015-10,195.858
transportation,Transportation,CUUR0000SAT,2015-11,194.404
transportation,Transportation,CUUR0000SAT,2015-12,191.528
transportation,Transportation,CUUR0000SAT,2016-01,190.162
transportation,Transportation,CUUR0000SAT,2016-02,187.345
transportation,Transportation,CUUR0000SAT,2016-03,191.257
transportation,Transportation,CUUR0000SAT,2016-04,195.491
transportation,Transportation,CUUR0000SAT,2016-05,198.613
transportation,Transportation,CUUR0000SAT,2016-06,200.262
transportation,Transportation,CUUR0000SAT,2016-07,197.145
transportation,Transportation,CUUR0000SAT,2016-08,195.198
transportation,Transportation,CUUR0000SAT,2016-09,195.402
transportation,Transportation,CUUR0000SAT,2016-10,196.185
transportation,Transportation,CUUR0000SAT,2016-11,195.411
transportation,Transportation,CUUR0000SAT,2016-12,196.252
transportation,Transportation,CUUR0000SAT,2017-01,199.292
transportation,Transportation,CUUR0000SAT,2017-02,199.147
transportation,Transportation,CUUR0000SAT,2017-03,200.091
transportation,Transportation,CUUR0000SAT,2017-04,202.389
transportation,Transportation,CUUR0000SAT,2017-05,202.212
transportation,Transportation,CUUR0000SAT,2017-06,201.263
transportation,Transportation,CUUR0000SAT,2017-07,199.466
transportation,Transportation,CUUR0000SAT,2017-08,200.652
transportation,Transportation,CUUR0000SAT,2017-09,204.775
transportation,Transportation,CUUR0000SAT,2017-10,202.457
transportation,Transportation,CUUR0000SAT,2017-11,204.014
transportation,Transportation,CUUR0000SAT,2017-12,203.023
transportation,Transportation,CUUR0000SAT,2018-01,205.338
transportation,Transportation,CUUR0000SAT,2018-02,207.359
transportation,Transportation,CUUR0000SAT,2018-03,207.845
transportation,Transportation,CUUR0000SAT,2018-04,210.734
transportation,Transportation,CUUR0000SAT,2018-05,214.125
transportation,Transportation,CUUR0000SAT,2018-06,214.679
transportation,Transportation,CUUR0000SAT,2018-07,214.039
transportation,Transportation,CUUR0000SAT,2018-08,213.482
transportation,Transportation,CUUR0000SAT,2018-09,212.414
transportation,Transportation,CUUR0000SAT,2018-10,213.482
transportation,Transportation,CUUR0000SAT,2018-11,209.924
transportation,Transportation,CUUR0000SAT,2018-12,204.541
transportation,Transportation,CUUR0000SAT,2019-01,202.57
transportation,Transportation,CUUR0000SAT,2019-02,204.236
transportation,Transportation,CUUR0000SAT,2019-03,208.836
transportation,Transportation,CUUR0000SAT,2019-04,214.142
transportation,Transportation,CUUR0000SAT,2019-05,215.391
transportation,Transportation,CUUR0000SAT,2019-06,213.073
transportation,Transportation,CUUR0000SAT,2019-07,213.405
transportation,Transportation,CUUR0000SAT,2019-08,211.084
transportation,Transportation,CUUR0000SAT,2019-09,209.35
transportation,Transportation,CUUR0000SAT,2019-10,210.487
transportation,Transportation,CUUR0000SAT,2019-11,209.763
transportation,Transportation,CUUR0000SAT,2019-12,208.482
transportation,Transportation,CUUR0000SAT,2020-01,208.284
transportation,Transportation,CUUR0000SAT,2020-02,207.772
transportation,Transportation,CUUR0000SAT,2020-03,203.854
transportation,Transportation,CUUR0000SAT,2020-04,193.732
transportation,Transportation,CUUR0000SAT,2020-05,191.419
transportation,Transportation,CUUR0000SAT,2020-06,195.609
transportation,Transportation,CUUR0000SAT,2020-07,200.766
transportation,Transportation,CUUR0000SAT,2020-08,202.386
transportation,Transportation,CUUR0000SAT,2020-09,202.715
transportation,Transportation,CUUR0000SAT,2020-10,203.086
transportation,Transportation,CUUR0000SAT,2020-11,202.828
transportation,Transportation,CUUR0000SAT,2020-12,203.56
transportation,Transportation,CUUR0000SAT,2021-01,205.631
transportation,Transportation,CUUR0000SAT,2021-02,209.054
transportation,Transportation,CUUR0000SAT,2021-03,215.761
transportation,Transportation,CUUR0000SAT,2021-04,222.547
transportation,Transportation,CUUR0000SAT,2021-05,229.689
transportation,Transportation,CUUR0000SAT,2021-06,237.701
transportation,Transportation,CUUR0000SAT,2021-07,239.722
transportation,Transportation,CUUR0000SAT,2021-08,238.333
transportation,Transportation,CUUR0000SAT,2021-09,236.373
transportation,Transportation,CUUR0000SAT,2021-10,241.042
transportation,Transportation,CUUR0000SAT,2021-11,245.532
transportation,Transportation,CUUR0000SAT,2021-12,246.499
transportation,Transportation,CUUR0000SAT,2022-01,248.424
transportation,Transportation,CUUR0000SAT,2022-02,253.15
transportation,Transportation,CUUR0000SAT,2022-03,264.525
transportation,Transportation,CUUR0000SAT,2022-04,266.892
transportation,Transportation,CUUR0000SAT,2022-05,274.282
transportation,Transportation,CUUR0000SAT,2022-06,284.644
transportation,Transportation,CUUR0000SAT,2022-07,278.958
transportation,Transportation,CUUR0000SAT,2022-08,270.334
transportation,Transportation,CUUR0000SAT,2022-09,266.109
transportation,Transportation,CUUR0000SAT,2022-10,267.979
transportation,Transportation,CUUR0000SAT,2022-11,264.668
transportation,Transportation,CUUR0000SAT,2022-12,255.993
transportation,Transportation,CUUR0000SAT,2023-01,257.874
transportation,Transportation,CUUR0000SAT,2023-02,259.712
transportation,Transportation,CUUR0000SAT,2023-03,261.969
transportation,Transportation,CUUR0000SAT,2023-04,267.402
transportation,Transportation,CUUR0000SAT,2023-05,268.862
transportation,Transportation,CUUR0000SAT,2023-06,270.146
transportation,Transportation,CUUR0000SAT,2023-07,270.602
transportation,Transportation,CUUR0000SAT,2023-08,274.22
transportation,Transportation,CUUR0000SAT,2023-09,272.517
transportation,Transportation,CUUR0000SAT,2023-10,270.027
transportation,Transportation,CUUR0000SAT,2023-11,267.035
transportation,Transportation,CUUR0000SAT,2023-12,263.375
transportation,Transportation,CUUR0000SAT,2024-01,262.11
transportation,Transportation,CUUR0000SAT,2024-02,266.638
transportation,Transportation,CUUR0000SAT,2024-03,272.485
transportation,Transportation,CUUR0000SAT,2024-04,276.687
transportation,Transportation,CUUR0000SAT,2024-05,276.623
transportation,Transportation,CUUR0000SAT,2024-06,273.579
transportation,Transportation,CUUR0000SAT,2024-07,273.326
transportation,Transportation,CUUR0000SAT,2024-08,271.391
transportation,Transportation,CUUR0000SAT,2024-09,269.604
transportation,Transportation,CUUR0000SAT,2024-10,269.724
transportation,Transportation,CUUR0000SAT,2024-11,268.45
transportation,Transportation,CUUR0000SAT,2024-12,267.606
transportation,Transportation,CUUR0000SAT,2025-01,270.384
transportation,Transportation,CUUR0000SAT,2025-02,271.04
transportation,Transportation,CUUR0000SAT,2025-03,270.061
transportation,Transportation,CUUR0000SAT,2025-04,272.503
transportation,Transportation,CUUR0000SAT,2025-05,272.946
transportation,Transportation,CUUR0000SAT,2025-06,273.391
transportation,Transportation,CUUR0000SAT,2025-07,273.452
transportation,Transportation,CUUR0000SAT,2025-08,273.91
transportation,Transportation,CUUR0000SAT,2025-09,274.301
transportation,Transportation,CUUR0000SAT,2025-11,272.615
transportation,Transportation,CUUR0000SAT,2025-12,268.63
transportation,Transportation,CUUR0000SAT,2026-01,267.521
transportation,Transportation,CUUR0000SAT,2026-02,269.607
transportation,Transportation,CUUR0000SAT,2026-03,283.431
transportation,Transportation,CUUR0000SAT,2026-04,291.752
transportation,Transportation,CUUR0000SAT,2026-05,298.409
transportation,Transportation,CUUR0000SAT,2026-06,291.226
transportation,Transportation,CUUR0000SAT,2026-07,289.42
medical,Medical care,CUUR0000SAM,1990-01,155.9
medical,Medical care,CUUR0000SAM,1990-02,157.5
medical,Medical care,CUUR0000SAM,1990-03,158.7
medical,Medical care,CUUR0000SAM,1990-04,159.8
medical,Medical care,CUUR0000SAM,1990-05,160.8
medical,Medical care,CUUR0000SAM,1990-06,161.9
medical,Medical care,CUUR0000SAM,1990-07,163.5
medical,Medical care,CUUR0000SAM,1990-08,165
medical,Medical care,CUUR0000SAM,1990-09,165.8
medical,Medical care,CUUR0000SAM,1990-10,167.1
medical,Medical care,CUUR0000SAM,1990-11,168.4
medical,Medical care,CUUR0000SAM,1990-12,169.2
medical,Medical care,CUUR0000SAM,1991-01,171
medical,Medical care,CUUR0000SAM,1991-02,172.5
medical,Medical care,CUUR0000SAM,1991-03,173.7
medical,Medical care,CUUR0000SAM,1991-04,174.4
medical,Medical care,CUUR0000SAM,1991-05,175.2
medical,Medical care,CUUR0000SAM,1991-06,176.2
medical,Medical care,CUUR0000SAM,1991-07,177.5
medical,Medical care,CUUR0000SAM,1991-08,178.9
medical,Medical care,CUUR0000SAM,1991-09,179.7
medical,Medical care,CUUR0000SAM,1991-10,180.7
medical,Medical care,CUUR0000SAM,1991-11,181.8
medical,Medical care,CUUR0000SAM,1991-12,182.6
medical,Medical care,CUUR0000SAM,1992-01,184.3
medical,Medical care,CUUR0000SAM,1992-02,186.2
medical,Medical care,CUUR0000SAM,1992-03,187.3
medical,Medical care,CUUR0000SAM,1992-04,188.1
medical,Medical care,CUUR0000SAM,1992-05,188.7
medical,Medical care,CUUR0000SAM,1992-06,189.4
medical,Medical care,CUUR0000SAM,1992-07,190.7
medical,Medical care,CUUR0000SAM,1992-08,191.5
medical,Medical care,CUUR0000SAM,1992-09,192.3
medical,Medical care,CUUR0000SAM,1992-10,193.3
medical,Medical care,CUUR0000SAM,1992-11,194.3
medical,Medical care,CUUR0000SAM,1992-12,194.7
medical,Medical care,CUUR0000SAM,1993-01,196.4
medical,Medical care,CUUR0000SAM,1993-02,198
medical,Medical care,CUUR0000SAM,1993-03,198.6
medical,Medical care,CUUR0000SAM,1993-04,199.4
medical,Medical care,CUUR0000SAM,1993-05,200.5
medical,Medical care,CUUR0000SAM,1993-06,201.1
medical,Medical care,CUUR0000SAM,1993-07,202.2
medical,Medical care,CUUR0000SAM,1993-08,202.9
medical,Medical care,CUUR0000SAM,1993-09,203.3
medical,Medical care,CUUR0000SAM,1993-10,204.4
medical,Medical care,CUUR0000SAM,1993-11,204.9
medical,Medical care,CUUR0000SAM,1993-12,205.2
medical,Medical care,CUUR0000SAM,1994-01,206.4
medical,Medical care,CUUR0000SAM,1994-02,207.7
medical,Medical care,CUUR0000SAM,1994-03,208.3
medical,Medical care,CUUR0000SAM,1994-04,209.2
medical,Medical care,CUUR0000SAM,1994-05,209.7
medical,Medical care,CUUR0000SAM,1994-06,210.4
medical,Medical care,CUUR0000SAM,1994-07,211.5
medical,Medical care,CUUR0000SAM,1994-08,212.2
medical,Medical care,CUUR0000SAM,1994-09,212.8
medical,Medical care,CUUR0000SAM,1994-10,214
medical,Medical care,CUUR0000SAM,1994-11,214.7
medical,Medical care,CUUR0000SAM,1994-12,215.3
medical,Medical care,CUUR0000SAM,1995-01,216.6
medical,Medical care,CUUR0000SAM,1995-02,217.9
medical,Medical care,CUUR0000SAM,1995-03,218.4
medical,Medical care,CUUR0000SAM,1995-04,218.9
medical,Medical care,CUUR0000SAM,1995-05,219.3
medical,Medical care,CUUR0000SAM,1995-06,219.8
medical,Medical care,CUUR0000SAM,1995-07,220.8
medical,Medical care,CUUR0000SAM,1995-08,221.6
medical,Medical care,CUUR0000SAM,1995-09,222.1
medical,Medical care,CUUR0000SAM,1995-10,222.9
medical,Medical care,CUUR0000SAM,1995-11,223.5
medical,Medical care,CUUR0000SAM,1995-12,223.8
medical,Medical care,CUUR0000SAM,1996-01,225.2
medical,Medical care,CUUR0000SAM,1996-02,226.2
medical,Medical care,CUUR0000SAM,1996-03,226.6
medical,Medical care,CUUR0000SAM,1996-04,227
medical,Medical care,CUUR0000SAM,1996-05,227.4
medical,Medical care,CUUR0000SAM,1996-06,227.8
medical,Medical care,CUUR0000SAM,1996-07,228.7
medical,Medical care,CUUR0000SAM,1996-08,229.2
medical,Medical care,CUUR0000SAM,1996-09,229.4
medical,Medical care,CUUR0000SAM,1996-10,230.1
medical,Medical care,CUUR0000SAM,1996-11,230.5
medical,Medical care,CUUR0000SAM,1996-12,230.6
medical,Medical care,CUUR0000SAM,1997-01,231.8
medical,Medical care,CUUR0000SAM,1997-02,232.7
medical,Medical care,CUUR0000SAM,1997-03,233.4
medical,Medical care,CUUR0000SAM,1997-04,233.8
medical,Medical care,CUUR0000SAM,1997-05,234.2
medical,Medical care,CUUR0000SAM,1997-06,234.4
medical,Medical care,CUUR0000SAM,1997-07,234.8
medical,Medical care,CUUR0000SAM,1997-08,235.2
medical,Medical care,CUUR0000SAM,1997-09,235.4
medical,Medical care,CUUR0000SAM,1997-10,235.8
medical,Medical care,CUUR0000SAM,1997-11,236.4
medical,Medical care,CUUR0000SAM,1997-12,237.1
medical,Medical care,CUUR0000SAM,1998-01,238.1
medical,Medical care,CUUR0000SAM,1998-02,239.3
medical,Medical care,CUUR0000SAM,1998-03,239.8
medical,Medical care,CUUR0000SAM,1998-04,240.7
medical,Medical care,CUUR0000SAM,1998-05,241.4
medical,Medical care,CUUR0000SAM,1998-06,242
medical,Medical care,CUUR0000SAM,1998-07,242.7
medical,Medical care,CUUR0000SAM,1998-08,243.5
medical,Medical care,CUUR0000SAM,1998-09,243.9
medical,Medical care,CUUR0000SAM,1998-10,244.3
medical,Medical care,CUUR0000SAM,1998-11,244.7
medical,Medical care,CUUR0000SAM,1998-12,245.2
medical,Medical care,CUUR0000SAM,1999-01,246.6
medical,Medical care,CUUR0000SAM,1999-02,247.7
medical,Medical care,CUUR0000SAM,1999-03,248.3
medical,Medical care,CUUR0000SAM,1999-04,249.1
medical,Medical care,CUUR0000SAM,1999-05,249.5
medical,Medical care,CUUR0000SAM,1999-06,250.2
medical,Medical care,CUUR0000SAM,1999-07,251.1
medical,Medical care,CUUR0000SAM,1999-08,251.9
medical,Medical care,CUUR0000SAM,1999-09,252.3
medical,Medical care,CUUR0000SAM,1999-10,252.8
medical,Medical care,CUUR0000SAM,1999-11,253.3
medical,Medical care,CUUR0000SAM,1999-12,254.2
medical,Medical care,CUUR0000SAM,2000-01,255.5
medical,Medical care,CUUR0000SAM,2000-02,257
medical,Medical care,CUUR0000SAM,2000-03,258.1
medical,Medical care,CUUR0000SAM,2000-04,258.8
medical,Medical care,CUUR0000SAM,2000-05,259.4
medical,Medical care,CUUR0000SAM,2000-06,260.5
medical,Medical care,CUUR0000SAM,2000-07,261.4
medical,Medical care,CUUR0000SAM,2000-08,262.6
medical,Medical care,CUUR0000SAM,2000-09,263.1
medical,Medical care,CUUR0000SAM,2000-10,263.7
medical,Medical care,CUUR0000SAM,2000-11,264.1
medical,Medical care,CUUR0000SAM,2000-12,264.8
medical,Medical care,CUUR0000SAM,2001-01,267.1
medical,Medical care,CUUR0000SAM,2001-02,268.9
medical,Medical care,CUUR0000SAM,2001-03,270
medical,Medical care,CUUR0000SAM,2001-04,270.8
medical,Medical care,CUUR0000SAM,2001-05,271.4
medical,Medical care,CUUR0000SAM,2001-06,272.5
medical,Medical care,CUUR0000SAM,2001-07,273.1
medical,Medical care,CUUR0000SAM,2001-08,274.4
medical,Medical care,CUUR0000SAM,2001-09,275
medical,Medical care,CUUR0000SAM,2001-10,275.9
medical,Medical care,CUUR0000SAM,2001-11,276.7
medical,Medical care,CUUR0000SAM,2001-12,277.3
medical,Medical care,CUUR0000SAM,2002-01,279.6
medical,Medical care,CUUR0000SAM,2002-02,281
medical,Medical care,CUUR0000SAM,2002-03,282
medical,Medical care,CUUR0000SAM,2002-04,283.2
medical,Medical care,CUUR0000SAM,2002-05,284.1
medical,Medical care,CUUR0000SAM,2002-06,284.7
medical,Medical care,CUUR0000SAM,2002-07,286.6
medical,Medical care,CUUR0000SAM,2002-08,287.3
medical,Medical care,CUUR0000SAM,2002-09,287.7
medical,Medical care,CUUR0000SAM,2002-10,289.2
medical,Medical care,CUUR0000SAM,2002-11,290.5
medical,Medical care,CUUR0000SAM,2002-12,291.3
medical,Medical care,CUUR0000SAM,2003-01,292.6
medical,Medical care,CUUR0000SAM,2003-02,293.7
medical,Medical care,CUUR0000SAM,2003-03,294.2
medical,Medical care,CUUR0000SAM,2003-04,294.6
medical,Medical care,CUUR0000SAM,2003-05,295.5
medical,Medical care,CUUR0000SAM,2003-06,296.3
medical,Medical care,CUUR0000SAM,2003-07,297.6
medical,Medical care,CUUR0000SAM,2003-08,298.4
medical,Medical care,CUUR0000SAM,2003-09,299.2
medical,Medical care,CUUR0000SAM,2003-10,299.9
medical,Medical care,CUUR0000SAM,2003-11,300.8
medical,Medical care,CUUR0000SAM,2003-12,302.1
medical,Medical care,CUUR0000SAM,2004-01,303.6
medical,Medical care,CUUR0000SAM,2004-02,306
medical,Medical care,CUUR0000SAM,2004-03,307.5
medical,Medical care,CUUR0000SAM,2004-04,308.3
medical,Medical care,CUUR0000SAM,2004-05,309
medical,Medical care,CUUR0000SAM,2004-06,310
medical,Medical care,CUUR0000SAM,2004-07,311
medical,Medical care,CUUR0000SAM,2004-08,311.6
medical,Medical care,CUUR0000SAM,2004-09,312.3
medical,Medical care,CUUR0000SAM,2004-10,313.3
medical,Medical care,CUUR0000SAM,2004-11,314.1
medical,Medical care,CUUR0000SAM,2004-12,314.9
medical,Medical care,CUUR0000SAM,2005-01,316.8
medical,Medical care,CUUR0000SAM,2005-02,319.3
medical,Medical care,CUUR0000SAM,2005-03,320.7
medical,Medical care,CUUR0000SAM,2005-04,321.5
medical,Medical care,CUUR0000SAM,2005-05,322.2
medical,Medical care,CUUR0000SAM,2005-06,322.9
medical,Medical care,CUUR0000SAM,2005-07,324.1
medical,Medical care,CUUR0000SAM,2005-08,323.9
medical,Medical care,CUUR0000SAM,2005-09,324.6
medical,Medical care,CUUR0000SAM,2005-10,326.2
medical,Medical care,CUUR0000SAM,2005-11,328.1
medical,Medical care,CUUR0000SAM,2005-12,328.4
medical,Medical care,CUUR0000SAM,2006-01,329.5
medical,Medical care,CUUR0000SAM,2006-02,332.1
medical,Medical care,CUUR0000SAM,2006-03,333.8
medical,Medical care,CUUR0000SAM,2006-04,334.7
medical,Medical care,CUUR0000SAM,2006-05,335.6
medical,Medical care,CUUR0000SAM,2006-06,336
medical,Medical care,CUUR0000SAM,2006-07,337
medical,Medical care,CUUR0000SAM,2006-08,337.7
medical,Medical care,CUUR0000SAM,2006-09,338.3
medical,Medical care,CUUR0000SAM,2006-10,339.3
medical,Medical care,CUUR0000SAM,2006-11,340.1
medical,Medical care,CUUR0000SAM,2006-12,340.1
medical,Medical care,CUUR0000SAM,2007-01,343.51
medical,Medical care,CUUR0000SAM,2007-02,346.457
medical,Medical care,CUUR0000SAM,2007-03,347.172
medical,Medical care,CUUR0000SAM,2007-04,348.225
medical,Medical care,CUUR0000SAM,2007-05,349.087
medical,Medical care,CUUR0000SAM,2007-06,349.51
medical,Medical care,CUUR0000SAM,2007-07,351.643
medical,Medical care,CUUR0000SAM,2007-08,352.961
medical,Medical care,CUUR0000SAM,2007-09,353.723
medical,Medical care,CUUR0000SAM,2007-10,355.653
medical,Medical care,CUUR0000SAM,2007-11,357.041
medical,Medical care,CUUR0000SAM,2007-12,357.661
medical,Medical care,CUUR0000SAM,2008-01,360.459
medical,Medical care,CUUR0000SAM,2008-02,362.155
medical,Medical care,CUUR0000SAM,2008-03,363
medical,Medical care,CUUR0000SAM,2008-04,363.184
medical,Medical care,CUUR0000SAM,2008-05,363.396
medical,Medical care,CUUR0000SAM,2008-06,363.616
medical,Medical care,CUUR0000SAM,2008-07,363.963
medical,Medical care,CUUR0000SAM,2008-08,364.477
medical,Medical care,CUUR0000SAM,2008-09,365.036
medical,Medical care,CUUR0000SAM,2008-10,365.746
medical,Medical care,CUUR0000SAM,2008-11,366.613
medical,Medical care,CUUR0000SAM,2008-12,367.133
medical,Medical care,CUUR0000SAM,2009-01,369.83
medical,Medical care,CUUR0000SAM,2009-02,372.405
medical,Medical care,CUUR0000SAM,2009-03,373.189
medical,Medical care,CUUR0000SAM,2009-04,374.17
medical,Medical care,CUUR0000SAM,2009-05,375.026
medical,Medical care,CUUR0000SAM,2009-06,375.093
medical,Medical care,CUUR0000SAM,2009-07,375.739
medical,Medical care,CUUR0000SAM,2009-08,376.537
medical,Medical care,CUUR0000SAM,2009-09,377.727
medical,Medical care,CUUR0000SAM,2009-10,378.552
medical,Medical care,CUUR0000SAM,2009-11,379.575
medical,Medical care,CUUR0000SAM,2009-12,379.516
medical,Medical care,CUUR0000SAM,2010-01,382.688
medical,Medical care,CUUR0000SAM,2010-02,385.907
medical,Medical care,CUUR0000SAM,2010-03,387.142
medical,Medical care,CUUR0000SAM,2010-04,387.703
medical,Medical care,CUUR0000SAM,2010-05,387.762
medical,Medical care,CUUR0000SAM,2010-06,388.199
medical,Medical care,CUUR0000SAM,2010-07,387.898
medical,Medical care,CUUR0000SAM,2010-08,388.467
medical,Medical care,CUUR0000SAM,2010-09,390.616
medical,Medical care,CUUR0000SAM,2010-10,391.24
medical,Medical care,CUUR0000SAM,2010-11,391.66
medical,Medical care,CUUR0000SAM,2010-12,391.946
medical,Medical care,CUUR0000SAM,2011-01,393.858
medical,Medical care,CUUR0000SAM,2011-02,397.065
medical,Medical care,CUUR0000SAM,2011-03,397.726
medical,Medical care,CUUR0000SAM,2011-04,398.813
medical,Medical care,CUUR0000SAM,2011-05,399.375
medical,Medical care,CUUR0000SAM,2011-06,399.552
medical,Medical care,CUUR0000SAM,2011-07,400.305
medical,Medical care,CUUR0000SAM,2011-08,400.874
medical,Medical care,CUUR0000SAM,2011-09,401.605
medical,Medical care,CUUR0000SAM,2011-10,403.43
medical,Medical care,CUUR0000SAM,2011-11,404.858
medical,Medical care,CUUR0000SAM,2011-12,405.629
medical,Medical care,CUUR0000SAM,2012-01,408.056
medical,Medical care,CUUR0000SAM,2012-02,410.466
medical,Medical care,CUUR0000SAM,2012-03,411.498
medical,Medical care,CUUR0000SAM,2012-04,412.48
medical,Medical care,CUUR0000SAM,2012-05,413.655
medical,Medical care,CUUR0000SAM,2012-06,415.345
medical,Medical care,CUUR0000SAM,2012-07,416.759
medical,Medical care,CUUR0000SAM,2012-08,417.123
medical,Medical care,CUUR0000SAM,2012-09,418.039
medical,Medical care,CUUR0000SAM,2012-10,418.359
medical,Medical care,CUUR0000SAM,2012-11,418.653
medical,Medical care,CUUR0000SAM,2012-12,418.654
medical,Medical care,CUUR0000SAM,2013-01,420.687
medical,Medical care,CUUR0000SAM,2013-02,423.221
medical,Medical care,CUUR0000SAM,2013-03,424.154
medical,Medical care,CUUR0000SAM,2013-04,423.815
medical,Medical care,CUUR0000SAM,2013-05,422.834
medical,Medical care,CUUR0000SAM,2013-06,424.264
medical,Medical care,CUUR0000SAM,2013-07,424.836
medical,Medical care,CUUR0000SAM,2013-08,426.866
medical,Medical care,CUUR0000SAM,2013-09,428.026
medical,Medical care,CUUR0000SAM,2013-10,428.082
medical,Medical care,CUUR0000SAM,2013-11,427.74
medical,Medical care,CUUR0000SAM,2013-12,427.089
medical,Medical care,CUUR0000SAM,2014-01,429.621
medical,Medical care,CUUR0000SAM,2014-02,432.769
medical,Medical care,CUUR0000SAM,2014-03,433.369
medical,Medical care,CUUR0000SAM,2014-04,434.054
medical,Medical care,CUUR0000SAM,2014-05,434.874
medical,Medical care,CUUR0000SAM,2014-06,435.352
medical,Medical care,CUUR0000SAM,2014-07,435.924
medical,Medical care,CUUR0000SAM,2014-08,435.777
medical,Medical care,CUUR0000SAM,2014-09,436.575
medical,Medical care,CUUR0000SAM,2014-10,437.027
medical,Medical care,CUUR0000SAM,2014-11,438.445
medical,Medical care,CUUR0000SAM,2014-12,439.72
medical,Medical care,CUUR0000SAM,2015-01,440.969
medical,Medical care,CUUR0000SAM,2015-02,442.783
medical,Medical care,CUUR0000SAM,2015-03,444.02
medical,Medical care,CUUR0000SAM,2015-04,446.663
medical,Medical care,CUUR0000SAM,2015-05,447.213
medical,Medical care,CUUR0000SAM,2015-06,446.271
medical,Medical care,CUUR0000SAM,2015-07,446.773
medical,Medical care,CUUR0000SAM,2015-08,446.536
medical,Medical care,CUUR0000SAM,2015-09,447.289
medical,Medical care,CUUR0000SAM,2015-10,450.065
medical,Medical care,CUUR0000SAM,2015-11,451.371
medical,Medical care,CUUR0000SAM,2015-12,451.072
medical,Medical care,CUUR0000SAM,2016-01,454.175
medical,Medical care,CUUR0000SAM,2016-02,458.295
medical,Medical care,CUUR0000SAM,2016-03,458.62
medical,Medical care,CUUR0000SAM,2016-04,459.994
medical,Medical care,CUUR0000SAM,2016-05,461.23
medical,Medical care,CUUR0000SAM,2016-06,462.075
medical,Medical care,CUUR0000SAM,2016-07,464.164
medical,Medical care,CUUR0000SAM,2016-08,468.379
medical,Medical care,CUUR0000SAM,2016-09,469.154
medical,Medical care,CUUR0000SAM,2016-10,469.23
medical,Medical care,CUUR0000SAM,2016-11,469.333
medical,Medical care,CUUR0000SAM,2016-12,469.447
medical,Medical care,CUUR0000SAM,2017-01,471.7
medical,Medical care,CUUR0000SAM,2017-02,474.546
medical,Medical care,CUUR0000SAM,2017-03,474.561
medical,Medical care,CUUR0000SAM,2017-04,473.582
medical,Medical care,CUUR0000SAM,2017-05,473.512
medical,Medical care,CUUR0000SAM,2017-06,474.36
medical,Medical care,CUUR0000SAM,2017-07,476.126
medical,Medical care,CUUR0000SAM,2017-08,476.869
medical,Medical care,CUUR0000SAM,2017-09,476.485
medical,Medical care,CUUR0000SAM,2017-10,477.121
medical,Medical care,CUUR0000SAM,2017-11,477.198
medical,Medical care,CUUR0000SAM,2017-12,477.802
medical,Medical care,CUUR0000SAM,2018-01,481.06
medical,Medical care,CUUR0000SAM,2018-02,482.897
medical,Medical care,CUUR0000SAM,2018-03,483.984
medical,Medical care,CUUR0000SAM,2018-04,484.034
medical,Medical care,CUUR0000SAM,2018-05,484.853
medical,Medical care,CUUR0000SAM,2018-06,486.019
medical,Medical care,CUUR0000SAM,2018-07,485.193
medical,Medical care,CUUR0000SAM,2018-08,484.172
medical,Medical care,CUUR0000SAM,2018-09,484.708
medical,Medical care,CUUR0000SAM,2018-10,485.269
medical,Medical care,CUUR0000SAM,2018-11,486.886
medical,Medical care,CUUR0000SAM,2018-12,487.409
medical,Medical care,CUUR0000SAM,2019-01,490.204
medical,Medical care,CUUR0000SAM,2019-02,491.227
medical,Medical care,CUUR0000SAM,2019-03,492.306
medical,Medical care,CUUR0000SAM,2019-04,493.331
medical,Medical care,CUUR0000SAM,2019-05,494.928
medical,Medical care,CUUR0000SAM,2019-06,495.563
medical,Medical care,CUUR0000SAM,2019-07,497.687
medical,Medical care,CUUR0000SAM,2019-08,500.916
medical,Medical care,CUUR0000SAM,2019-09,501.468
medical,Medical care,CUUR0000SAM,2019-10,506.1
medical,Medical care,CUUR0000SAM,2019-11,507.541
medical,Medical care,CUUR0000SAM,2019-12,509.689
medical,Medical care,CUUR0000SAM,2020-01,512.149
medical,Medical care,CUUR0000SAM,2020-02,513.923
medical,Medical care,CUUR0000SAM,2020-03,515.605
medical,Medical care,CUUR0000SAM,2020-04,517.053
medical,Medical care,CUUR0000SAM,2020-05,519.194
medical,Medical care,CUUR0000SAM,2020-06,520.734
medical,Medical care,CUUR0000SAM,2020-07,522.686
medical,Medical care,CUUR0000SAM,2020-08,523.295
medical,Medical care,CUUR0000SAM,2020-09,522.528
medical,Medical care,CUUR0000SAM,2020-10,520.725
medical,Medical care,CUUR0000SAM,2020-11,519.848
medical,Medical care,CUUR0000SAM,2020-12,518.766
medical,Medical care,CUUR0000SAM,2021-01,522.133
medical,Medical care,CUUR0000SAM,2021-02,524.207
medical,Medical care,CUUR0000SAM,2021-03,524.734
medical,Medical care,CUUR0000SAM,2021-04,524.585
medical,Medical care,CUUR0000SAM,2021-05,523.918
medical,Medical care,CUUR0000SAM,2021-06,522.989
medical,Medical care,CUUR0000SAM,2021-07,524.219
medical,Medical care,CUUR0000SAM,2021-08,525.247
medical,Medical care,CUUR0000SAM,2021-09,524.818
medical,Medical care,CUUR0000SAM,2021-10,527.564
medical,Medical care,CUUR0000SAM,2021-11,528.877
medical,Medical care,CUUR0000SAM,2021-12,530.026
medical,Medical care,CUUR0000SAM,2022-01,535.048
medical,Medical care,CUUR0000SAM,2022-02,536.932
medical,Medical care,CUUR0000SAM,2022-03,539.739
medical,Medical care,CUUR0000SAM,2022-04,541.515
medical,Medical care,CUUR0000SAM,2022-05,543.488
medical,Medical care,CUUR0000SAM,2022-06,546.717
medical,Medical care,CUUR0000SAM,2022-07,549.562
medical,Medical care,CUUR0000SAM,2022-08,553.429
medical,Medical care,CUUR0000SAM,2022-09,556.323
medical,Medical care,CUUR0000SAM,2022-10,554.043
medical,Medical care,CUUR0000SAM,2022-11,550.844
medical,Medical care,CUUR0000SAM,2022-12,551.002
medical,Medical care,CUUR0000SAM,2023-01,551.422
medical,Medical care,CUUR0000SAM,2023-02,549.487
medical,Medical care,CUUR0000SAM,2023-03,547.805
medical,Medical care,CUUR0000SAM,2023-04,547.219
medical,Medical care,CUUR0000SAM,2023-05,547.42
medical,Medical care,CUUR0000SAM,2023-06,547.432
medical,Medical care,CUUR0000SAM,2023-07,546.698
medical,Medical care,CUUR0000SAM,2023-08,548.082
medical,Medical care,CUUR0000SAM,2023-09,548.431
medical,Medical care,CUUR0000SAM,2023-10,549.762
medical,Medical care,CUUR0000SAM,2023-11,551.769
medical,Medical care,CUUR0000SAM,2023-12,553.485
medical,Medical care,CUUR0000SAM,2024-01,557.215
medical,Medical care,CUUR0000SAM,2024-02,557.236
medical,Medical care,CUUR0000SAM,2024-03,559.935
medical,Medical care,CUUR0000SAM,2024-04,561.612
medical,Medical care,CUUR0000SAM,2024-05,564.249
medical,Medical care,CUUR0000SAM,2024-06,565.301
medical,Medical care,CUUR0000SAM,2024-07,564.039
medical,Medical care,CUUR0000SAM,2024-08,564.407
medical,Medical care,CUUR0000SAM,2024-09,566.266
medical,Medical care,CUUR0000SAM,2024-10,567.87
medical,Medical care,CUUR0000SAM,2024-11,568.773
medical,Medical care,CUUR0000SAM,2024-12,569.189
medical,Medical care,CUUR0000SAM,2025-01,571.899
medical,Medical care,CUUR0000SAM,2025-02,573.32
medical,Medical care,CUUR0000SAM,2025-03,574.739
medical,Medical care,CUUR0000SAM,2025-04,576.988
medical,Medical care,CUUR0000SAM,2025-05,578.25
medical,Medical care,CUUR0000SAM,2025-06,580.978
medical,Medical care,CUUR0000SAM,2025-07,583.856
medical,Medical care,CUUR0000SAM,2025-08,583.875
medical,Medical care,CUUR0000SAM,2025-09,584.858
medical,Medical care,CUUR0000SAM,2025-11,585.213
medical,Medical care,CUUR0000SAM,2025-12,587.144
medical,Medical care,CUUR0000SAM,2026-01,590.169
medical,Medical care,CUUR0000SAM,2026-02,592.593
medical,Medical care,CUUR0000SAM,2026-03,592.286
medical,Medical care,CUUR0000SAM,2026-04,591.661
medical,Medical care,CUUR0000SAM,2026-05,593.239
medical,Medical care,CUUR0000SAM,2026-06,592.75
medical,Medical care,CUUR0000SAM,2026-07,593.781
recreation,Recreation,CUUR0000SAR,1993-01,89.5
recreation,Recreation,CUUR0000SAR,1993-02,89.9
recreation,Recreation,CUUR0000SAR,1993-03,90.3
recreation,Recreation,CUUR0000SAR,1993-04,90.6
recreation,Recreation,CUUR0000SAR,1993-05,90.2
recreation,Recreation,CUUR0000SAR,1993-06,90.6
recreation,Recreation,CUUR0000SAR,1993-07,90.5
recreation,Recreation,CUUR0000SAR,1993-08,90.8
recreation,Recreation,CUUR0000SAR,1993-09,91.2
recreation,Recreation,CUUR0000SAR,1993-10,91.6
recreation,Recreation,CUUR0000SAR,1993-11,91.7
recreation,Recreation,CUUR0000SAR,1993-12,91.7
recreation,Recreation,CUUR0000SAR,1994-01,92.1
recreation,Recreation,CUUR0000SAR,1994-02,92.4
recreation,Recreation,CUUR0000SAR,1994-03,92.6
recreation,Recreation,CUUR0000SAR,1994-04,92.7
recreation,Recreation,CUUR0000SAR,1994-05,92.7
recreation,Recreation,CUUR0000SAR,1994-06,92.6
recreation,Recreation,CUUR0000SAR,1994-07,92.7
recreation,Recreation,CUUR0000SAR,1994-08,92.6
recreation,Recreation,CUUR0000SAR,1994-09,92.8
recreation,Recreation,CUUR0000SAR,1994-10,92.9
recreation,Recreation,CUUR0000SAR,1994-11,93.2
recreation,Recreation,CUUR0000SAR,1994-12,93
recreation,Recreation,CUUR0000SAR,1995-01,93.5
recreation,Recreation,CUUR0000SAR,1995-02,93.8
recreation,Recreation,CUUR0000SAR,1995-03,93.9
recreation,Recreation,CUUR0000SAR,1995-04,94.4
recreation,Recreation,CUUR0000SAR,1995-05,94.5
recreation,Recreation,CUUR0000SAR,1995-06,94.2
recreation,Recreation,CUUR0000SAR,1995-07,94.3
recreation,Recreation,CUUR0000SAR,1995-08,94.6
recreation,Recreation,CUUR0000SAR,1995-09,95
recreation,Recreation,CUUR0000SAR,1995-10,95.1
recreation,Recreation,CUUR0000SAR,1995-11,95.5
recreation,Recreation,CUUR0000SAR,1995-12,95.6
recreation,Recreation,CUUR0000SAR,1996-01,96
recreation,Recreation,CUUR0000SAR,1996-02,96.8
recreation,Recreation,CUUR0000SAR,1996-03,96.9
recreation,Recreation,CUUR0000SAR,1996-04,97.1
recreation,Recreation,CUUR0000SAR,1996-05,97.1
recreation,Recreation,CUUR0000SAR,1996-06,97.3
recreation,Recreation,CUUR0000SAR,1996-07,97.5
recreation,Recreation,CUUR0000SAR,1996-08,97.6
recreation,Recreation,CUUR0000SAR,1996-09,97.8
recreation,Recreation,CUUR0000SAR,1996-10,98.1
recreation,Recreation,CUUR0000SAR,1996-11,98.4
recreation,Recreation,CUUR0000SAR,1996-12,98.5
recreation,Recreation,CUUR0000SAR,1997-01,98.8
recreation,Recreation,CUUR0000SAR,1997-02,99.2
recreation,Recreation,CUUR0000SAR,1997-03,99.4
recreation,Recreation,CUUR0000SAR,1997-04,99.3
recreation,Recreation,CUUR0000SAR,1997-05,99.4
recreation,Recreation,CUUR0000SAR,1997-06,99.8
recreation,Recreation,CUUR0000SAR,1997-07,99.8
recreation,Recreation,CUUR0000SAR,1997-08,100
recreation,Recreation,CUUR0000SAR,1997-09,99.9
recreation,Recreation,CUUR0000SAR,1997-10,100
recreation,Recreation,CUUR0000SAR,1997-11,100
recreation,Recreation,CUUR0000SAR,1997-12,100
recreation,Recreation,CUUR0000SAR,1998-01,100.3
recreation,Recreation,CUUR0000SAR,1998-02,100.7
recreation,Recreation,CUUR0000SAR,1998-03,101
recreation,Recreation,CUUR0000SAR,1998-04,101.1
recreation,Recreation,CUUR0000SAR,1998-05,101
recreation,Recreation,CUUR0000SAR,1998-06,101.2
recreation,Recreation,CUUR0000SAR,1998-07,101.1
recreation,Recreation,CUUR0000SAR,1998-08,101.3
recreation,Recreation,CUUR0000SAR,1998-09,101.3
recreation,Recreation,CUUR0000SAR,1998-10,101.1
recreation,Recreation,CUUR0000SAR,1998-11,101.3
recreation,Recreation,CUUR0000SAR,1998-12,101.2
recreation,Recreation,CUUR0000SAR,1999-01,101.7
recreation,Recreation,CUUR0000SAR,1999-02,101.8
recreation,Recreation,CUUR0000SAR,1999-03,101.8
recreation,Recreation,CUUR0000SAR,1999-04,102
recreation,Recreation,CUUR0000SAR,1999-05,102.2
recreation,Recreation,CUUR0000SAR,1999-06,102.2
recreation,Recreation,CUUR0000SAR,1999-07,102.2
recreation,Recreation,CUUR0000SAR,1999-08,102.2
recreation,Recreation,CUUR0000SAR,1999-09,101.7
recreation,Recreation,CUUR0000SAR,1999-10,101.8
recreation,Recreation,CUUR0000SAR,1999-11,101.9
recreation,Recreation,CUUR0000SAR,1999-12,102
recreation,Recreation,CUUR0000SAR,2000-01,102.3
recreation,Recreation,CUUR0000SAR,2000-02,102.5
recreation,Recreation,CUUR0000SAR,2000-03,102.9
recreation,Recreation,CUUR0000SAR,2000-04,102.9
recreation,Recreation,CUUR0000SAR,2000-05,103.1
recreation,Recreation,CUUR0000SAR,2000-06,103.4
recreation,Recreation,CUUR0000SAR,2000-07,103.7
recreation,Recreation,CUUR0000SAR,2000-08,103.9
recreation,Recreation,CUUR0000SAR,2000-09,103.8
recreation,Recreation,CUUR0000SAR,2000-10,103.8
recreation,Recreation,CUUR0000SAR,2000-11,103.7
recreation,Recreation,CUUR0000SAR,2000-12,103.7
recreation,Recreation,CUUR0000SAR,2001-01,104.1
recreation,Recreation,CUUR0000SAR,2001-02,104.3
recreation,Recreation,CUUR0000SAR,2001-03,104.3
recreation,Recreation,CUUR0000SAR,2001-04,105
recreation,Recreation,CUUR0000SAR,2001-05,105
recreation,Recreation,CUUR0000SAR,2001-06,104.8
recreation,Recreation,CUUR0000SAR,2001-07,105
recreation,Recreation,CUUR0000SAR,2001-08,105.1
recreation,Recreation,CUUR0000SAR,2001-09,105.2
recreation,Recreation,CUUR0000SAR,2001-10,105.3
recreation,Recreation,CUUR0000SAR,2001-11,105.5
recreation,Recreation,CUUR0000SAR,2001-12,105.3
recreation,Recreation,CUUR0000SAR,2002-01,105.7
recreation,Recreation,CUUR0000SAR,2002-02,105.9
recreation,Recreation,CUUR0000SAR,2002-03,106.1
recreation,Recreation,CUUR0000SAR,2002-04,106.5
recreation,Recreation,CUUR0000SAR,2002-05,106.4
recreation,Recreation,CUUR0000SAR,2002-06,106.2
recreation,Recreation,CUUR0000SAR,2002-07,106.2
recreation,Recreation,CUUR0000SAR,2002-08,106.3
recreation,Recreation,CUUR0000SAR,2002-09,106.2
recreation,Recreation,CUUR0000SAR,2002-10,106.4
recreation,Recreation,CUUR0000SAR,2002-11,106.4
recreation,Recreation,CUUR0000SAR,2002-12,106.5
recreation,Recreation,CUUR0000SAR,2003-01,106.9
recreation,Recreation,CUUR0000SAR,2003-02,107.2
recreation,Recreation,CUUR0000SAR,2003-03,107.4
recreation,Recreation,CUUR0000SAR,2003-04,107.4
recreation,Recreation,CUUR0000SAR,2003-05,107.6
recreation,Recreation,CUUR0000SAR,2003-06,107.6
recreation,Recreation,CUUR0000SAR,2003-07,107.7
recreation,Recreation,CUUR0000SAR,2003-08,107.7
recreation,Recreation,CUUR0000SAR,2003-09,107.7
recreation,Recreation,CUUR0000SAR,2003-10,107.6
recreation,Recreation,CUUR0000SAR,2003-11,107.8
recreation,Recreation,CUUR0000SAR,2003-12,107.7
recreation,Recreation,CUUR0000SAR,2004-01,107.9
recreation,Recreation,CUUR0000SAR,2004-02,108.4
recreation,Recreation,CUUR0000SAR,2004-03,108.8
recreation,Recreation,CUUR0000SAR,2004-04,109
recreation,Recreation,CUUR0000SAR,2004-05,108.8
recreation,Recreation,CUUR0000SAR,2004-06,108.9
recreation,Recreation,CUUR0000SAR,2004-07,108.7
recreation,Recreation,CUUR0000SAR,2004-08,108.5
recreation,Recreation,CUUR0000SAR,2004-09,108.6
recreation,Recreation,CUUR0000SAR,2004-10,108.7
recreation,Recreation,CUUR0000SAR,2004-11,108.7
recreation,Recreation,CUUR0000SAR,2004-12,108.5
recreation,Recreation,CUUR0000SAR,2005-01,108.9
recreation,Recreation,CUUR0000SAR,2005-02,109
recreation,Recreation,CUUR0000SAR,2005-03,109
recreation,Recreation,CUUR0000SAR,2005-04,109.2
recreation,Recreation,CUUR0000SAR,2005-05,109.5
recreation,Recreation,CUUR0000SAR,2005-06,109.1
recreation,Recreation,CUUR0000SAR,2005-07,109.1
recreation,Recreation,CUUR0000SAR,2005-08,109.3
recreation,Recreation,CUUR0000SAR,2005-09,109.7
recreation,Recreation,CUUR0000SAR,2005-10,109.9
recreation,Recreation,CUUR0000SAR,2005-11,109.8
recreation,Recreation,CUUR0000SAR,2005-12,109.7
recreation,Recreation,CUUR0000SAR,2006-01,109.9
recreation,Recreation,CUUR0000SAR,2006-02,110.2
recreation,Recreation,CUUR0000SAR,2006-03,110.6
recreation,Recreation,CUUR0000SAR,2006-04,111.1
recreation,Recreation,CUUR0000SAR,2006-05,111.2
recreation,Recreation,CUUR0000SAR,2006-06,111.2
recreation,Recreation,CUUR0000SAR,2006-07,111.3
recreation,Recreation,CUUR0000SAR,2006-08,111.3
recreation,Recreation,CUUR0000SAR,2006-09,111.1
recreation,Recreation,CUUR0000SAR,2006-10,111.2
recreation,Recreation,CUUR0000SAR,2006-11,111.2
recreation,Recreation,CUUR0000SAR,2006-12,110.8
recreation,Recreation,CUUR0000SAR,2007-01,111.012
recreation,Recreation,CUUR0000SAR,2007-02,111.174
recreation,Recreation,CUUR0000SAR,2007-03,111.244
recreation,Recreation,CUUR0000SAR,2007-04,111.481
recreation,Recreation,CUUR0000SAR,2007-05,111.659
recreation,Recreation,CUUR0000SAR,2007-06,111.563
recreation,Recreation,CUUR0000SAR,2007-07,111.347
recreation,Recreation,CUUR0000SAR,2007-08,111.139
recreation,Recreation,CUUR0000SAR,2007-09,111.4
recreation,Recreation,CUUR0000SAR,2007-10,111.753
recreation,Recreation,CUUR0000SAR,2007-11,111.842
recreation,Recreation,CUUR0000SAR,2007-12,111.705
recreation,Recreation,CUUR0000SAR,2008-01,112.083
recreation,Recreation,CUUR0000SAR,2008-02,112.365
recreation,Recreation,CUUR0000SAR,2008-03,112.731
recreation,Recreation,CUUR0000SAR,2008-04,112.874
recreation,Recreation,CUUR0000SAR,2008-05,112.987
recreation,Recreation,CUUR0000SAR,2008-06,112.991
recreation,Recreation,CUUR0000SAR,2008-07,113.277
recreation,Recreation,CUUR0000SAR,2008-08,113.786
recreation,Recreation,CUUR0000SAR,2008-09,114.032
recreation,Recreation,CUUR0000SAR,2008-10,114.169
recreation,Recreation,CUUR0000SAR,2008-11,114.078
recreation,Recreation,CUUR0000SAR,2008-12,113.674
recreation,Recreation,CUUR0000SAR,2009-01,113.822
recreation,Recreation,CUUR0000SAR,2009-02,114.461
recreation,Recreation,CUUR0000SAR,2009-03,114.625
recreation,Recreation,CUUR0000SAR,2009-04,114.261
recreation,Recreation,CUUR0000SAR,2009-05,114.264
recreation,Recreation,CUUR0000SAR,2009-06,114.643
recreation,Recreation,CUUR0000SAR,2009-07,114.619
recreation,Recreation,CUUR0000SAR,2009-08,114.755
recreation,Recreation,CUUR0000SAR,2009-09,114.629
recreation,Recreation,CUUR0000SAR,2009-10,114.157
recreation,Recreation,CUUR0000SAR,2009-11,113.82
recreation,Recreation,CUUR0000SAR,2009-12,113.212
recreation,Recreation,CUUR0000SAR,2010-01,113.31
recreation,Recreation,CUUR0000SAR,2010-02,113.345
recreation,Recreation,CUUR0000SAR,2010-03,113.339
recreation,Recreation,CUUR0000SAR,2010-04,113.781
recreation,Recreation,CUUR0000SAR,2010-05,113.684
recreation,Recreation,CUUR0000SAR,2010-06,113.802
recreation,Recreation,CUUR0000SAR,2010-07,113.689
recreation,Recreation,CUUR0000SAR,2010-08,113.521
recreation,Recreation,CUUR0000SAR,2010-09,113.12
recreation,Recreation,CUUR0000SAR,2010-10,112.984
recreation,Recreation,CUUR0000SAR,2010-11,112.839
recreation,Recreation,CUUR0000SAR,2010-12,112.345
recreation,Recreation,CUUR0000SAR,2011-01,112.638
recreation,Recreation,CUUR0000SAR,2011-02,113.183
recreation,Recreation,CUUR0000SAR,2011-03,113.261
recreation,Recreation,CUUR0000SAR,2011-04,113.368
recreation,Recreation,CUUR0000SAR,2011-05,113.659
recreation,Recreation,CUUR0000SAR,2011-06,113.654
recreation,Recreation,CUUR0000SAR,2011-07,113.492
recreation,Recreation,CUUR0000SAR,2011-08,113.592
recreation,Recreation,CUUR0000SAR,2011-09,113.44
recreation,Recreation,CUUR0000SAR,2011-10,113.27
recreation,Recreation,CUUR0000SAR,2011-11,113.232
recreation,Recreation,CUUR0000SAR,2011-12,113.499
recreation,Recreation,CUUR0000SAR,2012-01,114.183
recreation,Recreation,CUUR0000SAR,2012-02,114.333
recreation,Recreation,CUUR0000SAR,2012-03,114.675
recreation,Recreation,CUUR0000SAR,2012-04,114.656
recreation,Recreation,CUUR0000SAR,2012-05,114.689
recreation,Recreation,CUUR0000SAR,2012-06,115.08
recreation,Recreation,CUUR0000SAR,2012-07,114.944
recreation,Recreation,CUUR0000SAR,2012-08,114.929
recreation,Recreation,CUUR0000SAR,2012-09,114.963
recreation,Recreation,CUUR0000SAR,2012-10,114.774
recreation,Recreation,CUUR0000SAR,2012-11,114.763
recreation,Recreation,CUUR0000SAR,2012-12,114.442
recreation,Recreation,CUUR0000SAR,2013-01,114.816
recreation,Recreation,CUUR0000SAR,2013-02,115.35
recreation,Recreation,CUUR0000SAR,2013-03,115.386
recreation,Recreation,CUUR0000SAR,2013-04,115.359
recreation,Recreation,CUUR0000SAR,2013-05,115.57
recreation,Recreation,CUUR0000SAR,2013-06,115.407
recreation,Recreation,CUUR0000SAR,2013-07,115.384
recreation,Recreation,CUUR0000SAR,2013-08,115.336
recreation,Recreation,CUUR0000SAR,2013-09,115.203
recreation,Recreation,CUUR0000SAR,2013-10,115.202
recreation,Recreation,CUUR0000SAR,2013-11,115.325
recreation,Recreation,CUUR0000SAR,2013-12,114.855
recreation,Recreation,CUUR0000SAR,2014-01,115.275
recreation,Recreation,CUUR0000SAR,2014-02,115.656
recreation,Recreation,CUUR0000SAR,2014-03,115.763
recreation,Recreation,CUUR0000SAR,2014-04,116.042
recreation,Recreation,CUUR0000SAR,2014-05,116.018
recreation,Recreation,CUUR0000SAR,2014-06,116.037
recreation,Recreation,CUUR0000SAR,2014-07,115.838
recreation,Recreation,CUUR0000SAR,2014-08,115.311
recreation,Recreation,CUUR0000SAR,2014-09,115.286
recreation,Recreation,CUUR0000SAR,2014-10,115.394
recreation,Recreation,CUUR0000SAR,2014-11,115.026
recreation,Recreation,CUUR0000SAR,2014-12,114.875
recreation,Recreation,CUUR0000SAR,2015-01,115.288
recreation,Recreation,CUUR0000SAR,2015-02,115.593
recreation,Recreation,CUUR0000SAR,2015-03,115.835
recreation,Recreation,CUUR0000SAR,2015-04,116.045
recreation,Recreation,CUUR0000SAR,2015-05,116.19
recreation,Recreation,CUUR0000SAR,2015-06,116.395
recreation,Recreation,CUUR0000SAR,2015-07,116.355
recreation,Recreation,CUUR0000SAR,2015-08,116.084
recreation,Recreation,CUUR0000SAR,2015-09,116.024
recreation,Recreation,CUUR0000SAR,2015-10,116.1
recreation,Recreation,CUUR0000SAR,2015-11,115.763
recreation,Recreation,CUUR0000SAR,2015-12,115.625
recreation,Recreation,CUUR0000SAR,2016-01,116.062
recreation,Recreation,CUUR0000SAR,2016-02,116.631
recreation,Recreation,CUUR0000SAR,2016-03,117.071
recreation,Recreation,CUUR0000SAR,2016-04,117.515
recreation,Recreation,CUUR0000SAR,2016-05,117.512
recreation,Recreation,CUUR0000SAR,2016-06,117.582
recreation,Recreation,CUUR0000SAR,2016-07,117.358
recreation,Recreation,CUUR0000SAR,2016-08,117.119
recreation,Recreation,CUUR0000SAR,2016-09,116.945
recreation,Recreation,CUUR0000SAR,2016-10,116.713
recreation,Recreation,CUUR0000SAR,2016-11,116.746
recreation,Recreation,CUUR0000SAR,2016-12,116.559
recreation,Recreation,CUUR0000SAR,2017-01,117.337
recreation,Recreation,CUUR0000SAR,2017-02,118.375
recreation,Recreation,CUUR0000SAR,2017-03,118.573
recreation,Recreation,CUUR0000SAR,2017-04,118.639
recreation,Recreation,CUUR0000SAR,2017-05,118.577
recreation,Recreation,CUUR0000SAR,2017-06,118.518
recreation,Recreation,CUUR0000SAR,2017-07,118.863
recreation,Recreation,CUUR0000SAR,2017-08,118.875
recreation,Recreation,CUUR0000SAR,2017-09,118.87
recreation,Recreation,CUUR0000SAR,2017-10,118.663
recreation,Recreation,CUUR0000SAR,2017-11,118.42
recreation,Recreation,CUUR0000SAR,2017-12,118.336
recreation,Recreation,CUUR0000SAR,2018-01,118.647
recreation,Recreation,CUUR0000SAR,2018-02,119.093
recreation,Recreation,CUUR0000SAR,2018-03,119.281
recreation,Recreation,CUUR0000SAR,2018-04,118.966
recreation,Recreation,CUUR0000SAR,2018-05,118.851
recreation,Recreation,CUUR0000SAR,2018-06,119.145
recreation,Recreation,CUUR0000SAR,2018-07,119.272
recreation,Recreation,CUUR0000SAR,2018-08,118.972
recreation,Recreation,CUUR0000SAR,2018-09,119.163
recreation,Recreation,CUUR0000SAR,2018-10,118.85
recreation,Recreation,CUUR0000SAR,2018-11,119.147
recreation,Recreation,CUUR0000SAR,2018-12,119.705
recreation,Recreation,CUUR0000SAR,2019-01,120.265
recreation,Recreation,CUUR0000SAR,2019-02,120.306
recreation,Recreation,CUUR0000SAR,2019-03,120.743
recreation,Recreation,CUUR0000SAR,2019-04,120.821
recreation,Recreation,CUUR0000SAR,2019-05,120.254
recreation,Recreation,CUUR0000SAR,2019-06,120.145
recreation,Recreation,CUUR0000SAR,2019-07,120.128
recreation,Recreation,CUUR0000SAR,2019-08,120.458
recreation,Recreation,CUUR0000SAR,2019-09,120.357
recreation,Recreation,CUUR0000SAR,2019-10,120.982
recreation,Recreation,CUUR0000SAR,2019-11,121.381
recreation,Recreation,CUUR0000SAR,2019-12,121.545
recreation,Recreation,CUUR0000SAR,2020-01,121.986
recreation,Recreation,CUUR0000SAR,2020-02,122.067
recreation,Recreation,CUUR0000SAR,2020-03,122.265
recreation,Recreation,CUUR0000SAR,2020-04,121.935
recreation,Recreation,CUUR0000SAR,2020-05,122.779
recreation,Recreation,CUUR0000SAR,2020-06,122.015
recreation,Recreation,CUUR0000SAR,2020-07,121.304
recreation,Recreation,CUUR0000SAR,2020-08,122.074
recreation,Recreation,CUUR0000SAR,2020-09,122.188
recreation,Recreation,CUUR0000SAR,2020-10,122.581
recreation,Recreation,CUUR0000SAR,2020-11,123.016
recreation,Recreation,CUUR0000SAR,2020-12,122.692
recreation,Recreation,CUUR0000SAR,2021-01,122.14
recreation,Recreation,CUUR0000SAR,2021-02,123.021
recreation,Recreation,CUUR0000SAR,2021-03,123.567
recreation,Recreation,CUUR0000SAR,2021-04,124.546
recreation,Recreation,CUUR0000SAR,2021-05,124.769
recreation,Recreation,CUUR0000SAR,2021-06,124.893
recreation,Recreation,CUUR0000SAR,2021-07,125.588
recreation,Recreation,CUUR0000SAR,2021-08,126.245
recreation,Recreation,CUUR0000SAR,2021-09,126.438
recreation,Recreation,CUUR0000SAR,2021-10,127.301
recreation,Recreation,CUUR0000SAR,2021-11,126.952
recreation,Recreation,CUUR0000SAR,2021-12,126.695
recreation,Recreation,CUUR0000SAR,2022-01,127.937
recreation,Recreation,CUUR0000SAR,2022-02,129.116
recreation,Recreation,CUUR0000SAR,2022-03,129.437
recreation,Recreation,CUUR0000SAR,2022-04,129.892
recreation,Recreation,CUUR0000SAR,2022-05,130.36
recreation,Recreation,CUUR0000SAR,2022-06,130.677
recreation,Recreation,CUUR0000SAR,2022-07,131.087
recreation,Recreation,CUUR0000SAR,2022-08,131.437
recreation,Recreation,CUUR0000SAR,2022-09,131.581
recreation,Recreation,CUUR0000SAR,2022-10,132.49
recreation,Recreation,CUUR0000SAR,2022-11,132.965
recreation,Recreation,CUUR0000SAR,2022-12,133.172
recreation,Recreation,CUUR0000SAR,2023-01,134.077
recreation,Recreation,CUUR0000SAR,2023-02,135.519
recreation,Recreation,CUUR0000SAR,2023-03,135.693
recreation,Recreation,CUUR0000SAR,2023-04,136.375
recreation,Recreation,CUUR0000SAR,2023-05,136.28
recreation,Recreation,CUUR0000SAR,2023-06,136.3
recreation,Recreation,CUUR0000SAR,2023-07,136.401
recreation,Recreation,CUUR0000SAR,2023-08,136.102
recreation,Recreation,CUUR0000SAR,2023-09,136.687
recreation,Recreation,CUUR0000SAR,2023-10,136.726
recreation,Recreation,CUUR0000SAR,2023-11,136.292
recreation,Recreation,CUUR0000SAR,2023-12,136.811
recreation,Recreation,CUUR0000SAR,2024-01,137.8
recreation,Recreation,CUUR0000SAR,2024-02,138.322
recreation,Recreation,CUUR0000SAR,2024-03,138.183
recreation,Recreation,CUUR0000SAR,2024-04,138.412
recreation,Recreation,CUUR0000SAR,2024-05,138.118
recreation,Recreation,CUUR0000SAR,2024-06,138.115
recreation,Recreation,CUUR0000SAR,2024-07,138.277
recreation,Recreation,CUUR0000SAR,2024-08,138.214
recreation,Recreation,CUUR0000SAR,2024-09,137.651
recreation,Recreation,CUUR0000SAR,2024-10,138.12
recreation,Recreation,CUUR0000SAR,2024-11,138.341
recreation,Recreation,CUUR0000SAR,2024-12,138.343
recreation,Recreation,CUUR0000SAR,2025-01,140.059
recreation,Recreation,CUUR0000SAR,2025-02,140.788
recreation,Recreation,CUUR0000SAR,2025-03,140.74
recreation,Recreation,CUUR0000SAR,2025-04,140.627
recreation,Recreation,CUUR0000SAR,2025-05,140.63
recreation,Recreation,CUUR0000SAR,2025-06,140.961
recreation,Recreation,CUUR0000SAR,2025-07,141.587
recreation,Recreation,CUUR0000SAR,2025-08,141.394
recreation,Recreation,CUUR0000SAR,2025-09,141.827
recreation,Recreation,CUUR0000SAR,2025-11,140.821
recreation,Recreation,CUUR0000SAR,2025-12,142.505
recreation,Recreation,CUUR0000SAR,2026-01,143.627
recreation,Recreation,CUUR0000SAR,2026-02,143.98
recreation,Recreation,CUUR0000SAR,2026-03,143.898
recreation,Recreation,CUUR0000SAR,2026-04,143.92
recreation,Recreation,CUUR0000SAR,2026-05,144.319
recreation,Recreation,CUUR0000SAR,2026-06,144.945
recreation,Recreation,CUUR0000SAR,2026-07,145.242
education,Education & communication,CUUR0000SAE,1993-01,84.3
education,Education & communication,CUUR0000SAE,1993-02,84.3
education,Education & communication,CUUR0000SAE,1993-03,84.4
education,Education & communication,CUUR0000SAE,1993-04,84.3
education,Education & communication,CUUR0000SAE,1993-05,84.5
education,Education & communication,CUUR0000SAE,1993-06,84.5
education,Education & communication,CUUR0000SAE,1993-07,84.8
education,Education & communication,CUUR0000SAE,1993-08,85.6
education,Education & communication,CUUR0000SAE,1993-09,87
education,Education & communication,CUUR0000SAE,1993-10,87.2
education,Education & communication,CUUR0000SAE,1993-11,87.3
education,Education & communication,CUUR0000SAE,1993-12,87.4
education,Education & communication,CUUR0000SAE,1994-01,87.5
education,Education & communication,CUUR0000SAE,1994-02,87.9
education,Education & communication,CUUR0000SAE,1994-03,87.8
education,Education & communication,CUUR0000SAE,1994-04,87.8
education,Education & communication,CUUR0000SAE,1994-05,87.9
education,Education & communication,CUUR0000SAE,1994-06,88.1
education,Education & communication,CUUR0000SAE,1994-07,88.2
education,Education & communication,CUUR0000SAE,1994-08,89
education,Education & communication,CUUR0000SAE,1994-09,90.2
education,Education & communication,CUUR0000SAE,1994-10,90.3
education,Education & communication,CUUR0000SAE,1994-11,90.3
education,Education & communication,CUUR0000SAE,1994-12,90.3
education,Education & communication,CUUR0000SAE,1995-01,91.3
education,Education & communication,CUUR0000SAE,1995-02,91.3
education,Education & communication,CUUR0000SAE,1995-03,91.2
education,Education & communication,CUUR0000SAE,1995-04,91.2
education,Education & communication,CUUR0000SAE,1995-05,91.1
education,Education & communication,CUUR0000SAE,1995-06,91.3
education,Education & communication,CUUR0000SAE,1995-07,91.5
education,Education & communication,CUUR0000SAE,1995-08,92.4
education,Education & communication,CUUR0000SAE,1995-09,93.7
education,Education & communication,CUUR0000SAE,1995-10,93.7
education,Education & communication,CUUR0000SAE,1995-11,93.7
education,Education & communication,CUUR0000SAE,1995-12,93.9
education,Education & communication,CUUR0000SAE,1996-01,94.1
education,Education & communication,CUUR0000SAE,1996-02,94.2
education,Education & communication,CUUR0000SAE,1996-03,94.4
education,Education & communication,CUUR0000SAE,1996-04,93.9
education,Education & communication,CUUR0000SAE,1996-05,94.4
education,Education & communication,CUUR0000SAE,1996-06,94.6
education,Education & communication,CUUR0000SAE,1996-07,94.7
education,Education & communication,CUUR0000SAE,1996-08,95.7
education,Education & communication,CUUR0000SAE,1996-09,96.8
education,Education & communication,CUUR0000SAE,1996-10,97
education,Education & communication,CUUR0000SAE,1996-11,97
education,Education & communication,CUUR0000SAE,1996-12,97.1
education,Education & communication,CUUR0000SAE,1997-01,97.4
education,Education & communication,CUUR0000SAE,1997-02,97.5
education,Education & communication,CUUR0000SAE,1997-03,97.5
education,Education & communication,CUUR0000SAE,1997-04,97.5
education,Education & communication,CUUR0000SAE,1997-05,97.6
education,Education & communication,CUUR0000SAE,1997-06,97.7
education,Education & communication,CUUR0000SAE,1997-07,97.9
education,Education & communication,CUUR0000SAE,1997-08,98.6
education,Education & communication,CUUR0000SAE,1997-09,99.7
education,Education & communication,CUUR0000SAE,1997-10,99.9
education,Education & communication,CUUR0000SAE,1997-11,100
education,Education & communication,CUUR0000SAE,1997-12,100
education,Education & communication,CUUR0000SAE,1998-01,99.9
education,Education & communication,CUUR0000SAE,1998-02,99.8
education,Education & communication,CUUR0000SAE,1998-03,99.9
education,Education & communication,CUUR0000SAE,1998-04,99.9
education,Education & communication,CUUR0000SAE,1998-05,100.1
education,Education & communication,CUUR0000SAE,1998-06,100.1
education,Education & communication,CUUR0000SAE,1998-07,100
education,Education & communication,CUUR0000SAE,1998-08,100.1
education,Education & communication,CUUR0000SAE,1998-09,100.9
education,Education & communication,CUUR0000SAE,1998-10,101
education,Education & communication,CUUR0000SAE,1998-11,101
education,Education & communication,CUUR0000SAE,1998-12,100.7
education,Education & communication,CUUR0000SAE,1999-01,100.9
education,Education & communication,CUUR0000SAE,1999-02,100.9
education,Education & communication,CUUR0000SAE,1999-03,100.8
education,Education & communication,CUUR0000SAE,1999-04,100.7
education,Education & communication,CUUR0000SAE,1999-05,100.4
education,Education & communication,CUUR0000SAE,1999-06,100.3
education,Education & communication,CUUR0000SAE,1999-07,100.4
education,Education & communication,CUUR0000SAE,1999-08,101.2
education,Education & communication,CUUR0000SAE,1999-09,101.9
education,Education & communication,CUUR0000SAE,1999-10,102.1
education,Education & communication,CUUR0000SAE,1999-11,102.2
education,Education & communication,CUUR0000SAE,1999-12,102.3
education,Education & communication,CUUR0000SAE,2000-01,102.7
education,Education & communication,CUUR0000SAE,2000-02,102.2
education,Education & communication,CUUR0000SAE,2000-03,102
education,Education & communication,CUUR0000SAE,2000-04,101.8
education,Education & communication,CUUR0000SAE,2000-05,101.8
education,Education & communication,CUUR0000SAE,2000-06,101.5
education,Education & communication,CUUR0000SAE,2000-07,102
education,Education & communication,CUUR0000SAE,2000-08,102.8
education,Education & communication,CUUR0000SAE,2000-09,102.9
education,Education & communication,CUUR0000SAE,2000-10,103.6
education,Education & communication,CUUR0000SAE,2000-11,103.2
education,Education & communication,CUUR0000SAE,2000-12,103.6
education,Education & communication,CUUR0000SAE,2001-01,103.9
education,Education & communication,CUUR0000SAE,2001-02,104
education,Education & communication,CUUR0000SAE,2001-03,104.3
education,Education & communication,CUUR0000SAE,2001-04,104.1
education,Education & communication,CUUR0000SAE,2001-05,104
education,Education & communication,CUUR0000SAE,2001-06,104.4
education,Education & communication,CUUR0000SAE,2001-07,104.8
education,Education & communication,CUUR0000SAE,2001-08,105.8
education,Education & communication,CUUR0000SAE,2001-09,106.6
education,Education & communication,CUUR0000SAE,2001-10,107.1
education,Education & communication,CUUR0000SAE,2001-11,107
education,Education & communication,CUUR0000SAE,2001-12,106.9
education,Education & communication,CUUR0000SAE,2002-01,107.2
education,Education & communication,CUUR0000SAE,2002-02,107.3
education,Education & communication,CUUR0000SAE,2002-03,106.6
education,Education & communication,CUUR0000SAE,2002-04,106.2
education,Education & communication,CUUR0000SAE,2002-05,106.6
education,Education & communication,CUUR0000SAE,2002-06,106.9
education,Education & communication,CUUR0000SAE,2002-07,107.6
education,Education & communication,CUUR0000SAE,2002-08,108.9
education,Education & communication,CUUR0000SAE,2002-09,109.5
education,Education & communication,CUUR0000SAE,2002-10,109.4
education,Education & communication,CUUR0000SAE,2002-11,109.3
education,Education & communication,CUUR0000SAE,2002-12,109.2
education,Education & communication,CUUR0000SAE,2003-01,109.7
education,Education & communication,CUUR0000SAE,2003-02,109.7
education,Education & communication,CUUR0000SAE,2003-03,109.4
education,Education & communication,CUUR0000SAE,2003-04,109
education,Education & communication,CUUR0000SAE,2003-05,108.6
education,Education & communication,CUUR0000SAE,2003-06,108.5
education,Education & communication,CUUR0000SAE,2003-07,108.9
education,Education & communication,CUUR0000SAE,2003-08,110.1
education,Education & communication,CUUR0000SAE,2003-09,110.9
education,Education & communication,CUUR0000SAE,2003-10,110.9
education,Education & communication,CUUR0000SAE,2003-11,110.8
education,Education & communication,CUUR0000SAE,2003-12,110.9
education,Education & communication,CUUR0000SAE,2004-01,111.1
education,Education & communication,CUUR0000SAE,2004-02,111.2
education,Education & communication,CUUR0000SAE,2004-03,111.1
education,Education & communication,CUUR0000SAE,2004-04,110.9
education,Education & communication,CUUR0000SAE,2004-05,110.6
education,Education & communication,CUUR0000SAE,2004-06,110.8
education,Education & communication,CUUR0000SAE,2004-07,110.9
education,Education & communication,CUUR0000SAE,2004-08,111.7
education,Education & communication,CUUR0000SAE,2004-09,112.9
education,Education & communication,CUUR0000SAE,2004-10,112.5
education,Education & communication,CUUR0000SAE,2004-11,112.7
education,Education & communication,CUUR0000SAE,2004-12,112.6
education,Education & communication,CUUR0000SAE,2005-01,112.7
education,Education & communication,CUUR0000SAE,2005-02,112.8
education,Education & communication,CUUR0000SAE,2005-03,112.7
education,Education & communication,CUUR0000SAE,2005-04,112.9
education,Education & communication,CUUR0000SAE,2005-05,112.7
education,Education & communication,CUUR0000SAE,2005-06,112.8
education,Education & communication,CUUR0000SAE,2005-07,112.9
education,Education & communication,CUUR0000SAE,2005-08,113.7
education,Education & communication,CUUR0000SAE,2005-09,115.3
education,Education & communication,CUUR0000SAE,2005-10,115.1
education,Education & communication,CUUR0000SAE,2005-11,115.3
education,Education & communication,CUUR0000SAE,2005-12,115.3
education,Education & communication,CUUR0000SAE,2006-01,115.7
education,Education & communication,CUUR0000SAE,2006-02,115.7
education,Education & communication,CUUR0000SAE,2006-03,115.6
education,Education & communication,CUUR0000SAE,2006-04,115.8
education,Education & communication,CUUR0000SAE,2006-05,115.7
education,Education & communication,CUUR0000SAE,2006-06,115.9
education,Education & communication,CUUR0000SAE,2006-07,116.3
education,Education & communication,CUUR0000SAE,2006-08,117.5
education,Education & communication,CUUR0000SAE,2006-09,118.4
education,Education & communication,CUUR0000SAE,2006-10,118.5
education,Education & communication,CUUR0000SAE,2006-11,118.1
education,Education & communication,CUUR0000SAE,2006-12,118
education,Education & communication,CUUR0000SAE,2007-01,117.815
education,Education & communication,CUUR0000SAE,2007-02,117.971
education,Education & communication,CUUR0000SAE,2007-03,118.231
education,Education & communication,CUUR0000SAE,2007-04,118.301
education,Education & communication,CUUR0000SAE,2007-05,118.787
education,Education & communication,CUUR0000SAE,2007-06,118.734
education,Education & communication,CUUR0000SAE,2007-07,119.025
education,Education & communication,CUUR0000SAE,2007-08,120.311
education,Education & communication,CUUR0000SAE,2007-09,121.273
education,Education & communication,CUUR0000SAE,2007-10,121.557
education,Education & communication,CUUR0000SAE,2007-11,121.409
education,Education & communication,CUUR0000SAE,2007-12,121.506
education,Education & communication,CUUR0000SAE,2008-01,121.762
education,Education & communication,CUUR0000SAE,2008-02,121.766
education,Education & communication,CUUR0000SAE,2008-03,121.832
education,Education & communication,CUUR0000SAE,2008-04,122.073
education,Education & communication,CUUR0000SAE,2008-05,122.348
education,Education & communication,CUUR0000SAE,2008-06,122.828
education,Education & communication,CUUR0000SAE,2008-07,123.445
education,Education & communication,CUUR0000SAE,2008-08,124.653
education,Education & communication,CUUR0000SAE,2008-09,125.505
education,Education & communication,CUUR0000SAE,2008-10,125.686
education,Education & communication,CUUR0000SAE,2008-11,125.758
education,Education & communication,CUUR0000SAE,2008-12,125.921
education,Education & communication,CUUR0000SAE,2009-01,126.151
education,Education & communication,CUUR0000SAE,2009-02,126.19
education,Education & communication,CUUR0000SAE,2009-03,126.187
education,Education & communication,CUUR0000SAE,2009-04,126.273
education,Education & communication,CUUR0000SAE,2009-05,126.467
education,Education & communication,CUUR0000SAE,2009-06,126.519
education,Education & communication,CUUR0000SAE,2009-07,126.914
education,Education & communication,CUUR0000SAE,2009-08,128.128
education,Education & communication,CUUR0000SAE,2009-09,129.035
education,Education & communication,CUUR0000SAE,2009-10,129.128
education,Education & communication,CUUR0000SAE,2009-11,128.845
education,Education & communication,CUUR0000SAE,2009-12,128.883
education,Education & communication,CUUR0000SAE,2010-01,129.072
education,Education & communication,CUUR0000SAE,2010-02,129.105
education,Education & communication,CUUR0000SAE,2010-03,129.236
education,Education & communication,CUUR0000SAE,2010-04,129.344
education,Education & communication,CUUR0000SAE,2010-05,129.27
education,Education & communication,CUUR0000SAE,2010-06,129.263
education,Education & communication,CUUR0000SAE,2010-07,129.586
education,Education & communication,CUUR0000SAE,2010-08,130.599
education,Education & communication,CUUR0000SAE,2010-09,131.154
education,Education & communication,CUUR0000SAE,2010-10,130.959
education,Education & communication,CUUR0000SAE,2010-11,130.894
education,Education & communication,CUUR0000SAE,2010-12,130.548
education,Education & communication,CUUR0000SAE,2011-01,130.665
education,Education & communication,CUUR0000SAE,2011-02,130.692
education,Education & communication,CUUR0000SAE,2011-03,130.682
education,Education & communication,CUUR0000SAE,2011-04,130.643
education,Education & communication,CUUR0000SAE,2011-05,130.6
education,Education & communication,CUUR0000SAE,2011-06,130.568
education,Education & communication,CUUR0000SAE,2011-07,130.859
education,Education & communication,CUUR0000SAE,2011-08,132.028
education,Education & communication,CUUR0000SAE,2011-09,132.627
education,Education & communication,CUUR0000SAE,2011-10,132.755
education,Education & communication,CUUR0000SAE,2011-11,132.75
education,Education & communication,CUUR0000SAE,2011-12,132.728
education,Education & communication,CUUR0000SAE,2012-01,133.067
education,Education & communication,CUUR0000SAE,2012-02,133.199
education,Education & communication,CUUR0000SAE,2012-03,133.235
education,Education & communication,CUUR0000SAE,2012-04,133.284
education,Education & communication,CUUR0000SAE,2012-05,133.47
education,Education & communication,CUUR0000SAE,2012-06,133.456
education,Education & communication,CUUR0000SAE,2012-07,133.546
education,Education & communication,CUUR0000SAE,2012-08,134.039
education,Education & communication,CUUR0000SAE,2012-09,134.639
education,Education & communication,CUUR0000SAE,2012-10,134.767
education,Education & communication,CUUR0000SAE,2012-11,134.736
education,Education & communication,CUUR0000SAE,2012-12,134.694
education,Education & communication,CUUR0000SAE,2013-01,135.225
education,Education & communication,CUUR0000SAE,2013-02,135.517
education,Education & communication,CUUR0000SAE,2013-03,135.625
education,Education & communication,CUUR0000SAE,2013-04,135.23
education,Education & communication,CUUR0000SAE,2013-05,135.204
education,Education & communication,CUUR0000SAE,2013-06,135.098
education,Education & communication,CUUR0000SAE,2013-07,135.334
education,Education & communication,CUUR0000SAE,2013-08,136.119
education,Education & communication,CUUR0000SAE,2013-09,136.723
education,Education & communication,CUUR0000SAE,2013-10,136.86
education,Education & communication,CUUR0000SAE,2013-11,136.844
education,Education & communication,CUUR0000SAE,2013-12,136.857
education,Education & communication,CUUR0000SAE,2014-01,137.005
education,Education & communication,CUUR0000SAE,2014-02,137.045
education,Education & communication,CUUR0000SAE,2014-03,137.125
education,Education & communication,CUUR0000SAE,2014-04,137.279
education,Education & communication,CUUR0000SAE,2014-05,137.244
education,Education & communication,CUUR0000SAE,2014-06,137.279
education,Education & communication,CUUR0000SAE,2014-07,137.499
education,Education & communication,CUUR0000SAE,2014-08,138.139
education,Education & communication,CUUR0000SAE,2014-09,138.474
education,Education & communication,CUUR0000SAE,2014-10,138.008
education,Education & communication,CUUR0000SAE,2014-11,137.708
education,Education & communication,CUUR0000SAE,2014-12,137.41
education,Education & communication,CUUR0000SAE,2015-01,137.604
education,Education & communication,CUUR0000SAE,2015-02,137.56
education,Education & communication,CUUR0000SAE,2015-03,137.564
education,Education & communication,CUUR0000SAE,2015-04,137.707
education,Education & communication,CUUR0000SAE,2015-05,137.4
education,Education & communication,CUUR0000SAE,2015-06,137.425
education,Education & communication,CUUR0000SAE,2015-07,137.6
education,Education & communication,CUUR0000SAE,2015-08,138.291
education,Education & communication,CUUR0000SAE,2015-09,139.092
education,Education & communication,CUUR0000SAE,2015-10,139.344
education,Education & communication,CUUR0000SAE,2015-11,139.527
education,Education & communication,CUUR0000SAE,2015-12,139.388
education,Education & communication,CUUR0000SAE,2016-01,139.481
education,Education & communication,CUUR0000SAE,2016-02,139.236
education,Education & communication,CUUR0000SAE,2016-03,139.279
education,Education & communication,CUUR0000SAE,2016-04,139.316
education,Education & communication,CUUR0000SAE,2016-05,138.971
education,Education & communication,CUUR0000SAE,2016-06,138.898
education,Education & communication,CUUR0000SAE,2016-07,138.79
education,Education & communication,CUUR0000SAE,2016-08,139.311
education,Education & communication,CUUR0000SAE,2016-09,139.176
education,Education & communication,CUUR0000SAE,2016-10,138.979
education,Education & communication,CUUR0000SAE,2016-11,139.086
education,Education & communication,CUUR0000SAE,2016-12,139.076
education,Education & communication,CUUR0000SAE,2017-01,139.041
education,Education & communication,CUUR0000SAE,2017-02,138.796
education,Education & communication,CUUR0000SAE,2017-03,136.234
education,Education & communication,CUUR0000SAE,2017-04,135.781
education,Education & communication,CUUR0000SAE,2017-05,135.563
education,Education & communication,CUUR0000SAE,2017-06,135.497
education,Education & communication,CUUR0000SAE,2017-07,135.388
education,Education & communication,CUUR0000SAE,2017-08,135.702
education,Education & communication,CUUR0000SAE,2017-09,136.189
education,Education & communication,CUUR0000SAE,2017-10,136.502
education,Education & communication,CUUR0000SAE,2017-11,136.717
education,Education & communication,CUUR0000SAE,2017-12,136.671
education,Education & communication,CUUR0000SAE,2018-01,136.635
education,Education & communication,CUUR0000SAE,2018-02,136.327
education,Education & communication,CUUR0000SAE,2018-03,136.029
education,Education & communication,CUUR0000SAE,2018-04,135.943
education,Education & communication,CUUR0000SAE,2018-05,136.261
education,Education & communication,CUUR0000SAE,2018-06,136.535
education,Education & communication,CUUR0000SAE,2018-07,136.77
education,Education & communication,CUUR0000SAE,2018-08,137.336
education,Education & communication,CUUR0000SAE,2018-09,137.868
education,Education & communication,CUUR0000SAE,2018-10,137.776
education,Education & communication,CUUR0000SAE,2018-11,136.981
education,Education & communication,CUUR0000SAE,2018-12,136.976
education,Education & communication,CUUR0000SAE,2019-01,137.055
education,Education & communication,CUUR0000SAE,2019-02,137.168
education,Education & communication,CUUR0000SAE,2019-03,137.082
education,Education & communication,CUUR0000SAE,2019-04,137.182
education,Education & communication,CUUR0000SAE,2019-05,137.199
education,Education & communication,CUUR0000SAE,2019-06,137.344
education,Education & communication,CUUR0000SAE,2019-07,137.595
education,Education & communication,CUUR0000SAE,2019-08,138.154
education,Education & communication,CUUR0000SAE,2019-09,138.409
education,Education & communication,CUUR0000SAE,2019-10,138.529
education,Education & communication,CUUR0000SAE,2019-11,138.92
education,Education & communication,CUUR0000SAE,2019-12,138.839
education,Education & communication,CUUR0000SAE,2020-01,139.132
education,Education & communication,CUUR0000SAE,2020-02,139.256
education,Education & communication,CUUR0000SAE,2020-03,139.199
education,Education & communication,CUUR0000SAE,2020-04,139.378
education,Education & communication,CUUR0000SAE,2020-05,139.34
education,Education & communication,CUUR0000SAE,2020-06,139.258
education,Education & communication,CUUR0000SAE,2020-07,140.794
education,Education & communication,CUUR0000SAE,2020-08,141.32
education,Education & communication,CUUR0000SAE,2020-09,141.369
education,Education & communication,CUUR0000SAE,2020-10,141.469
education,Education & communication,CUUR0000SAE,2020-11,141.534
education,Education & communication,CUUR0000SAE,2020-12,141.549
education,Education & communication,CUUR0000SAE,2021-01,141.556
education,Education & communication,CUUR0000SAE,2021-02,141.679
education,Education & communication,CUUR0000SAE,2021-03,141.289
education,Education & communication,CUUR0000SAE,2021-04,141.742
education,Education & communication,CUUR0000SAE,2021-05,142.002
education,Education & communication,CUUR0000SAE,2021-06,142.174
education,Education & communication,CUUR0000SAE,2021-07,142.386
education,Education & communication,CUUR0000SAE,2021-08,143.011
education,Education & communication,CUUR0000SAE,2021-09,143.807
education,Education & communication,CUUR0000SAE,2021-10,143.974
education,Education & communication,CUUR0000SAE,2021-11,143.884
education,Education & communication,CUUR0000SAE,2021-12,143.844
education,Education & communication,CUUR0000SAE,2022-01,143.876
education,Education & communication,CUUR0000SAE,2022-02,143.913
education,Education & communication,CUUR0000SAE,2022-03,143.475
education,Education & communication,CUUR0000SAE,2022-04,143.212
education,Education & communication,CUUR0000SAE,2022-05,143.108
education,Education & communication,CUUR0000SAE,2022-06,143.335
education,Education & communication,CUUR0000SAE,2022-07,143.15
education,Education & communication,CUUR0000SAE,2022-08,143.687
education,Education & communication,CUUR0000SAE,2022-09,144.089
education,Education & communication,CUUR0000SAE,2022-10,143.988
education,Education & communication,CUUR0000SAE,2022-11,144.852
education,Education & communication,CUUR0000SAE,2022-12,144.922
education,Education & communication,CUUR0000SAE,2023-01,145.336
education,Education & communication,CUUR0000SAE,2023-02,145.407
education,Education & communication,CUUR0000SAE,2023-03,145.481
education,Education & communication,CUUR0000SAE,2023-04,145.449
education,Education & communication,CUUR0000SAE,2023-05,145.205
education,Education & communication,CUUR0000SAE,2023-06,144.9
education,Education & communication,CUUR0000SAE,2023-07,144.919
education,Education & communication,CUUR0000SAE,2023-08,145.174
education,Education & communication,CUUR0000SAE,2023-09,145.598
education,Education & communication,CUUR0000SAE,2023-10,145.295
education,Education & communication,CUUR0000SAE,2023-11,144.743
education,Education & communication,CUUR0000SAE,2023-12,144.806
education,Education & communication,CUUR0000SAE,2024-01,145.37
education,Education & communication,CUUR0000SAE,2024-02,145.966
education,Education & communication,CUUR0000SAE,2024-03,145.822
education,Education & communication,CUUR0000SAE,2024-04,146.04
education,Education & communication,CUUR0000SAE,2024-05,145.955
education,Education & communication,CUUR0000SAE,2024-06,145.902
education,Education & communication,CUUR0000SAE,2024-07,146.189
education,Education & communication,CUUR0000SAE,2024-08,146.643
education,Education & communication,CUUR0000SAE,2024-09,146.928
education,Education & communication,CUUR0000SAE,2024-10,146.451
education,Education & communication,CUUR0000SAE,2024-11,145.79
education,Education & communication,CUUR0000SAE,2024-12,145.696
education,Education & communication,CUUR0000SAE,2025-01,146.082
education,Education & communication,CUUR0000SAE,2025-02,146.449
education,Education & communication,CUUR0000SAE,2025-03,146.621
education,Education & communication,CUUR0000SAE,2025-04,146.354
education,Education & communication,CUUR0000SAE,2025-05,146.395
education,Education & communication,CUUR0000SAE,2025-06,146.592
education,Education & communication,CUUR0000SAE,2025-07,146.696
education,Education & communication,CUUR0000SAE,2025-08,147.152
education,Education & communication,CUUR0000SAE,2025-09,147.501
education,Education & communication,CUUR0000SAE,2025-11,147.928
education,Education & communication,CUUR0000SAE,2025-12,146.392
education,Education & communication,CUUR0000SAE,2026-01,146.883
education,Education & communication,CUUR0000SAE,2026-02,146.533
education,Education & communication,CUUR0000SAE,2026-03,146.668
education,Education & communication,CUUR0000SAE,2026-04,146.588
education,Education & communication,CUUR0000SAE,2026-05,147.628
education,Education & communication,CUUR0000SAE,2026-06,146.505
education,Education & communication,CUUR0000SAE,2026-07,147.498
other,Other goods & services,CUUR0000SAG,1990-01,154
other,Other goods & services,CUUR0000SAG,1990-02,154.7
other,Other goods & services,CUUR0000SAG,1990-03,155.2
other,Other goods & services,CUUR0000SAG,1990-04,155.8
other,Other goods & services,CUUR0000SAG,1990-05,156.6
other,Other goods & services,CUUR0000SAG,1990-06,157.8
other,Other goods & services,CUUR0000SAG,1990-07,159.2
other,Other goods & services,CUUR0000SAG,1990-08,160.4
other,Other goods & services,CUUR0000SAG,1990-09,162.6
other,Other goods & services,CUUR0000SAG,1990-10,163.2
other,Other goods & services,CUUR0000SAG,1990-11,163.6
other,Other goods & services,CUUR0000SAG,1990-12,164.5
other,Other goods & services,CUUR0000SAG,1991-01,166.5
other,Other goods & services,CUUR0000SAG,1991-02,167.4
other,Other goods & services,CUUR0000SAG,1991-03,167.9
other,Other goods & services,CUUR0000SAG,1991-04,168.8
other,Other goods & services,CUUR0000SAG,1991-05,169.1
other,Other goods & services,CUUR0000SAG,1991-06,170
other,Other goods & services,CUUR0000SAG,1991-07,170.8
other,Other goods & services,CUUR0000SAG,1991-08,172.2
other,Other goods & services,CUUR0000SAG,1991-09,175.8
other,Other goods & services,CUUR0000SAG,1991-10,176.2
other,Other goods & services,CUUR0000SAG,1991-11,176.9
other,Other goods & services,CUUR0000SAG,1991-12,177.6
other,Other goods & services,CUUR0000SAG,1992-01,178.6
other,Other goods & services,CUUR0000SAG,1992-02,179.4
other,Other goods & services,CUUR0000SAG,1992-03,179.8
other,Other goods & services,CUUR0000SAG,1992-04,180.3
other,Other goods & services,CUUR0000SAG,1992-05,181.3
other,Other goods & services,CUUR0000SAG,1992-06,181.5
other,Other goods & services,CUUR0000SAG,1992-07,182.3
other,Other goods & services,CUUR0000SAG,1992-08,183.9
other,Other goods & services,CUUR0000SAG,1992-09,187
other,Other goods & services,CUUR0000SAG,1992-10,187.9
other,Other goods & services,CUUR0000SAG,1992-11,188
other,Other goods & services,CUUR0000SAG,1992-12,189.1
other,Other goods & services,CUUR0000SAG,1993-01,191
other,Other goods & services,CUUR0000SAG,1993-02,191.5
other,Other goods & services,CUUR0000SAG,1993-03,192
other,Other goods & services,CUUR0000SAG,1993-04,192.4
other,Other goods & services,CUUR0000SAG,1993-05,193.2
other,Other goods & services,CUUR0000SAG,1993-06,193.1
other,Other goods & services,CUUR0000SAG,1993-07,193.7
other,Other goods & services,CUUR0000SAG,1993-08,193.4
other,Other goods & services,CUUR0000SAG,1993-09,193.1
other,Other goods & services,CUUR0000SAG,1993-10,193.4
other,Other goods & services,CUUR0000SAG,1993-11,193.8
other,Other goods & services,CUUR0000SAG,1993-12,194.2
other,Other goods & services,CUUR0000SAG,1994-01,195.1
other,Other goods & services,CUUR0000SAG,1994-02,195.2
other,Other goods & services,CUUR0000SAG,1994-03,195.5
other,Other goods & services,CUUR0000SAG,1994-04,196.4
other,Other goods & services,CUUR0000SAG,1994-05,197.1
other,Other goods & services,CUUR0000SAG,1994-06,197.6
other,Other goods & services,CUUR0000SAG,1994-07,198
other,Other goods & services,CUUR0000SAG,1994-08,199.4
other,Other goods & services,CUUR0000SAG,1994-09,201.4
other,Other goods & services,CUUR0000SAG,1994-10,201.9
other,Other goods & services,CUUR0000SAG,1994-11,202.3
other,Other goods & services,CUUR0000SAG,1994-12,202.4
other,Other goods & services,CUUR0000SAG,1995-01,203
other,Other goods & services,CUUR0000SAG,1995-02,204.1
other,Other goods & services,CUUR0000SAG,1995-03,204
other,Other goods & services,CUUR0000SAG,1995-04,204.3
other,Other goods & services,CUUR0000SAG,1995-05,204.9
other,Other goods & services,CUUR0000SAG,1995-06,205.3
other,Other goods & services,CUUR0000SAG,1995-07,205.7
other,Other goods & services,CUUR0000SAG,1995-08,207.7
other,Other goods & services,CUUR0000SAG,1995-09,210.2
other,Other goods & services,CUUR0000SAG,1995-10,210.7
other,Other goods & services,CUUR0000SAG,1995-11,211.2
other,Other goods & services,CUUR0000SAG,1995-12,211.1
other,Other goods & services,CUUR0000SAG,1996-01,212
other,Other goods & services,CUUR0000SAG,1996-02,212.6
other,Other goods & services,CUUR0000SAG,1996-03,213
other,Other goods & services,CUUR0000SAG,1996-04,213.3
other,Other goods & services,CUUR0000SAG,1996-05,214.1
other,Other goods & services,CUUR0000SAG,1996-06,214
other,Other goods & services,CUUR0000SAG,1996-07,214.6
other,Other goods & services,CUUR0000SAG,1996-08,216.3
other,Other goods & services,CUUR0000SAG,1996-09,218.3
other,Other goods & services,CUUR0000SAG,1996-10,218.8
other,Other goods & services,CUUR0000SAG,1996-11,219.2
other,Other goods & services,CUUR0000SAG,1996-12,218.7
other,Other goods & services,CUUR0000SAG,1997-01,220
other,Other goods & services,CUUR0000SAG,1997-02,220.7
other,Other goods & services,CUUR0000SAG,1997-03,221.4
other,Other goods & services,CUUR0000SAG,1997-04,222.7
other,Other goods & services,CUUR0000SAG,1997-05,223.1
other,Other goods & services,CUUR0000SAG,1997-06,223.1
other,Other goods & services,CUUR0000SAG,1997-07,223.5
other,Other goods & services,CUUR0000SAG,1997-08,225.7
other,Other goods & services,CUUR0000SAG,1997-09,228.1
other,Other goods & services,CUUR0000SAG,1997-10,229.4
other,Other goods & services,CUUR0000SAG,1997-11,229.9
other,Other goods & services,CUUR0000SAG,1997-12,230.1
other,Other goods & services,CUUR0000SAG,1998-01,231.3
other,Other goods & services,CUUR0000SAG,1998-02,233.1
other,Other goods & services,CUUR0000SAG,1998-03,232.4
other,Other goods & services,CUUR0000SAG,1998-04,234.7
other,Other goods & services,CUUR0000SAG,1998-05,236.7
other,Other goods & services,CUUR0000SAG,1998-06,236.4
other,Other goods & services,CUUR0000SAG,1998-07,237.8
other,Other goods & services,CUUR0000SAG,1998-08,238
other,Other goods & services,CUUR0000SAG,1998-09,240.4
other,Other goods & services,CUUR0000SAG,1998-10,241.3
other,Other goods & services,CUUR0000SAG,1998-11,240.5
other,Other goods & services,CUUR0000SAG,1998-12,250.3
other,Other goods & services,CUUR0000SAG,1999-01,255.4
other,Other goods & services,CUUR0000SAG,1999-02,255
other,Other goods & services,CUUR0000SAG,1999-03,253.3
other,Other goods & services,CUUR0000SAG,1999-04,256.1
other,Other goods & services,CUUR0000SAG,1999-05,255.8
other,Other goods & services,CUUR0000SAG,1999-06,255.9
other,Other goods & services,CUUR0000SAG,1999-07,258.3
other,Other goods & services,CUUR0000SAG,1999-08,257.6
other,Other goods & services,CUUR0000SAG,1999-09,262.6
other,Other goods & services,CUUR0000SAG,1999-10,263.2
other,Other goods & services,CUUR0000SAG,1999-11,263
other,Other goods & services,CUUR0000SAG,1999-12,263
other,Other goods & services,CUUR0000SAG,2000-01,264.7
other,Other goods & services,CUUR0000SAG,2000-02,266.7
other,Other goods & services,CUUR0000SAG,2000-03,268
other,Other goods & services,CUUR0000SAG,2000-04,271.9
other,Other goods & services,CUUR0000SAG,2000-05,270.2
other,Other goods & services,CUUR0000SAG,2000-06,269.6
other,Other goods & services,CUUR0000SAG,2000-07,272.2
other,Other goods & services,CUUR0000SAG,2000-08,271.6
other,Other goods & services,CUUR0000SAG,2000-09,274.7
other,Other goods & services,CUUR0000SAG,2000-10,273
other,Other goods & services,CUUR0000SAG,2000-11,276.2
other,Other goods & services,CUUR0000SAG,2000-12,274
other,Other goods & services,CUUR0000SAG,2001-01,275.9
other,Other goods & services,CUUR0000SAG,2001-02,277.2
other,Other goods & services,CUUR0000SAG,2001-03,277.7
other,Other goods & services,CUUR0000SAG,2001-04,281.3
other,Other goods & services,CUUR0000SAG,2001-05,280.2
other,Other goods & services,CUUR0000SAG,2001-06,281.2
other,Other goods & services,CUUR0000SAG,2001-07,285.8
other,Other goods & services,CUUR0000SAG,2001-08,283.3
other,Other goods & services,CUUR0000SAG,2001-09,287.8
other,Other goods & services,CUUR0000SAG,2001-10,285.6
other,Other goods & services,CUUR0000SAG,2001-11,289.2
other,Other goods & services,CUUR0000SAG,2001-12,286.4
other,Other goods & services,CUUR0000SAG,2002-01,287.2
other,Other goods & services,CUUR0000SAG,2002-02,290.2
other,Other goods & services,CUUR0000SAG,2002-03,288.5
other,Other goods & services,CUUR0000SAG,2002-04,292.9
other,Other goods & services,CUUR0000SAG,2002-05,291.5
other,Other goods & services,CUUR0000SAG,2002-06,294.4
other,Other goods & services,CUUR0000SAG,2002-07,294.5
other,Other goods & services,CUUR0000SAG,2002-08,295.9
other,Other goods & services,CUUR0000SAG,2002-09,297
other,Other goods & services,CUUR0000SAG,2002-10,295.4
other,Other goods & services,CUUR0000SAG,2002-11,295.6
other,Other goods & services,CUUR0000SAG,2002-12,295.8
other,Other goods & services,CUUR0000SAG,2003-01,296.5
other,Other goods & services,CUUR0000SAG,2003-02,297.5
other,Other goods & services,CUUR0000SAG,2003-03,297.3
other,Other goods & services,CUUR0000SAG,2003-04,298.1
other,Other goods & services,CUUR0000SAG,2003-05,298.1
other,Other goods & services,CUUR0000SAG,2003-06,298.1
other,Other goods & services,CUUR0000SAG,2003-07,299.2
other,Other goods & services,CUUR0000SAG,2003-08,299.6
other,Other goods & services,CUUR0000SAG,2003-09,299.9
other,Other goods & services,CUUR0000SAG,2003-10,300.2
other,Other goods & services,CUUR0000SAG,2003-11,300
other,Other goods & services,CUUR0000SAG,2003-12,300.2
other,Other goods & services,CUUR0000SAG,2004-01,301.4
other,Other goods & services,CUUR0000SAG,2004-02,302.3
other,Other goods & services,CUUR0000SAG,2004-03,303.1
other,Other goods & services,CUUR0000SAG,2004-04,303.6
other,Other goods & services,CUUR0000SAG,2004-05,303.8
other,Other goods & services,CUUR0000SAG,2004-06,304.1
other,Other goods & services,CUUR0000SAG,2004-07,305.1
other,Other goods & services,CUUR0000SAG,2004-08,305.5
other,Other goods & services,CUUR0000SAG,2004-09,306.3
other,Other goods & services,CUUR0000SAG,2004-10,306.8
other,Other goods & services,CUUR0000SAG,2004-11,307
other,Other goods & services,CUUR0000SAG,2004-12,307.8
other,Other goods & services,CUUR0000SAG,2005-01,309.3
other,Other goods & services,CUUR0000SAG,2005-02,310.8
other,Other goods & services,CUUR0000SAG,2005-03,311.2
other,Other goods & services,CUUR0000SAG,2005-04,311.6
other,Other goods & services,CUUR0000SAG,2005-05,312.5
other,Other goods & services,CUUR0000SAG,2005-06,312.5
other,Other goods & services,CUUR0000SAG,2005-07,314.1
other,Other goods & services,CUUR0000SAG,2005-08,314.4
other,Other goods & services,CUUR0000SAG,2005-09,315
other,Other goods & services,CUUR0000SAG,2005-10,315.3
other,Other goods & services,CUUR0000SAG,2005-11,316.2
other,Other goods & services,CUUR0000SAG,2005-12,317.3
other,Other goods & services,CUUR0000SAG,2006-01,318.2
other,Other goods & services,CUUR0000SAG,2006-02,319.1
other,Other goods & services,CUUR0000SAG,2006-03,320
other,Other goods & services,CUUR0000SAG,2006-04,320
other,Other goods & services,CUUR0000SAG,2006-05,320.2
other,Other goods & services,CUUR0000SAG,2006-06,321.5
other,Other goods & services,CUUR0000SAG,2006-07,321.2
other,Other goods & services,CUUR0000SAG,2006-08,321.7
other,Other goods & services,CUUR0000SAG,2006-09,323.3
other,Other goods & services,CUUR0000SAG,2006-10,324.3
other,Other goods & services,CUUR0000SAG,2006-11,324.3
other,Other goods & services,CUUR0000SAG,2006-12,326.7
other,Other goods & services,CUUR0000SAG,2007-01,329.198
other,Other goods & services,CUUR0000SAG,2007-02,330.459
other,Other goods & services,CUUR0000SAG,2007-03,331.144
other,Other goods & services,CUUR0000SAG,2007-04,331.743
other,Other goods & services,CUUR0000SAG,2007-05,332.785
other,Other goods & services,CUUR0000SAG,2007-06,333.378
other,Other goods & services,CUUR0000SAG,2007-07,333.415
other,Other goods & services,CUUR0000SAG,2007-08,333.325
other,Other goods & services,CUUR0000SAG,2007-09,334.801
other,Other goods & services,CUUR0000SAG,2007-10,335.68
other,Other goods & services,CUUR0000SAG,2007-11,336.379
other,Other goods & services,CUUR0000SAG,2007-12,337.633
other,Other goods & services,CUUR0000SAG,2008-01,339.052
other,Other goods & services,CUUR0000SAG,2008-02,340.191
other,Other goods & services,CUUR0000SAG,2008-03,341.827
other,Other goods & services,CUUR0000SAG,2008-04,343.41
other,Other goods & services,CUUR0000SAG,2008-05,344.709
other,Other goods & services,CUUR0000SAG,2008-06,345.885
other,Other goods & services,CUUR0000SAG,2008-07,346.81
other,Other goods & services,CUUR0000SAG,2008-08,346.99
other,Other goods & services,CUUR0000SAG,2008-09,348.166
other,Other goods & services,CUUR0000SAG,2008-10,349.276
other,Other goods & services,CUUR0000SAG,2008-11,349.04
other,Other goods & services,CUUR0000SAG,2008-12,349.22
other,Other goods & services,CUUR0000SAG,2009-01,350.259
other,Other goods & services,CUUR0000SAG,2009-02,351.223
other,Other goods & services,CUUR0000SAG,2009-03,361.156
other,Other goods & services,CUUR0000SAG,2009-04,370.606
other,Other goods & services,CUUR0000SAG,2009-05,369.901
other,Other goods & services,CUUR0000SAG,2009-06,370.595
other,Other goods & services,CUUR0000SAG,2009-07,372.894
other,Other goods & services,CUUR0000SAG,2009-08,372.699
other,Other goods & services,CUUR0000SAG,2009-09,374.219
other,Other goods & services,CUUR0000SAG,2009-10,375.444
other,Other goods & services,CUUR0000SAG,2009-11,376.702
other,Other goods & services,CUUR0000SAG,2009-12,377.33
other,Other goods & services,CUUR0000SAG,2010-01,377.652
other,Other goods & services,CUUR0000SAG,2010-02,377.992
other,Other goods & services,CUUR0000SAG,2010-03,378.808
other,Other goods & services,CUUR0000SAG,2010-04,378.911
other,Other goods & services,CUUR0000SAG,2010-05,379.714
other,Other goods & services,CUUR0000SAG,2010-06,380.926
other,Other goods & services,CUUR0000SAG,2010-07,383.247
other,Other goods & services,CUUR0000SAG,2010-08,383.685
other,Other goods & services,CUUR0000SAG,2010-09,383.663
other,Other goods & services,CUUR0000SAG,2010-10,382.764
other,Other goods & services,CUUR0000SAG,2010-11,383.633
other,Other goods & services,CUUR0000SAG,2010-12,384.502
other,Other goods & services,CUUR0000SAG,2011-01,384.689
other,Other goods & services,CUUR0000SAG,2011-02,385.397
other,Other goods & services,CUUR0000SAG,2011-03,385.637
other,Other goods & services,CUUR0000SAG,2011-04,386.226
other,Other goods & services,CUUR0000SAG,2011-05,385.476
other,Other goods & services,CUUR0000SAG,2011-06,386.171
other,Other goods & services,CUUR0000SAG,2011-07,386.494
other,Other goods & services,CUUR0000SAG,2011-08,387.053
other,Other goods & services,CUUR0000SAG,2011-09,388.627
other,Other goods & services,CUUR0000SAG,2011-10,389.119
other,Other goods & services,CUUR0000SAG,2011-11,390.761
other,Other goods & services,CUUR0000SAG,2011-12,391.043
other,Other goods & services,CUUR0000SAG,2012-01,391.382
other,Other goods & services,CUUR0000SAG,2012-02,391.236
other,Other goods & services,CUUR0000SAG,2012-03,392.364
other,Other goods & services,CUUR0000SAG,2012-04,393.32
other,Other goods & services,CUUR0000SAG,2012-05,392.859
other,Other goods & services,CUUR0000SAG,2012-06,393.989
other,Other goods & services,CUUR0000SAG,2012-07,395.418
other,Other goods & services,CUUR0000SAG,2012-08,396.161
other,Other goods & services,CUUR0000SAG,2012-09,396.155
other,Other goods & services,CUUR0000SAG,2012-10,396.337
other,Other goods & services,CUUR0000SAG,2012-11,396.702
other,Other goods & services,CUUR0000SAG,2012-12,396.814
other,Other goods & services,CUUR0000SAG,2013-01,397.543
other,Other goods & services,CUUR0000SAG,2013-02,398.291
other,Other goods & services,CUUR0000SAG,2013-03,399.265
other,Other goods & services,CUUR0000SAG,2013-04,400.239
other,Other goods & services,CUUR0000SAG,2013-05,399.966
other,Other goods & services,CUUR0000SAG,2013-06,400.347
other,Other goods & services,CUUR0000SAG,2013-07,401.454
other,Other goods & services,CUUR0000SAG,2013-08,402.403
other,Other goods & services,CUUR0000SAG,2013-09,402.675
other,Other goods & services,CUUR0000SAG,2013-10,402.693
other,Other goods & services,CUUR0000SAG,2013-11,403.047
other,Other goods & services,CUUR0000SAG,2013-12,404.097
other,Other goods & services,CUUR0000SAG,2014-01,405.127
other,Other goods & services,CUUR0000SAG,2014-02,405.91
other,Other goods & services,CUUR0000SAG,2014-03,406.715
other,Other goods & services,CUUR0000SAG,2014-04,407.03
other,Other goods & services,CUUR0000SAG,2014-05,407.178
other,Other goods & services,CUUR0000SAG,2014-06,407.974
other,Other goods & services,CUUR0000SAG,2014-07,408.483
other,Other goods & services,CUUR0000SAG,2014-08,408.898
other,Other goods & services,CUUR0000SAG,2014-09,409.059
other,Other goods & services,CUUR0000SAG,2014-10,410.325
other,Other goods & services,CUUR0000SAG,2014-11,409.825
other,Other goods & services,CUUR0000SAG,2014-12,410.642
other,Other goods & services,CUUR0000SAG,2015-01,412.545
other,Other goods & services,CUUR0000SAG,2015-02,411.837
other,Other goods & services,CUUR0000SAG,2015-03,412.402
other,Other goods & services,CUUR0000SAG,2015-04,412.231
other,Other goods & services,CUUR0000SAG,2015-05,412.841
other,Other goods & services,CUUR0000SAG,2015-06,415.022
other,Other goods & services,CUUR0000SAG,2015-07,415.359
other,Other goods & services,CUUR0000SAG,2015-08,415.576
other,Other goods & services,CUUR0000SAG,2015-09,416.34
other,Other goods & services,CUUR0000SAG,2015-10,417.968
other,Other goods & services,CUUR0000SAG,2015-11,418.351
other,Other goods & services,CUUR0000SAG,2015-12,418.298
other,Other goods & services,CUUR0000SAG,2016-01,419.074
other,Other goods & services,CUUR0000SAG,2016-02,419.627
other,Other goods & services,CUUR0000SAG,2016-03,420.632
other,Other goods & services,CUUR0000SAG,2016-04,420.977
other,Other goods & services,CUUR0000SAG,2016-05,421.881
other,Other goods & services,CUUR0000SAG,2016-06,422.915
other,Other goods & services,CUUR0000SAG,2016-07,423.439
other,Other goods & services,CUUR0000SAG,2016-08,424.105
other,Other goods & services,CUUR0000SAG,2016-09,425.494
other,Other goods & services,CUUR0000SAG,2016-10,425.524
other,Other goods & services,CUUR0000SAG,2016-11,426.045
other,Other goods & services,CUUR0000SAG,2016-12,427.159
other,Other goods & services,CUUR0000SAG,2017-01,427.621
other,Other goods & services,CUUR0000SAG,2017-02,427.992
other,Other goods & services,CUUR0000SAG,2017-03,428.336
other,Other goods & services,CUUR0000SAG,2017-04,432.175
other,Other goods & services,CUUR0000SAG,2017-05,431.911
other,Other goods & services,CUUR0000SAG,2017-06,433.121
other,Other goods & services,CUUR0000SAG,2017-07,434.033
other,Other goods & services,CUUR0000SAG,2017-08,433.328
other,Other goods & services,CUUR0000SAG,2017-09,434.057
other,Other goods & services,CUUR0000SAG,2017-10,436.252
other,Other goods & services,CUUR0000SAG,2017-11,436.352
other,Other goods & services,CUUR0000SAG,2017-12,435.831
other,Other goods & services,CUUR0000SAG,2018-01,437.687
other,Other goods & services,CUUR0000SAG,2018-02,438.306
other,Other goods & services,CUUR0000SAG,2018-03,439.269
other,Other goods & services,CUUR0000SAG,2018-04,442.553
other,Other goods & services,CUUR0000SAG,2018-05,442.71
other,Other goods & services,CUUR0000SAG,2018-06,442.851
other,Other goods & services,CUUR0000SAG,2018-07,443.17
other,Other goods & services,CUUR0000SAG,2018-08,442.934
other,Other goods & services,CUUR0000SAG,2018-09,443.409
other,Other goods & services,CUUR0000SAG,2018-10,444.334
other,Other goods & services,CUUR0000SAG,2018-11,445.48
other,Other goods & services,CUUR0000SAG,2018-12,445.059
other,Other goods & services,CUUR0000SAG,2019-01,446
other,Other goods & services,CUUR0000SAG,2019-02,448.15
other,Other goods & services,CUUR0000SAG,2019-03,448.471
other,Other goods & services,CUUR0000SAG,2019-04,448.658
other,Other goods & services,CUUR0000SAG,2019-05,449.896
other,Other goods & services,CUUR0000SAG,2019-06,449.345
other,Other goods & services,CUUR0000SAG,2019-07,451.709
other,Other goods & services,CUUR0000SAG,2019-08,453.074
other,Other goods & services,CUUR0000SAG,2019-09,453.193
other,Other goods & services,CUUR0000SAG,2019-10,455.225
other,Other goods & services,CUUR0000SAG,2019-11,456.262
other,Other goods & services,CUUR0000SAG,2019-12,455.413
other,Other goods & services,CUUR0000SAG,2020-01,458.336
other,Other goods & services,CUUR0000SAG,2020-02,460.144
other,Other goods & services,CUUR0000SAG,2020-03,461.495
other,Other goods & services,CUUR0000SAG,2020-04,461.294
other,Other goods & services,CUUR0000SAG,2020-05,460.73
other,Other goods & services,CUUR0000SAG,2020-06,462.149
other,Other goods & services,CUUR0000SAG,2020-07,463.712
other,Other goods & services,CUUR0000SAG,2020-08,462.847
other,Other goods & services,CUUR0000SAG,2020-09,463.656
other,Other goods & services,CUUR0000SAG,2020-10,463.919
other,Other goods & services,CUUR0000SAG,2020-11,464.211
other,Other goods & services,CUUR0000SAG,2020-12,466.332
other,Other goods & services,CUUR0000SAG,2021-01,467.995
other,Other goods & services,CUUR0000SAG,2021-02,469.886
other,Other goods & services,CUUR0000SAG,2021-03,472.607
other,Other goods & services,CUUR0000SAG,2021-04,473.649
other,Other goods & services,CUUR0000SAG,2021-05,473.011
other,Other goods & services,CUUR0000SAG,2021-06,473.718
other,Other goods & services,CUUR0000SAG,2021-07,477.103
other,Other goods & services,CUUR0000SAG,2021-08,479.048
other,Other goods & services,CUUR0000SAG,2021-09,479.525
other,Other goods & services,CUUR0000SAG,2021-10,483.592
other,Other goods & services,CUUR0000SAG,2021-11,484.683
other,Other goods & services,CUUR0000SAG,2021-12,487.131
other,Other goods & services,CUUR0000SAG,2022-01,490.856
other,Other goods & services,CUUR0000SAG,2022-02,496.045
other,Other goods & services,CUUR0000SAG,2022-03,498.538
other,Other goods & services,CUUR0000SAG,2022-04,500.673
other,Other goods & services,CUUR0000SAG,2022-05,502.966
other,Other goods & services,CUUR0000SAG,2022-06,505.312
other,Other goods & services,CUUR0000SAG,2022-07,507.204
other,Other goods & services,CUUR0000SAG,2022-08,510.892
other,Other goods & services,CUUR0000SAG,2022-09,512.565
other,Other goods & services,CUUR0000SAG,2022-10,514.958
other,Other goods & services,CUUR0000SAG,2022-11,518.668
other,Other goods & services,CUUR0000SAG,2022-12,518.088
other,Other goods & services,CUUR0000SAG,2023-01,521.433
other,Other goods & services,CUUR0000SAG,2023-02,526.196
other,Other goods & services,CUUR0000SAG,2023-03,528.811
other,Other goods & services,CUUR0000SAG,2023-04,533.706
other,Other goods & services,CUUR0000SAG,2023-05,536.518
other,Other goods & services,CUUR0000SAG,2023-06,537.386
other,Other goods & services,CUUR0000SAG,2023-07,537.926
other,Other goods & services,CUUR0000SAG,2023-08,540.27
other,Other goods & services,CUUR0000SAG,2023-09,543.35
other,Other goods & services,CUUR0000SAG,2023-10,546.825
other,Other goods & services,CUUR0000SAG,2023-11,547.96
other,Other goods & services,CUUR0000SAG,2023-12,546.784
other,Other goods & services,CUUR0000SAG,2024-01,551.14
other,Other goods & services,CUUR0000SAG,2024-02,551.15
other,Other goods & services,CUUR0000SAG,2024-03,553.666
other,Other goods & services,CUUR0000SAG,2024-04,556.486
other,Other goods & services,CUUR0000SAG,2024-05,556.772
other,Other goods & services,CUUR0000SAG,2024-06,559.708
other,Other goods & services,CUUR0000SAG,2024-07,560.655
other,Other goods & services,CUUR0000SAG,2024-08,561.561
other,Other goods & services,CUUR0000SAG,2024-09,562.638
other,Other goods & services,CUUR0000SAG,2024-10,564.839
other,Other goods & services,CUUR0000SAG,2024-11,566.688
other,Other goods & services,CUUR0000SAG,2024-12,564.6
other,Other goods & services,CUUR0000SAG,2025-01,564.223
other,Other goods & services,CUUR0000SAG,2025-02,569.205
other,Other goods & services,CUUR0000SAG,2025-03,574.766
other,Other goods & services,CUUR0000SAG,2025-04,576.398
other,Other goods & services,CUUR0000SAG,2025-05,578.031
other,Other goods & services,CUUR0000SAG,2025-06,580.544
other,Other goods & services,CUUR0000SAG,2025-07,582.371
other,Other goods & services,CUUR0000SAG,2025-08,583.313
other,Other goods & services,CUUR0000SAG,2025-09,585.873
other,Other goods & services,CUUR0000SAG,2025-11,588.935
other,Other goods & services,CUUR0000SAG,2025-12,588.451
other,Other goods & services,CUUR0000SAG,2026-01,597.39
other,Other goods & services,CUUR0000SAG,2026-02,598.208
other,Other goods & services,CUUR0000SAG,2026-03,596.439
other,Other goods & services,CUUR0000SAG,2026-04,601.76
other,Other goods & services,CUUR0000SAG,2026-05,606.4
other,Other goods & services,CUUR0000SAG,2026-06,607.199
other,Other goods & services,CUUR0000SAG,2026-07,607.421
energy,Energy & fuel,CUUR0000SA0E,1990-01,97.6
energy,Energy & fuel,CUUR0000SA0E,1990-02,96.4
energy,Energy & fuel,CUUR0000SA0E,1990-03,95.5
energy,Energy & fuel,CUUR0000SA0E,1990-04,95.7
energy,Energy & fuel,CUUR0000SA0E,1990-05,96.7
energy,Energy & fuel,CUUR0000SA0E,1990-06,99.5
energy,Energy & fuel,CUUR0000SA0E,1990-07,98.9
energy,Energy & fuel,CUUR0000SA0E,1990-08,103.6
energy,Energy & fuel,CUUR0000SA0E,1990-09,108.8
energy,Energy & fuel,CUUR0000SA0E,1990-10,111.4
energy,Energy & fuel,CUUR0000SA0E,1990-11,110.9
energy,Energy & fuel,CUUR0000SA0E,1990-12,110.1
energy,Energy & fuel,CUUR0000SA0E,1991-01,107.1
energy,Energy & fuel,CUUR0000SA0E,1991-02,102.8
energy,Energy & fuel,CUUR0000SA0E,1991-03,99.7
energy,Energy & fuel,CUUR0000SA0E,1991-04,99.5
energy,Energy & fuel,CUUR0000SA0E,1991-05,102.1
energy,Energy & fuel,CUUR0000SA0E,1991-06,103.5
energy,Energy & fuel,CUUR0000SA0E,1991-07,102.7
energy,Energy & fuel,CUUR0000SA0E,1991-08,102.9
energy,Energy & fuel,CUUR0000SA0E,1991-09,103.6
energy,Energy & fuel,CUUR0000SA0E,1991-10,101.8
energy,Energy & fuel,CUUR0000SA0E,1991-11,101.8
energy,Energy & fuel,CUUR0000SA0E,1991-12,101.9
energy,Energy & fuel,CUUR0000SA0E,1992-01,100.1
energy,Energy & fuel,CUUR0000SA0E,1992-02,99
energy,Energy & fuel,CUUR0000SA0E,1992-03,98.9
energy,Energy & fuel,CUUR0000SA0E,1992-04,99.5
energy,Energy & fuel,CUUR0000SA0E,1992-05,102.4
energy,Energy & fuel,CUUR0000SA0E,1992-06,105.9
energy,Energy & fuel,CUUR0000SA0E,1992-07,106
energy,Energy & fuel,CUUR0000SA0E,1992-08,105.4
energy,Energy & fuel,CUUR0000SA0E,1992-09,105.9
energy,Energy & fuel,CUUR0000SA0E,1992-10,104.5
energy,Energy & fuel,CUUR0000SA0E,1992-11,104.5
energy,Energy & fuel,CUUR0000SA0E,1992-12,103.9
energy,Energy & fuel,CUUR0000SA0E,1993-01,103.4
energy,Energy & fuel,CUUR0000SA0E,1993-02,102.2
energy,Energy & fuel,CUUR0000SA0E,1993-03,102.5
energy,Energy & fuel,CUUR0000SA0E,1993-04,103.1
energy,Energy & fuel,CUUR0000SA0E,1993-05,104.4
energy,Energy & fuel,CUUR0000SA0E,1993-06,106.5
energy,Energy & fuel,CUUR0000SA0E,1993-07,105.8
energy,Energy & fuel,CUUR0000SA0E,1993-08,105.2
energy,Energy & fuel,CUUR0000SA0E,1993-09,105.2
energy,Energy & fuel,CUUR0000SA0E,1993-10,105.4
energy,Energy & fuel,CUUR0000SA0E,1993-11,103.7
energy,Energy & fuel,CUUR0000SA0E,1993-12,102.4
energy,Energy & fuel,CUUR0000SA0E,1994-01,101.3
energy,Energy & fuel,CUUR0000SA0E,1994-02,102
energy,Energy & fuel,CUUR0000SA0E,1994-03,101.9
energy,Energy & fuel,CUUR0000SA0E,1994-04,102
energy,Energy & fuel,CUUR0000SA0E,1994-05,102.9
energy,Energy & fuel,CUUR0000SA0E,1994-06,105.7
energy,Energy & fuel,CUUR0000SA0E,1994-07,106.8
energy,Energy & fuel,CUUR0000SA0E,1994-08,108.5
energy,Energy & fuel,CUUR0000SA0E,1994-09,108.2
energy,Energy & fuel,CUUR0000SA0E,1994-10,105.8
energy,Energy & fuel,CUUR0000SA0E,1994-11,105.7
energy,Energy & fuel,CUUR0000SA0E,1994-12,104.7
energy,Energy & fuel,CUUR0000SA0E,1995-01,104.2
energy,Energy & fuel,CUUR0000SA0E,1995-02,103.7
energy,Energy & fuel,CUUR0000SA0E,1995-03,103.2
energy,Energy & fuel,CUUR0000SA0E,1995-04,103.9
energy,Energy & fuel,CUUR0000SA0E,1995-05,106.3
energy,Energy & fuel,CUUR0000SA0E,1995-06,109.3
energy,Energy & fuel,CUUR0000SA0E,1995-07,108.1
energy,Energy & fuel,CUUR0000SA0E,1995-08,107.4
energy,Energy & fuel,CUUR0000SA0E,1995-09,106.2
energy,Energy & fuel,CUUR0000SA0E,1995-10,104.5
energy,Energy & fuel,CUUR0000SA0E,1995-11,102.8
energy,Energy & fuel,CUUR0000SA0E,1995-12,103.3
energy,Energy & fuel,CUUR0000SA0E,1996-01,105
energy,Energy & fuel,CUUR0000SA0E,1996-02,104.9
energy,Energy & fuel,CUUR0000SA0E,1996-03,106.1
energy,Energy & fuel,CUUR0000SA0E,1996-04,110
energy,Energy & fuel,CUUR0000SA0E,1996-05,112.9
energy,Energy & fuel,CUUR0000SA0E,1996-06,113.1
energy,Energy & fuel,CUUR0000SA0E,1996-07,112.5
energy,Energy & fuel,CUUR0000SA0E,1996-08,111.6
energy,Energy & fuel,CUUR0000SA0E,1996-09,111.7
energy,Energy & fuel,CUUR0000SA0E,1996-10,110.5
energy,Energy & fuel,CUUR0000SA0E,1996-11,111.1
energy,Energy & fuel,CUUR0000SA0E,1996-12,112.2
energy,Energy & fuel,CUUR0000SA0E,1997-01,113.3
energy,Energy & fuel,CUUR0000SA0E,1997-02,113.1
energy,Energy & fuel,CUUR0000SA0E,1997-03,111.2
energy,Energy & fuel,CUUR0000SA0E,1997-04,110
energy,Energy & fuel,CUUR0000SA0E,1997-05,109.9
energy,Energy & fuel,CUUR0000SA0E,1997-06,112.3
energy,Energy & fuel,CUUR0000SA0E,1997-07,111.4
energy,Energy & fuel,CUUR0000SA0E,1997-08,112.5
energy,Energy & fuel,CUUR0000SA0E,1997-09,113.9
energy,Energy & fuel,CUUR0000SA0E,1997-10,111.5
energy,Energy & fuel,CUUR0000SA0E,1997-11,110.7
energy,Energy & fuel,CUUR0000SA0E,1997-12,108.4
energy,Energy & fuel,CUUR0000SA0E,1998-01,105.9
energy,Energy & fuel,CUUR0000SA0E,1998-02,103.2
energy,Energy & fuel,CUUR0000SA0E,1998-03,101.6
energy,Energy & fuel,CUUR0000SA0E,1998-04,101.9
energy,Energy & fuel,CUUR0000SA0E,1998-05,103.8
energy,Energy & fuel,CUUR0000SA0E,1998-06,105.7
energy,Energy & fuel,CUUR0000SA0E,1998-07,105.2
energy,Energy & fuel,CUUR0000SA0E,1998-08,103.8
energy,Energy & fuel,CUUR0000SA0E,1998-09,102.7
energy,Energy & fuel,CUUR0000SA0E,1998-10,101.3
energy,Energy & fuel,CUUR0000SA0E,1998-11,100.5
energy,Energy & fuel,CUUR0000SA0E,1998-12,98.9
energy,Energy & fuel,CUUR0000SA0E,1999-01,98.1
energy,Energy & fuel,CUUR0000SA0E,1999-02,97.3
energy,Energy & fuel,CUUR0000SA0E,1999-03,98.4
energy,Energy & fuel,CUUR0000SA0E,1999-04,105
energy,Energy & fuel,CUUR0000SA0E,1999-05,105.6
energy,Energy & fuel,CUUR0000SA0E,1999-06,106.8
energy,Energy & fuel,CUUR0000SA0E,1999-07,108.7
energy,Energy & fuel,CUUR0000SA0E,1999-08,111.3
energy,Energy & fuel,CUUR0000SA0E,1999-09,113.2
energy,Energy & fuel,CUUR0000SA0E,1999-10,111.6
energy,Energy & fuel,CUUR0000SA0E,1999-11,111.2
energy,Energy & fuel,CUUR0000SA0E,1999-12,112.2
energy,Energy & fuel,CUUR0000SA0E,2000-01,112.5
energy,Energy & fuel,CUUR0000SA0E,2000-02,116.7
energy,Energy & fuel,CUUR0000SA0E,2000-03,122.2
energy,Energy & fuel,CUUR0000SA0E,2000-04,120.7
energy,Energy & fuel,CUUR0000SA0E,2000-05,121
energy,Energy & fuel,CUUR0000SA0E,2000-06,129.6
energy,Energy & fuel,CUUR0000SA0E,2000-07,129.7
energy,Energy & fuel,CUUR0000SA0E,2000-08,125.9
energy,Energy & fuel,CUUR0000SA0E,2000-09,130.6
energy,Energy & fuel,CUUR0000SA0E,2000-10,129.3
energy,Energy & fuel,CUUR0000SA0E,2000-11,129
energy,Energy & fuel,CUUR0000SA0E,2000-12,128.1
energy,Energy & fuel,CUUR0000SA0E,2001-01,132.5
energy,Energy & fuel,CUUR0000SA0E,2001-02,132
energy,Energy & fuel,CUUR0000SA0E,2001-03,129.5
energy,Energy & fuel,CUUR0000SA0E,2001-04,133.1
energy,Energy & fuel,CUUR0000SA0E,2001-05,140.1
energy,Energy & fuel,CUUR0000SA0E,2001-06,140.5
energy,Energy & fuel,CUUR0000SA0E,2001-07,132.4
energy,Energy & fuel,CUUR0000SA0E,2001-08,129.4
energy,Energy & fuel,CUUR0000SA0E,2001-09,132.5
energy,Energy & fuel,CUUR0000SA0E,2001-10,122.1
energy,Energy & fuel,CUUR0000SA0E,2001-11,116
energy,Energy & fuel,CUUR0000SA0E,2001-12,111.4
energy,Energy & fuel,CUUR0000SA0E,2002-01,111.7
energy,Energy & fuel,CUUR0000SA0E,2002-02,111
energy,Energy & fuel,CUUR0000SA0E,2002-03,115.6
energy,Energy & fuel,CUUR0000SA0E,2002-04,122.2
energy,Energy & fuel,CUUR0000SA0E,2002-05,122.9
energy,Energy & fuel,CUUR0000SA0E,2002-06,124.9
energy,Energy & fuel,CUUR0000SA0E,2002-07,125.5
energy,Energy & fuel,CUUR0000SA0E,2002-08,125.8
energy,Energy & fuel,CUUR0000SA0E,2002-09,126.1
energy,Energy & fuel,CUUR0000SA0E,2002-10,125.8
energy,Energy & fuel,CUUR0000SA0E,2002-11,125.3
energy,Energy & fuel,CUUR0000SA0E,2002-12,123.3
energy,Energy & fuel,CUUR0000SA0E,2003-01,127.5
energy,Energy & fuel,CUUR0000SA0E,2003-02,135.4
energy,Energy & fuel,CUUR0000SA0E,2003-03,142.6
energy,Energy & fuel,CUUR0000SA0E,2003-04,138.1
energy,Energy & fuel,CUUR0000SA0E,2003-05,134
energy,Energy & fuel,CUUR0000SA0E,2003-06,136.5
energy,Energy & fuel,CUUR0000SA0E,2003-07,136.8
energy,Energy & fuel,CUUR0000SA0E,2003-08,140.6
energy,Energy & fuel,CUUR0000SA0E,2003-09,144.6
energy,Energy & fuel,CUUR0000SA0E,2003-10,136.9
energy,Energy & fuel,CUUR0000SA0E,2003-11,133.1
energy,Energy & fuel,CUUR0000SA0E,2003-12,131.8
energy,Energy & fuel,CUUR0000SA0E,2004-01,137.4
energy,Energy & fuel,CUUR0000SA0E,2004-02,140.6
energy,Energy & fuel,CUUR0000SA0E,2004-03,143.1
energy,Energy & fuel,CUUR0000SA0E,2004-04,145.9
energy,Energy & fuel,CUUR0000SA0E,2004-05,154.1
energy,Energy & fuel,CUUR0000SA0E,2004-06,159.7
energy,Energy & fuel,CUUR0000SA0E,2004-07,156.3
energy,Energy & fuel,CUUR0000SA0E,2004-08,155.3
energy,Energy & fuel,CUUR0000SA0E,2004-09,154.3
energy,Energy & fuel,CUUR0000SA0E,2004-10,157.7
energy,Energy & fuel,CUUR0000SA0E,2004-11,158.6
energy,Energy & fuel,CUUR0000SA0E,2004-12,153.7
energy,Energy & fuel,CUUR0000SA0E,2005-01,151.9
energy,Energy & fuel,CUUR0000SA0E,2005-02,155.2
energy,Energy & fuel,CUUR0000SA0E,2005-03,160.8
energy,Energy & fuel,CUUR0000SA0E,2005-04,170.9
energy,Energy & fuel,CUUR0000SA0E,2005-05,169.4
energy,Energy & fuel,CUUR0000SA0E,2005-06,171.4
energy,Energy & fuel,CUUR0000SA0E,2005-07,178.5
energy,Energy & fuel,CUUR0000SA0E,2005-08,186.6
energy,Energy & fuel,CUUR0000SA0E,2005-09,208
energy,Energy & fuel,CUUR0000SA0E,2005-10,204.3
energy,Energy & fuel,CUUR0000SA0E,2005-11,187.6
energy,Energy & fuel,CUUR0000SA0E,2005-12,180
energy,Energy & fuel,CUUR0000SA0E,2006-01,189.5
energy,Energy & fuel,CUUR0000SA0E,2006-02,186.4
energy,Energy & fuel,CUUR0000SA0E,2006-03,188.6
energy,Energy & fuel,CUUR0000SA0E,2006-04,201.4
energy,Energy & fuel,CUUR0000SA0E,2006-05,209.3
energy,Energy & fuel,CUUR0000SA0E,2006-06,211.3
energy,Energy & fuel,CUUR0000SA0E,2006-07,215.1
energy,Energy & fuel,CUUR0000SA0E,2006-08,214.7
energy,Energy & fuel,CUUR0000SA0E,2006-09,199.1
energy,Energy & fuel,CUUR0000SA0E,2006-10,181.3
energy,Energy & fuel,CUUR0000SA0E,2006-11,180.4
energy,Energy & fuel,CUUR0000SA0E,2006-12,185.2
energy,Energy & fuel,CUUR0000SA0E,2007-01,183.567
energy,Energy & fuel,CUUR0000SA0E,2007-02,184.451
energy,Energy & fuel,CUUR0000SA0E,2007-03,196.929
energy,Energy & fuel,CUUR0000SA0E,2007-04,207.265
energy,Energy & fuel,CUUR0000SA0E,2007-05,219.071
energy,Energy & fuel,CUUR0000SA0E,2007-06,221.088
energy,Energy & fuel,CUUR0000SA0E,2007-07,217.274
energy,Energy & fuel,CUUR0000SA0E,2007-08,209.294
energy,Energy & fuel,CUUR0000SA0E,2007-09,209.637
energy,Energy & fuel,CUUR0000SA0E,2007-10,207.588
energy,Energy & fuel,CUUR0000SA0E,2007-11,219.009
energy,Energy & fuel,CUUR0000SA0E,2007-12,217.506
energy,Energy & fuel,CUUR0000SA0E,2008-01,219.465
energy,Energy & fuel,CUUR0000SA0E,2008-02,219.311
energy,Energy & fuel,CUUR0000SA0E,2008-03,230.505
energy,Energy & fuel,CUUR0000SA0E,2008-04,240.194
energy,Energy & fuel,CUUR0000SA0E,2008-05,257.106
energy,Energy & fuel,CUUR0000SA0E,2008-06,275.621
energy,Energy & fuel,CUUR0000SA0E,2008-07,280.833
energy,Energy & fuel,CUUR0000SA0E,2008-08,266.283
energy,Energy & fuel,CUUR0000SA0E,2008-09,258.02
energy,Energy & fuel,CUUR0000SA0E,2008-10,231.561
energy,Energy & fuel,CUUR0000SA0E,2008-11,189.938
energy,Energy & fuel,CUUR0000SA0E,2008-12,171.158
energy,Energy & fuel,CUUR0000SA0E,2009-01,174.622
energy,Energy & fuel,CUUR0000SA0E,2009-02,178.741
energy,Energy & fuel,CUUR0000SA0E,2009-03,177.454
energy,Energy & fuel,CUUR0000SA0E,2009-04,179.704
energy,Energy & fuel,CUUR0000SA0E,2009-05,186.909
energy,Energy & fuel,CUUR0000SA0E,2009-06,205.408
energy,Energy & fuel,CUUR0000SA0E,2009-07,201.938
energy,Energy & fuel,CUUR0000SA0E,2009-08,204.971
energy,Energy & fuel,CUUR0000SA0E,2009-09,202.243
energy,Energy & fuel,CUUR0000SA0E,2009-10,199.198
energy,Energy & fuel,CUUR0000SA0E,2009-11,204.026
energy,Energy & fuel,CUUR0000SA0E,2009-12,202.301
energy,Energy & fuel,CUUR0000SA0E,2010-01,208.026
energy,Energy & fuel,CUUR0000SA0E,2010-02,204.455
energy,Energy & fuel,CUUR0000SA0E,2010-03,209.999
energy,Energy & fuel,CUUR0000SA0E,2010-04,212.977
energy,Energy & fuel,CUUR0000SA0E,2010-05,214.363
energy,Energy & fuel,CUUR0000SA0E,2010-06,211.66
energy,Energy & fuel,CUUR0000SA0E,2010-07,212.372
energy,Energy & fuel,CUUR0000SA0E,2010-08,212.663
energy,Energy & fuel,CUUR0000SA0E,2010-09,210.003
energy,Energy & fuel,CUUR0000SA0E,2010-10,210.947
energy,Energy & fuel,CUUR0000SA0E,2010-11,211.97
energy,Energy & fuel,CUUR0000SA0E,2010-12,217.953
energy,Energy & fuel,CUUR0000SA0E,2011-01,223.266
energy,Energy & fuel,CUUR0000SA0E,2011-02,226.86
energy,Energy & fuel,CUUR0000SA0E,2011-03,242.516
energy,Energy & fuel,CUUR0000SA0E,2011-04,253.495
energy,Energy & fuel,CUUR0000SA0E,2011-05,260.376
energy,Energy & fuel,CUUR0000SA0E,2011-06,254.17
energy,Energy & fuel,CUUR0000SA0E,2011-07,252.661
energy,Energy & fuel,CUUR0000SA0E,2011-08,251.706
energy,Energy & fuel,CUUR0000SA0E,2011-09,250.48
energy,Energy & fuel,CUUR0000SA0E,2011-10,240.902
energy,Energy & fuel,CUUR0000SA0E,2011-11,238.177
energy,Energy & fuel,CUUR0000SA0E,2011-12,232.3
energy,Energy & fuel,CUUR0000SA0E,2012-01,236.942
energy,Energy & fuel,CUUR0000SA0E,2012-02,242.663
energy,Energy & fuel,CUUR0000SA0E,2012-03,253.599
energy,Energy & fuel,CUUR0000SA0E,2012-04,255.736
energy,Energy & fuel,CUUR0000SA0E,2012-05,250.306
energy,Energy & fuel,CUUR0000SA0E,2012-06,244.167
energy,Energy & fuel,CUUR0000SA0E,2012-07,239.972
energy,Energy & fuel,CUUR0000SA0E,2012-08,250.306
energy,Energy & fuel,CUUR0000SA0E,2012-09,256.332
energy,Energy & fuel,CUUR0000SA0E,2012-10,250.523
energy,Energy & fuel,CUUR0000SA0E,2012-11,238.946
energy,Energy & fuel,CUUR0000SA0E,2012-12,233.473
energy,Energy & fuel,CUUR0000SA0E,2013-01,234.624
energy,Energy & fuel,CUUR0000SA0E,2013-02,248.146
energy,Energy & fuel,CUUR0000SA0E,2013-03,249.565
energy,Energy & fuel,CUUR0000SA0E,2013-04,244.757
energy,Energy & fuel,CUUR0000SA0E,2013-05,247.805
energy,Energy & fuel,CUUR0000SA0E,2013-06,251.921
energy,Energy & fuel,CUUR0000SA0E,2013-07,251.37
energy,Energy & fuel,CUUR0000SA0E,2013-08,250.011
energy,Energy & fuel,CUUR0000SA0E,2013-09,248.513
energy,Energy & fuel,CUUR0000SA0E,2013-10,238.524
energy,Energy & fuel,CUUR0000SA0E,2013-11,233.136
energy,Energy & fuel,CUUR0000SA0E,2013-12,234.542
energy,Energy & fuel,CUUR0000SA0E,2014-01,239.551
energy,Energy & fuel,CUUR0000SA0E,2014-02,242.041
energy,Energy & fuel,CUUR0000SA0E,2014-03,250.543
energy,Energy & fuel,CUUR0000SA0E,2014-04,252.717
energy,Energy & fuel,CUUR0000SA0E,2014-05,255.982
energy,Energy & fuel,CUUR0000SA0E,2014-06,259.858
energy,Energy & fuel,CUUR0000SA0E,2014-07,257.907
energy,Energy & fuel,CUUR0000SA0E,2014-08,250.951
energy,Energy & fuel,CUUR0000SA0E,2014-09,247.077
energy,Energy & fuel,CUUR0000SA0E,2014-10,234.745
energy,Energy & fuel,CUUR0000SA0E,2014-11,221.844
energy,Energy & fuel,CUUR0000SA0E,2014-12,209.785
energy,Energy & fuel,CUUR0000SA0E,2015-01,192.619
energy,Energy & fuel,CUUR0000SA0E,2015-02,196.597
energy,Energy & fuel,CUUR0000SA0E,2015-03,204.731
energy,Energy & fuel,CUUR0000SA0E,2015-04,203.715
energy,Energy & fuel,CUUR0000SA0E,2015-05,214.33
energy,Energy & fuel,CUUR0000SA0E,2015-06,220.861
energy,Energy & fuel,CUUR0000SA0E,2015-07,219.852
energy,Energy & fuel,CUUR0000SA0E,2015-08,213.248
energy,Energy & fuel,CUUR0000SA0E,2015-09,201.641
energy,Energy & fuel,CUUR0000SA0E,2015-10,194.501
energy,Energy & fuel,CUUR0000SA0E,2015-11,189.267
energy,Energy & fuel,CUUR0000SA0E,2015-12,183.378
energy,Energy & fuel,CUUR0000SA0E,2016-01,180.171
energy,Energy & fuel,CUUR0000SA0E,2016-02,172.061
energy,Energy & fuel,CUUR0000SA0E,2016-03,179.017
energy,Energy & fuel,CUUR0000SA0E,2016-04,185.652
energy,Energy & fuel,CUUR0000SA0E,2016-05,192.673
energy,Energy & fuel,CUUR0000SA0E,2016-06,200.035
energy,Energy & fuel,CUUR0000SA0E,2016-07,195.94
energy,Energy & fuel,CUUR0000SA0E,2016-08,193.524
energy,Energy & fuel,CUUR0000SA0E,2016-09,195.852
energy,Energy & fuel,CUUR0000SA0E,2016-10,194.786
energy,Energy & fuel,CUUR0000SA0E,2016-11,191.402
energy,Energy & fuel,CUUR0000SA0E,2016-12,193.306
energy,Energy & fuel,CUUR0000SA0E,2017-01,199.608
energy,Energy & fuel,CUUR0000SA0E,2017-02,198.195
energy,Energy & fuel,CUUR0000SA0E,2017-03,198.597
energy,Energy & fuel,CUUR0000SA0E,2017-04,202.869
energy,Energy & fuel,CUUR0000SA0E,2017-05,203.132
energy,Energy & fuel,CUUR0000SA0E,2017-06,204.646
energy,Energy & fuel,CUUR0000SA0E,2017-07,202.554
energy,Energy & fuel,CUUR0000SA0E,2017-08,205.894
energy,Energy & fuel,CUUR0000SA0E,2017-09,215.711
energy,Energy & fuel,CUUR0000SA0E,2017-10,207.29
energy,Energy & fuel,CUUR0000SA0E,2017-11,209.383
energy,Energy & fuel,CUUR0000SA0E,2017-12,206.598
energy,Energy & fuel,CUUR0000SA0E,2018-01,210.663
energy,Energy & fuel,CUUR0000SA0E,2018-02,213.519
energy,Energy & fuel,CUUR0000SA0E,2018-03,212.554
energy,Energy & fuel,CUUR0000SA0E,2018-04,218.83
energy,Energy & fuel,CUUR0000SA0E,2018-05,226.81
energy,Energy & fuel,CUUR0000SA0E,2018-06,229.137
energy,Energy & fuel,CUUR0000SA0E,2018-07,227.107
energy,Energy & fuel,CUUR0000SA0E,2018-08,226.939
energy,Energy & fuel,CUUR0000SA0E,2018-09,226.165
energy,Energy & fuel,CUUR0000SA0E,2018-10,225.757
energy,Energy & fuel,CUUR0000SA0E,2018-11,215.91
energy,Energy & fuel,CUUR0000SA0E,2018-12,205.905
energy,Energy & fuel,CUUR0000SA0E,2019-01,200.563
energy,Energy & fuel,CUUR0000SA0E,2019-02,202.74
energy,Energy & fuel,CUUR0000SA0E,2019-03,211.724
energy,Energy & fuel,CUUR0000SA0E,2019-04,222.499
energy,Energy & fuel,CUUR0000SA0E,2019-05,225.773
energy,Energy & fuel,CUUR0000SA0E,2019-06,221.373
energy,Energy & fuel,CUUR0000SA0E,2019-07,222.492
energy,Energy & fuel,CUUR0000SA0E,2019-08,216.978
energy,Energy & fuel,CUUR0000SA0E,2019-09,215.418
energy,Energy & fuel,CUUR0000SA0E,2019-10,216.351
energy,Energy & fuel,CUUR0000SA0E,2019-11,214.636
energy,Energy & fuel,CUUR0000SA0E,2019-12,212.982
energy,Energy & fuel,CUUR0000SA0E,2020-01,213.043
energy,Energy & fuel,CUUR0000SA0E,2020-02,208.354
energy,Energy & fuel,CUUR0000SA0E,2020-03,199.573
energy,Energy & fuel,CUUR0000SA0E,2020-04,183.081
energy,Energy & fuel,CUUR0000SA0E,2020-05,183.076
energy,Energy & fuel,CUUR0000SA0E,2020-06,193.379
energy,Energy & fuel,CUUR0000SA0E,2020-07,197.665
energy,Energy & fuel,CUUR0000SA0E,2020-08,197.362
energy,Energy & fuel,CUUR0000SA0E,2020-09,198.858
energy,Energy & fuel,CUUR0000SA0E,2020-10,196.458
energy,Energy & fuel,CUUR0000SA0E,2020-11,194.388
energy,Energy & fuel,CUUR0000SA0E,2020-12,198.155
energy,Energy & fuel,CUUR0000SA0E,2021-01,205.273
energy,Energy & fuel,CUUR0000SA0E,2021-02,213.277
energy,Energy & fuel,CUUR0000SA0E,2021-03,225.861
energy,Energy & fuel,CUUR0000SA0E,2021-04,229.116
energy,Energy & fuel,CUUR0000SA0E,2021-05,235.339
energy,Energy & fuel,CUUR0000SA0E,2021-06,240.72
energy,Energy & fuel,CUUR0000SA0E,2021-07,244.8
energy,Energy & fuel,CUUR0000SA0E,2021-08,246.639
energy,Energy & fuel,CUUR0000SA0E,2021-09,248.228
energy,Energy & fuel,CUUR0000SA0E,2021-10,255.338
energy,Energy & fuel,CUUR0000SA0E,2021-11,259.1
energy,Energy & fuel,CUUR0000SA0E,2021-12,256.207
energy,Energy & fuel,CUUR0000SA0E,2022-01,260.653
energy,Energy & fuel,CUUR0000SA0E,2022-02,267.771
energy,Energy & fuel,CUUR0000SA0E,2022-03,298.246
energy,Energy & fuel,CUUR0000SA0E,2022-04,298.469
energy,Energy & fuel,CUUR0000SA0E,2022-05,316.761
energy,Energy & fuel,CUUR0000SA0E,2022-06,340.917
energy,Energy & fuel,CUUR0000SA0E,2022-07,325.407
energy,Energy & fuel,CUUR0000SA0E,2022-08,305.372
energy,Energy & fuel,CUUR0000SA0E,2022-09,297.343
energy,Energy & fuel,CUUR0000SA0E,2022-10,300.359
energy,Energy & fuel,CUUR0000SA0E,2022-11,292.953
energy,Energy & fuel,CUUR0000SA0E,2022-12,274.937
energy,Energy & fuel,CUUR0000SA0E,2023-01,283.33
energy,Energy & fuel,CUUR0000SA0E,2023-02,281.673
energy,Energy & fuel,CUUR0000SA0E,2023-03,279.084
energy,Energy & fuel,CUUR0000SA0E,2023-04,283.352
energy,Energy & fuel,CUUR0000SA0E,2023-05,279.816
energy,Energy & fuel,CUUR0000SA0E,2023-06,283.854
energy,Energy & fuel,CUUR0000SA0E,2023-07,284.828
energy,Energy & fuel,CUUR0000SA0E,2023-08,294.328
energy,Energy & fuel,CUUR0000SA0E,2023-09,296.004
energy,Energy & fuel,CUUR0000SA0E,2023-10,286.754
energy,Energy & fuel,CUUR0000SA0E,2023-11,277.029
energy,Energy & fuel,CUUR0000SA0E,2023-12,269.375
energy,Energy & fuel,CUUR0000SA0E,2024-01,270.42
energy,Energy & fuel,CUUR0000SA0E,2024-02,276.331
energy,Energy & fuel,CUUR0000SA0E,2024-03,285.002
energy,Energy & fuel,CUUR0000SA0E,2024-04,290.76
energy,Energy & fuel,CUUR0000SA0E,2024-05,290.139
energy,Energy & fuel,CUUR0000SA0E,2024-06,286.675
energy,Energy & fuel,CUUR0000SA0E,2024-07,287.868
energy,Energy & fuel,CUUR0000SA0E,2024-08,282.614
energy,Energy & fuel,CUUR0000SA0E,2024-09,275.74
energy,Energy & fuel,CUUR0000SA0E,2024-10,272.807
energy,Energy & fuel,CUUR0000SA0E,2024-11,268.213
energy,Energy & fuel,CUUR0000SA0E,2024-12,267.963
energy,Energy & fuel,CUUR0000SA0E,2025-01,273.045
energy,Energy & fuel,CUUR0000SA0E,2025-02,275.867
energy,Energy & fuel,CUUR0000SA0E,2025-03,275.734
energy,Energy & fuel,CUUR0000SA0E,2025-04,279.888
energy,Energy & fuel,CUUR0000SA0E,2025-05,280.097
energy,Energy & fuel,CUUR0000SA0E,2025-06,284.307
energy,Energy & fuel,CUUR0000SA0E,2025-07,283.395
energy,Energy & fuel,CUUR0000SA0E,2025-08,283.247
energy,Energy & fuel,CUUR0000SA0E,2025-09,283.589
energy,Energy & fuel,CUUR0000SA0E,2025-11,279.588
energy,Energy & fuel,CUUR0000SA0E,2025-12,274.131
energy,Energy & fuel,CUUR0000SA0E,2026-01,272.668
energy,Energy & fuel,CUUR0000SA0E,2026-02,277.179
energy,Energy & fuel,CUUR0000SA0E,2026-03,310.28
energy,Energy & fuel,CUUR0000SA0E,2026-04,329.907
energy,Energy & fuel,CUUR0000SA0E,2026-05,346.042
energy,Energy & fuel,CUUR0000SA0E,2026-06,328.95
energy,Energy & fuel,CUUR0000SA0E,2026-07,325.15
